ticket_id,config_identifier,router_family,base_model_key,escalation_model_key,memory_mode,ticket_text,gold_label,predicted_category,generated_predicted_category,final_answer,resolution_steps,reasoning,escalated,escalation_flags,parse_error,validation_error,generation_valid,usable_output,raw_response_saved,total_tokens,cost_usd,latency_ms,deterministic_gold_score,manual_quality_score,manual_category_understanding,manual_answer_actionable,manual_answer_complete,manual_resolution_steps_correct,manual_escalation_appropriate,manual_policy_grounded,manual_reviewer_notes,anonymous_system_id,gold_resolution_summary,gold_resolution_steps,gold_acceptance_criteria,gold_review_status,sample_source
17,llm_only__base_llm1__mem_rag_bm25,llm_only,llm1,,rag_bm25,new purchase po purchase po dear purchased received items lite updated include device under user name link please add allocation device thanks please log retrieve old device after receive item please take consideration mandatory receipts section order receive item ordered how video link please make return old device back accessories left receive receive old device take off user name kind regards administrator,Purchase,Purchase,Hardware,"To update the purchase order, log the retrieval of the old device, and ensure the old device is returned with all accessories, follow these steps: 1. Update the purchase order to include the new device under the user's name. 2. Log the retrieval of the old device after receiving the new item. 3. Ensure the old device is returned with all accessories. 4. Remove the old device from the user's name. 5. Confirm the mandatory receipts section is updated with the new device details.","[""Update the purchase order to include the new device under the user's name."", ""Log the retrieval of the old device after receiving the new item."", ""Ensure the old device is returned with all accessories."", ""Remove the old device from the user's name."", ""Confirm the mandatory receipts section is updated with the new device details.""]","The request involves updating a purchase order, logging device retrieval, and ensuring the return of an old device with accessories, which falls under the hardware replacement process.",False,"{""needs_human"": false, ""needs_llm_escalation"": false, ""policy_gap"": false, ""reasons"": []}",,,True,True,True,1289,0.007733999999999,8277.231425978243,0.6401506517931654,7,2,2,1,1,2,1,Acceptable scoring across all dimensions.,System D,Purchase order and device allocation process,"[""Verify requester has access to procurement system."", ""Check PO status (draft, awaiting approval, approved, closed)."", ""Ensure correct cost centre, GL code, and vendor are selected."", ""Guide user through fixing validation errors and resubmitting."", ""Confirm PO approval and share PO number with requester."", ""Raise a request or purchase order according to IT Equipment Procurement Policy."", ""Assign replacement device and ensure asset tag is updated and linked to the user.""]","[""PO is approved and PO number is shared with requester."", ""Replacement device is assigned and asset tag is updated and linked to the user.""]",auto_approved,RouterGym\results\analysis_outputs\gold_resolution_eval\gold_matched_production_outputs.jsonl
17,llm_only__base_llm2__mem_rag_bm25,llm_only,llm2,,rag_bm25,new purchase po purchase po dear purchased received items lite updated include device under user name link please add allocation device thanks please log retrieve old device after receive item please take consideration mandatory receipts section order receive item ordered how video link please make return old device back accessories left receive receive old device take off user name kind regards administrator,Purchase,Purchase,Purchase,Allocate a new device to the user and ensure the old device is returned with all accessories. Follow the hardware replacement process for proper asset management.,"[""Verify access to procurement system."", ""Raise a purchase order for the new device."", ""Assign the new device to the user."", ""Collect and return the old device with accessories."", ""Update asset records.""]","The request involves both purchasing a new device and returning the old one, aligning with the hardware replacement process.",False,"{""needs_human"": false, ""needs_llm_escalation"": false, ""policy_gap"": false, ""reasons"": []}",,,True,True,True,1086,0.003258,4564.984245924279,0.682671460483096,4,0,1,1,1,2,1,Low category alignment.,System B,Purchase order and device allocation process,"[""Verify requester has access to procurement system."", ""Check PO status (draft, awaiting approval, approved, closed)."", ""Ensure correct cost centre, GL code, and vendor are selected."", ""Guide user through fixing validation errors and resubmitting."", ""Confirm PO approval and share PO number with requester."", ""Raise a request or purchase order according to IT Equipment Procurement Policy."", ""Assign replacement device and ensure asset tag is updated and linked to the user.""]","[""PO is approved and PO number is shared with requester."", ""Replacement device is assigned and asset tag is updated and linked to the user.""]",auto_approved,RouterGym\results\analysis_outputs\gold_resolution_eval\gold_matched_production_outputs.jsonl
17,slm_dominant__base_slm1__esc_llm2__mem_rag_bm25,slm_dominant,slm1,llm2,rag_bm25,new purchase po purchase po dear purchased received items lite updated include device under user name link please add allocation device thanks please log retrieve old device after receive item please take consideration mandatory receipts section order receive item ordered how video link please make return old device back accessories left receive receive old device take off user name kind regards administrator,Purchase,Purchase,Purchase,We will create a new purchase order for the requested IT items and initiate the hardware replacement process. Please allow some time for the order to be processed and the replacement device to be allocated.,"[""Create a new purchase order for the requested IT items."", ""Check the status of the purchase order and address any validation errors."", ""Confirm the hardware replacement is justified and check warranty status."", ""Assign a replacement device and update the asset system."", ""Migrate user data from the old device to the new one.""]","The request involves both a new purchase order and hardware replacement, which are covered by separate internal policies.",False,"{""needs_human"": false, ""needs_llm_escalation"": false, ""policy_gap"": false, ""reasons"": []}",,,True,True,True,1389,0.0006945,1857.7223331667483,0.6831851548509836,5,2,1,1,1,2,1,Acceptable scoring across all dimensions.,System C,Purchase order and device allocation process,"[""Verify requester has access to procurement system."", ""Check PO status (draft, awaiting approval, approved, closed)."", ""Ensure correct cost centre, GL code, and vendor are selected."", ""Guide user through fixing validation errors and resubmitting."", ""Confirm PO approval and share PO number with requester."", ""Raise a request or purchase order according to IT Equipment Procurement Policy."", ""Assign replacement device and ensure asset tag is updated and linked to the user.""]","[""PO is approved and PO number is shared with requester."", ""Replacement device is assigned and asset tag is updated and linked to the user.""]",auto_approved,RouterGym\results\analysis_outputs\gold_resolution_eval\gold_matched_production_outputs.jsonl
17,slm_dominant__base_slm2__esc_llm2__mem_rag_bm25,slm_dominant,slm2,llm2,rag_bm25,new purchase po purchase po dear purchased received items lite updated include device under user name link please add allocation device thanks please log retrieve old device after receive item please take consideration mandatory receipts section order receive item ordered how video link please make return old device back accessories left receive receive old device take off user name kind regards administrator,Purchase,Purchase,Hardware,The ticket involves hardware replacement and device allocation. Follow the hardware replacement process to ensure proper handling of old and new devices.,"[""Confirm old device can be returned."", ""Raise PO for new device."", ""Assign new device to user."", ""Migrate data from old to new device.""]","The request pertains to adding a new device and returning an old one, aligning with hardware replacement procedures.",False,"{""needs_human"": false, ""needs_llm_escalation"": false, ""policy_gap"": false, ""reasons"": []}",,,True,True,True,1079,0.0007553000000000001,1259.76955704391,0.6295648139485531,3,0,1,1,0,2,1,Low category alignment.; Low alignment with gold resolution steps.,System E,Purchase order and device allocation process,"[""Verify requester has access to procurement system."", ""Check PO status (draft, awaiting approval, approved, closed)."", ""Ensure correct cost centre, GL code, and vendor are selected."", ""Guide user through fixing validation errors and resubmitting."", ""Confirm PO approval and share PO number with requester."", ""Raise a request or purchase order according to IT Equipment Procurement Policy."", ""Assign replacement device and ensure asset tag is updated and linked to the user.""]","[""PO is approved and PO number is shared with requester."", ""Replacement device is assigned and asset tag is updated and linked to the user.""]",auto_approved,RouterGym\results\analysis_outputs\gold_resolution_eval\gold_matched_production_outputs.jsonl
17,slm_only__base_slm1__mem_rag_bm25,slm_only,slm1,,rag_bm25,new purchase po purchase po dear purchased received items lite updated include device under user name link please add allocation device thanks please log retrieve old device after receive item please take consideration mandatory receipts section order receive item ordered how video link please make return old device back accessories left receive receive old device take off user name kind regards administrator,Purchase,Purchase,Purchase,We will create a new purchase order for the requested IT items and initiate the hardware replacement process. Please allow some time for the order to be processed and the replacement device to be allocated.,"[""Create a new purchase order for the requested IT items."", ""Check the status of the purchase order and address any validation errors."", ""Confirm the purchase order approval and share the PO number with you."", ""Initiate the hardware replacement process for the damaged device."", ""Assign a replacement device and ensure asset tag is updated and linked to your user account.""]","The request involves both a new purchase order and hardware replacement, which are covered by separate internal policies.",False,"{""needs_human"": false, ""needs_llm_escalation"": false, ""policy_gap"": false, ""reasons"": []}",,,True,True,True,1395,0.0006975,3955.372537020594,0.7434117043730476,6,2,1,1,2,2,1,Acceptable scoring across all dimensions.,System A,Purchase order and device allocation process,"[""Verify requester has access to procurement system."", ""Check PO status (draft, awaiting approval, approved, closed)."", ""Ensure correct cost centre, GL code, and vendor are selected."", ""Guide user through fixing validation errors and resubmitting."", ""Confirm PO approval and share PO number with requester."", ""Raise a request or purchase order according to IT Equipment Procurement Policy."", ""Assign replacement device and ensure asset tag is updated and linked to the user.""]","[""PO is approved and PO number is shared with requester."", ""Replacement device is assigned and asset tag is updated and linked to the user.""]",auto_approved,RouterGym\results\analysis_outputs\gold_resolution_eval\gold_matched_production_outputs.jsonl
17,slm_only__base_slm2__mem_rag_bm25,slm_only,slm2,,rag_bm25,new purchase po purchase po dear purchased received items lite updated include device under user name link please add allocation device thanks please log retrieve old device after receive item please take consideration mandatory receipts section order receive item ordered how video link please make return old device back accessories left receive receive old device take off user name kind regards administrator,Purchase,Purchase,Hardware,The ticket involves hardware replacement and device allocation. Follow the hardware replacement process to ensure proper handling of old and new devices.,"[""Confirm old device can be returned."", ""Raise PO for new device."", ""Assign new device to user."", ""Migrate data from old to new device.""]","The request includes adding a new device and returning an old one, which aligns with the hardware replacement process.",False,"{""needs_human"": false, ""needs_llm_escalation"": false, ""policy_gap"": false, ""reasons"": []}",,,True,True,True,1079,0.0007553000000000001,3307.238494977355,0.6295648139485531,3,0,1,1,0,2,1,Low category alignment.; Low alignment with gold resolution steps.,System F,Purchase order and device allocation process,"[""Verify requester has access to procurement system."", ""Check PO status (draft, awaiting approval, approved, closed)."", ""Ensure correct cost centre, GL code, and vendor are selected."", ""Guide user through fixing validation errors and resubmitting."", ""Confirm PO approval and share PO number with requester."", ""Raise a request or purchase order according to IT Equipment Procurement Policy."", ""Assign replacement device and ensure asset tag is updated and linked to the user.""]","[""PO is approved and PO number is shared with requester."", ""Replacement device is assigned and asset tag is updated and linked to the user.""]",auto_approved,RouterGym\results\analysis_outputs\gold_resolution_eval\gold_matched_production_outputs.jsonl
194,llm_only__base_llm1__mem_rag_bm25,llm_only,llm1,,rag_bm25,access to folder folder hello folder please libraries view thank head creative,Storage,Storage,Storage,"To grant access to the 'hello folder' in the libraries, verify the user's permissions and ensure they can access the Microsoft 365 portal. Check the OneDrive sync client status and resolve any sync conflicts. If issues persist, test web access versus synced folder to isolate the problem.","[""Confirm the user can access the Microsoft 365/SSO portal."", ""Check OneDrive sync client status; re-sign in or reset if necessary."", ""Verify SharePoint permissions on the 'hello folder'."", ""Resolve any sync conflicts by renaming or consolidating files.""]","The request involves accessing a specific folder in shared libraries, which falls under storage issues. The KB references provided cover troubleshooting for OneDrive and SharePoint, as well as file permissions management.",False,"{""needs_human"": false, ""needs_llm_escalation"": false, ""policy_gap"": false, ""reasons"": []}",,,True,True,True,1046,0.0062759999999999995,6718.239794950932,0.7281626657694868,7,2,1,1,2,2,2,Acceptable scoring across all dimensions.,System D,Resolve access issue to folder 'hello' in Creative Libraries,"[""1. Confirm user can access Microsoft 365/SSO portal."", ""2. Verify SharePoint permissions on the affected library or folder 'hello'."", ""3. Check OneDrive sync client status; re-sign in or reset if necessary."", ""4. Test web access vs synced folder to isolate client vs service issues."", ""5. Review current ACLs or permission groups for 'hello' folder."", ""6. Apply least-privilege changes to ensure proper access rights."", ""7. Ensure inheritance settings are correct to avoid breaking other folders."", ""8. Ask user to re-test access from their normal workstation.""]","[""User can access folder 'hello' in Creative Libraries without issues."", ""Permissions on 'hello' folder are correctly set according to the least privilege principle.""]",auto_approved,RouterGym\results\analysis_outputs\gold_resolution_eval\gold_matched_production_outputs.jsonl
194,llm_only__base_llm2__mem_rag_bm25,llm_only,llm2,,rag_bm25,access to folder folder hello folder please libraries view thank head creative,Storage,Storage,Storage,"To resolve the issue, confirm the user's access to the Microsoft 365/SSO portal, verify their permissions on the folder, and ensure the OneDrive sync client is functioning correctly. If problems persist, consider testing web access.","[""Confirm user access to Microsoft 365/SSO portal."", ""Verify OneDrive sync client status."", ""Check and adjust SharePoint permissions."", ""Test web access to isolate client issues.""]","The request pertains to accessing a restricted folder, which aligns with storage-related issues involving permissions and access.",False,"{""needs_human"": false, ""needs_llm_escalation"": false, ""policy_gap"": false, ""reasons"": []}",,,True,True,True,935,0.0028049999999999998,4187.621243065223,0.6970244389277983,6,2,1,1,2,2,1,Acceptable scoring across all dimensions.,System B,Resolve access issue to folder 'hello' in Creative Libraries,"[""1. Confirm user can access Microsoft 365/SSO portal."", ""2. Verify SharePoint permissions on the affected library or folder 'hello'."", ""3. Check OneDrive sync client status; re-sign in or reset if necessary."", ""4. Test web access vs synced folder to isolate client vs service issues."", ""5. Review current ACLs or permission groups for 'hello' folder."", ""6. Apply least-privilege changes to ensure proper access rights."", ""7. Ensure inheritance settings are correct to avoid breaking other folders."", ""8. Ask user to re-test access from their normal workstation.""]","[""User can access folder 'hello' in Creative Libraries without issues."", ""Permissions on 'hello' folder are correctly set according to the least privilege principle.""]",auto_approved,RouterGym\results\analysis_outputs\gold_resolution_eval\gold_matched_production_outputs.jsonl
194,slm_dominant__base_slm1__esc_llm2__mem_rag_bm25,slm_dominant,slm1,llm2,rag_bm25,access to folder folder hello folder please libraries view thank head creative,Storage,Storage,Storage,"To access the 'hello folder' in the libraries view, please verify your permissions on the affected library or folder. If necessary, adjust permissions to grant access.","[""Confirm your current permissions on the affected library or folder"", ""Review and adjust permissions as needed to grant access"", ""Test access from your normal workstation""]","The request pertains to accessing a specific folder within a library, which suggests a storage issue related to file permissions.",False,"{""needs_human"": false, ""needs_llm_escalation"": false, ""policy_gap"": false, ""reasons"": []}",,,True,True,True,1164,0.0005819999999999999,1655.1861111074686,0.680361752902029,6,2,1,2,1,2,1,Acceptable scoring across all dimensions.,System C,Resolve access issue to folder 'hello' in Creative Libraries,"[""1. Confirm user can access Microsoft 365/SSO portal."", ""2. Verify SharePoint permissions on the affected library or folder 'hello'."", ""3. Check OneDrive sync client status; re-sign in or reset if necessary."", ""4. Test web access vs synced folder to isolate client vs service issues."", ""5. Review current ACLs or permission groups for 'hello' folder."", ""6. Apply least-privilege changes to ensure proper access rights."", ""7. Ensure inheritance settings are correct to avoid breaking other folders."", ""8. Ask user to re-test access from their normal workstation.""]","[""User can access folder 'hello' in Creative Libraries without issues."", ""Permissions on 'hello' folder are correctly set according to the least privilege principle.""]",auto_approved,RouterGym\results\analysis_outputs\gold_resolution_eval\gold_matched_production_outputs.jsonl
194,slm_dominant__base_slm2__esc_llm2__mem_rag_bm25,slm_dominant,slm2,llm2,rag_bm25,access to folder folder hello folder please libraries view thank head creative,Storage,Storage,Storage,Access issues may stem from permission problems or sync errors. Verify user permissions and check OneDrive status.,"[""Confirm user can access Microsoft 365/SSO portal."", ""Check OneDrive sync client status; re-sign in or reset if necessary.""]","The ticket mentions access to a folder, which aligns with storage and file permissions management issues.",False,"{""needs_human"": false, ""needs_llm_escalation"": false, ""policy_gap"": false, ""reasons"": []}",,,True,True,True,896,0.0006272000000000001,1210.6960299424827,0.6946628393807909,5,2,1,0,2,2,1,Misses key requirements from gold summary/criteria.,System E,Resolve access issue to folder 'hello' in Creative Libraries,"[""1. Confirm user can access Microsoft 365/SSO portal."", ""2. Verify SharePoint permissions on the affected library or folder 'hello'."", ""3. Check OneDrive sync client status; re-sign in or reset if necessary."", ""4. Test web access vs synced folder to isolate client vs service issues."", ""5. Review current ACLs or permission groups for 'hello' folder."", ""6. Apply least-privilege changes to ensure proper access rights."", ""7. Ensure inheritance settings are correct to avoid breaking other folders."", ""8. Ask user to re-test access from their normal workstation.""]","[""User can access folder 'hello' in Creative Libraries without issues."", ""Permissions on 'hello' folder are correctly set according to the least privilege principle.""]",auto_approved,RouterGym\results\analysis_outputs\gold_resolution_eval\gold_matched_production_outputs.jsonl
194,slm_only__base_slm1__mem_rag_bm25,slm_only,slm1,,rag_bm25,access to folder folder hello folder please libraries view thank head creative,Storage,Storage,Storage,"To access the 'hello folder' in the libraries view, please verify your permissions on the affected library or folder. If necessary, adjust permissions to grant access.","[""Confirm your current permissions on the affected library or folder"", ""Review and adjust permissions as needed to grant access"", ""Test access from your normal workstation""]","The request pertains to accessing a specific folder within a library, which suggests a storage issue related to file permissions.",False,"{""needs_human"": false, ""needs_llm_escalation"": false, ""policy_gap"": false, ""reasons"": []}",,,True,True,True,1164,0.0005819999999999999,3448.292088927701,0.680361752902029,6,2,1,2,1,2,1,Acceptable scoring across all dimensions.,System A,Resolve access issue to folder 'hello' in Creative Libraries,"[""1. Confirm user can access Microsoft 365/SSO portal."", ""2. Verify SharePoint permissions on the affected library or folder 'hello'."", ""3. Check OneDrive sync client status; re-sign in or reset if necessary."", ""4. Test web access vs synced folder to isolate client vs service issues."", ""5. Review current ACLs or permission groups for 'hello' folder."", ""6. Apply least-privilege changes to ensure proper access rights."", ""7. Ensure inheritance settings are correct to avoid breaking other folders."", ""8. Ask user to re-test access from their normal workstation.""]","[""User can access folder 'hello' in Creative Libraries without issues."", ""Permissions on 'hello' folder are correctly set according to the least privilege principle.""]",auto_approved,RouterGym\results\analysis_outputs\gold_resolution_eval\gold_matched_production_outputs.jsonl
194,slm_only__base_slm2__mem_rag_bm25,slm_only,slm2,,rag_bm25,access to folder folder hello folder please libraries view thank head creative,Storage,Storage,Storage,Access issues may stem from permission problems or sync errors. Verify user permissions and check OneDrive status.,"[""Confirm user can access Microsoft 365/SSO portal."", ""Check OneDrive sync client status; re-sign in or reset if necessary.""]","The ticket mentions access to a folder, which aligns with storage and file permissions management issues.",False,"{""needs_human"": false, ""needs_llm_escalation"": false, ""policy_gap"": false, ""reasons"": []}",,,True,True,True,896,0.0006272000000000001,2913.607930066064,0.6946628393807909,5,2,1,0,2,2,1,Misses key requirements from gold summary/criteria.,System F,Resolve access issue to folder 'hello' in Creative Libraries,"[""1. Confirm user can access Microsoft 365/SSO portal."", ""2. Verify SharePoint permissions on the affected library or folder 'hello'."", ""3. Check OneDrive sync client status; re-sign in or reset if necessary."", ""4. Test web access vs synced folder to isolate client vs service issues."", ""5. Review current ACLs or permission groups for 'hello' folder."", ""6. Apply least-privilege changes to ensure proper access rights."", ""7. Ensure inheritance settings are correct to avoid breaking other folders."", ""8. Ask user to re-test access from their normal workstation.""]","[""User can access folder 'hello' in Creative Libraries without issues."", ""Permissions on 'hello' folder are correctly set according to the least privilege principle.""]",auto_approved,RouterGym\results\analysis_outputs\gold_resolution_eval\gold_matched_production_outputs.jsonl
525,llm_only__base_llm1__mem_rag_bm25,llm_only,llm1,,rag_bm25,electricity tests for electricity tests hi building facility perform electricity test backup which conducted please log present during activity issues arise let assist weekend ahead best regards engineer ext information confidential legally privileged intended solely addressee opinions expressed mine necessarily represent opinions susceptible interference intended recipient disclosure copying action taken omitted taken reliance strictly prohibited unlawful received error attachments please notify delete accepts responsibility information errors omissions misuse act committed omitted communication doubt please verify authenticity contents please rely own virus checkers responsibility taken by damage rising out virus infection registered under number whose registered old broad street kingdom provide clients each subsidiaries separate entity has liability entity acts omissions,Hardware,Hardware,Hardware,"Please log the request and ensure the engineer is present during the electricity test. If any issues arise, assist accordingly. Verify the authenticity of the request and ensure all communications are secure.","[""Log the request and confirm the engineer's presence during the electricity test."", ""Assist with any issues that arise during the test."", ""Verify the authenticity of the request and ensure secure communication."", ""Document the activity and any actions taken for future reference.""]","The request involves technical support for an electricity test in a building facility, requiring immediate action and verification of the request's authenticity.",False,"{""needs_human"": false, ""needs_llm_escalation"": false, ""policy_gap"": false, ""reasons"": []}",,,True,True,True,1292,0.007751999999999001,6110.401219921187,0.711115854978487,4,0,1,1,1,2,1,Low category alignment.,System D,Electricity test backup and facility performance,"[""Schedule and conduct comprehensive electricity tests in the building facility"", ""Ensure the backup of all electricity test data is performed securely"", ""Log detailed results and observations during the testing activity"", ""Address any technical issues that arise promptly during the test"", ""Provide on-call assistance over the weekend if critical issues occur"", ""Review and verify the authenticity of the test results before dissemination"", ""Implement virus checks on digital test data to prevent malware infection""]","[""Electricity tests are successfully conducted without safety incidents"", ""All test results are accurately logged, backed up, and free from errors"", ""Any issues identified during testing are resolved within agreed SLAs""]",auto_approved,RouterGym\results\analysis_outputs\gold_resolution_eval\gold_matched_production_outputs.jsonl
525,llm_only__base_llm2__mem_rag_bm25,llm_only,llm2,,rag_bm25,electricity tests for electricity tests hi building facility perform electricity test backup which conducted please log present during activity issues arise let assist weekend ahead best regards engineer ext information confidential legally privileged intended solely addressee opinions expressed mine necessarily represent opinions susceptible interference intended recipient disclosure copying action taken omitted taken reliance strictly prohibited unlawful received error attachments please notify delete accepts responsibility information errors omissions misuse act committed omitted communication doubt please verify authenticity contents please rely own virus checkers responsibility taken by damage rising out virus infection registered under number whose registered old broad street kingdom provide clients each subsidiaries separate entity has liability entity acts omissions,Hardware,Hardware,Hardware,The request is to conduct electricity tests on building facilities over the weekend. The engineer will be present to assist with any issues that may arise and ensure proper logging of the tests.,"[""Schedule electricity tests for the weekend."", ""Ensure an engineer is present during the tests."", ""Log all activities and issues encountered."", ""Assist with any problems that arise during testing.""]",The ticket pertains to scheduling and conducting electricity tests within a building's facilities. It does not involve HR data privacy or access management but rather maintenance activities.,False,"{""needs_human"": false, ""needs_llm_escalation"": false, ""policy_gap"": false, ""reasons"": []}",,,True,True,True,1206,0.0036179999999999997,4170.21199897863,0.6671881659914085,3,0,1,0,1,2,1,Low category alignment.; Misses key requirements from gold summary/criteria.,System B,Electricity test backup and facility performance,"[""Schedule and conduct comprehensive electricity tests in the building facility"", ""Ensure the backup of all electricity test data is performed securely"", ""Log detailed results and observations during the testing activity"", ""Address any technical issues that arise promptly during the test"", ""Provide on-call assistance over the weekend if critical issues occur"", ""Review and verify the authenticity of the test results before dissemination"", ""Implement virus checks on digital test data to prevent malware infection""]","[""Electricity tests are successfully conducted without safety incidents"", ""All test results are accurately logged, backed up, and free from errors"", ""Any issues identified during testing are resolved within agreed SLAs""]",auto_approved,RouterGym\results\analysis_outputs\gold_resolution_eval\gold_matched_production_outputs.jsonl
525,slm_dominant__base_slm1__esc_llm2__mem_rag_bm25,slm_dominant,slm1,llm2,rag_bm25,electricity tests for electricity tests hi building facility perform electricity test backup which conducted please log present during activity issues arise let assist weekend ahead best regards engineer ext information confidential legally privileged intended solely addressee opinions expressed mine necessarily represent opinions susceptible interference intended recipient disclosure copying action taken omitted taken reliance strictly prohibited unlawful received error attachments please notify delete accepts responsibility information errors omissions misuse act committed omitted communication doubt please verify authenticity contents please rely own virus checkers responsibility taken by damage rising out virus infection registered under number whose registered old broad street kingdom provide clients each subsidiaries separate entity has liability entity acts omissions,Hardware,Hardware,Hardware,The request is to conduct electricity tests on building facilities over the weekend. The engineer will perform the tests and log any issues found. Assistance will be provided if any problems arise.,"[""Schedule electricity tests for the weekend."", ""Perform tests and document findings."", ""Provide assistance if issues occur."", ""Log all activities and findings.""]",The ticket pertains to performing scheduled electrical safety checks in a building's infrastructure. It does not involve HR data privacy or access management.,True,"{""needs_human"": false, ""needs_llm_escalation"": true, ""policy_gap"": false, ""reasons"": [""long_ticket""]}",,,True,True,True,2704,0.004337000000000001,3624.816677067429,0.662446781912586,3,0,1,1,1,1,1,Low category alignment.; Unnecessary escalation flagged.,System C,Electricity test backup and facility performance,"[""Schedule and conduct comprehensive electricity tests in the building facility"", ""Ensure the backup of all electricity test data is performed securely"", ""Log detailed results and observations during the testing activity"", ""Address any technical issues that arise promptly during the test"", ""Provide on-call assistance over the weekend if critical issues occur"", ""Review and verify the authenticity of the test results before dissemination"", ""Implement virus checks on digital test data to prevent malware infection""]","[""Electricity tests are successfully conducted without safety incidents"", ""All test results are accurately logged, backed up, and free from errors"", ""Any issues identified during testing are resolved within agreed SLAs""]",auto_approved,RouterGym\results\analysis_outputs\gold_resolution_eval\gold_matched_production_outputs.jsonl
525,slm_dominant__base_slm2__esc_llm2__mem_rag_bm25,slm_dominant,slm2,llm2,rag_bm25,electricity tests for electricity tests hi building facility perform electricity test backup which conducted please log present during activity issues arise let assist weekend ahead best regards engineer ext information confidential legally privileged intended solely addressee opinions expressed mine necessarily represent opinions susceptible interference intended recipient disclosure copying action taken omitted taken reliance strictly prohibited unlawful received error attachments please notify delete accepts responsibility information errors omissions misuse act committed omitted communication doubt please verify authenticity contents please rely own virus checkers responsibility taken by damage rising out virus infection registered under number whose registered old broad street kingdom provide clients each subsidiaries separate entity has liability entity acts omissions,Hardware,Hardware,Hardware,The request is to conduct electricity tests on building facilities over the weekend. The engineer will be present to assist with any issues that may arise and ensure proper logging of the tests.,"[""Schedule electricity tests for the weekend."", ""Ensure an engineer is present during the tests."", ""Log all activities and issues encountered."", ""Assist with any problems that arise during testing.""]",The ticket pertains to scheduling and conducting electricity tests within a building's facilities. It does not involve HR data privacy or access management but rather maintenance activities.,True,"{""needs_human"": false, ""needs_llm_escalation"": true, ""policy_gap"": false, ""reasons"": [""long_ticket""]}",,,True,True,True,2402,0.0044551999999999994,3114.6965250372887,0.6671881659914085,3,0,1,0,1,1,1,Low category alignment.; Misses key requirements from gold summary/criteria.; Unnecessary escalation flagged.,System E,Electricity test backup and facility performance,"[""Schedule and conduct comprehensive electricity tests in the building facility"", ""Ensure the backup of all electricity test data is performed securely"", ""Log detailed results and observations during the testing activity"", ""Address any technical issues that arise promptly during the test"", ""Provide on-call assistance over the weekend if critical issues occur"", ""Review and verify the authenticity of the test results before dissemination"", ""Implement virus checks on digital test data to prevent malware infection""]","[""Electricity tests are successfully conducted without safety incidents"", ""All test results are accurately logged, backed up, and free from errors"", ""Any issues identified during testing are resolved within agreed SLAs""]",auto_approved,RouterGym\results\analysis_outputs\gold_resolution_eval\gold_matched_production_outputs.jsonl
525,slm_only__base_slm1__mem_rag_bm25,slm_only,slm1,,rag_bm25,electricity tests for electricity tests hi building facility perform electricity test backup which conducted please log present during activity issues arise let assist weekend ahead best regards engineer ext information confidential legally privileged intended solely addressee opinions expressed mine necessarily represent opinions susceptible interference intended recipient disclosure copying action taken omitted taken reliance strictly prohibited unlawful received error attachments please notify delete accepts responsibility information errors omissions misuse act committed omitted communication doubt please verify authenticity contents please rely own virus checkers responsibility taken by damage rising out virus infection registered under number whose registered old broad street kingdom provide clients each subsidiaries separate entity has liability entity acts omissions,Hardware,Hardware,Hardware,"To perform electricity tests and backup at the building facility, follow these steps: 1. Log present during the activity. 2. Perform the electricity tests. 3. Conduct the backup. 4. Document any issues that arise. 5. If needed, seek assistance over the weekend. Please ensure confidentiality and legal privileges of the information.","[""Log present during the activity"", ""Perform the electricity tests"", ""Conduct the backup"", ""Document any issues that arise"", ""Seek assistance over the weekend if needed""]",The request is for conducting electricity tests and backup at a building facility. The steps provided are standard for such activities.,False,"{""needs_human"": false, ""needs_llm_escalation"": false, ""policy_gap"": false, ""reasons"": []}",,,True,True,True,1510,0.0007549999999999999,3652.8459428809583,0.6847945088383256,6,0,2,1,2,2,1,Low category alignment.,System A,Electricity test backup and facility performance,"[""Schedule and conduct comprehensive electricity tests in the building facility"", ""Ensure the backup of all electricity test data is performed securely"", ""Log detailed results and observations during the testing activity"", ""Address any technical issues that arise promptly during the test"", ""Provide on-call assistance over the weekend if critical issues occur"", ""Review and verify the authenticity of the test results before dissemination"", ""Implement virus checks on digital test data to prevent malware infection""]","[""Electricity tests are successfully conducted without safety incidents"", ""All test results are accurately logged, backed up, and free from errors"", ""Any issues identified during testing are resolved within agreed SLAs""]",auto_approved,RouterGym\results\analysis_outputs\gold_resolution_eval\gold_matched_production_outputs.jsonl
525,slm_only__base_slm2__mem_rag_bm25,slm_only,slm2,,rag_bm25,electricity tests for electricity tests hi building facility perform electricity test backup which conducted please log present during activity issues arise let assist weekend ahead best regards engineer ext information confidential legally privileged intended solely addressee opinions expressed mine necessarily represent opinions susceptible interference intended recipient disclosure copying action taken omitted taken reliance strictly prohibited unlawful received error attachments please notify delete accepts responsibility information errors omissions misuse act committed omitted communication doubt please verify authenticity contents please rely own virus checkers responsibility taken by damage rising out virus infection registered under number whose registered old broad street kingdom provide clients each subsidiaries separate entity has liability entity acts omissions,Hardware,Hardware,Access,Log presence during the scheduled electricity test backup on the weekend as requested.,"[""Verify identity and authorization."", ""Confirm attendance at the test."", ""Document presence in the system."", ""Notify engineer of completion.""]",The request is clear and relates to logging presence for a specific task.,False,"{""needs_human"": false, ""needs_llm_escalation"": false, ""policy_gap"": false, ""reasons"": []}",,,True,True,True,1196,0.0008371999999990001,3355.6646471843123,0.6361328004741316,3,0,1,1,1,2,1,Low category alignment.; Very short answer.,System F,Electricity test backup and facility performance,"[""Schedule and conduct comprehensive electricity tests in the building facility"", ""Ensure the backup of all electricity test data is performed securely"", ""Log detailed results and observations during the testing activity"", ""Address any technical issues that arise promptly during the test"", ""Provide on-call assistance over the weekend if critical issues occur"", ""Review and verify the authenticity of the test results before dissemination"", ""Implement virus checks on digital test data to prevent malware infection""]","[""Electricity tests are successfully conducted without safety incidents"", ""All test results are accurately logged, backed up, and free from errors"", ""Any issues identified during testing are resolved within agreed SLAs""]",auto_approved,RouterGym\results\analysis_outputs\gold_resolution_eval\gold_matched_production_outputs.jsonl
538,llm_only__base_llm1__mem_rag_bm25,llm_only,llm1,,rag_bm25,wants to access people operations wants please accept decline requests,Storage,Storage,Access,"To grant access to people operations and manage accept/decline requests, verify the requester's identity and approval, identify the specific system and role, check for existing access, apply the necessary changes, and confirm the access works.","[""Verify requester identity and approval from manager or system owner."", ""Identify the exact system and role level required for people operations."", ""Check for existing access to avoid duplicates."", ""Apply changes via IAM tool or application admin console."", ""Confirm access works for key actions and update the ticket with groups/roles applied.""]","The request involves user access management, which falls under the Access Request Flow category.",False,"{""needs_human"": false, ""needs_llm_escalation"": false, ""policy_gap"": false, ""reasons"": []}",,,True,True,True,1052,0.006312,6549.722556956112,0.7470175527137112,5,0,1,1,2,2,1,Low category alignment.,System D,Grant access to People Operations,"[""Verify requester identity and confirm approval from manager or system owner."", ""Identify the exact system, group, or repository required and determine the appropriate role level."", ""Check for any existing access to avoid duplication."", ""Apply the necessary access changes via the IAM tool, AD group, or application admin console."", ""Instruct the user to log off and back in to refresh their permissions."", ""Test the access with the user to ensure it works for key actions."", ""Update the ticket with details of the groups and roles that have been applied.""]","[""The user confirms they have access to People Operations."", ""Access functionality is tested and verified by the user to be working as expected.""]",auto_approved,RouterGym\results\analysis_outputs\gold_resolution_eval\gold_matched_production_outputs.jsonl
538,llm_only__base_llm2__mem_rag_bm25,llm_only,llm2,,rag_bm25,wants to access people operations wants please accept decline requests,Storage,Storage,Access,"To grant access to People Operations systems, verify the user's identity and approval from their manager or system owner. Identify the specific system and role needed, check for existing access, apply the change, and confirm the access works.","[""Verify user identity and approval."", ""Identify system and role required."", ""Check for existing access."", ""Apply access change."", ""Confirm access works.""]","The request pertains to granting access to People Operations systems, which involves verifying identity, obtaining necessary approvals, identifying the required system and role, applying the access change, and confirming it works.",False,"{""needs_human"": false, ""needs_llm_escalation"": false, ""policy_gap"": false, ""reasons"": []}",,,True,True,True,970,0.0029100000000000003,4154.229162959382,0.6186051888311025,5,0,1,1,2,2,2,Low category alignment.,System B,Grant access to People Operations,"[""Verify requester identity and confirm approval from manager or system owner."", ""Identify the exact system, group, or repository required and determine the appropriate role level."", ""Check for any existing access to avoid duplication."", ""Apply the necessary access changes via the IAM tool, AD group, or application admin console."", ""Instruct the user to log off and back in to refresh their permissions."", ""Test the access with the user to ensure it works for key actions."", ""Update the ticket with details of the groups and roles that have been applied.""]","[""The user confirms they have access to People Operations."", ""Access functionality is tested and verified by the user to be working as expected.""]",auto_approved,RouterGym\results\analysis_outputs\gold_resolution_eval\gold_matched_production_outputs.jsonl
538,slm_dominant__base_slm1__esc_llm2__mem_rag_bm25,slm_dominant,slm1,llm2,rag_bm25,wants to access people operations wants please accept decline requests,Storage,Storage,Access,Your request to manage user access in People Operations has been received. Here are the steps to follow:,"[""Verify your identity and approval from a manager or system owner."", ""Identify the exact system, group, or repository required and the role level."", ""Check for existing access to avoid duplicates."", ""Apply the change via the IAM tool, AD group, or application admin console."", ""Ask the user to log off and back in to refresh permissions.""]","The request falls under the category of Access Management, specifically managing user access to systems and applications.",False,"{""needs_human"": false, ""needs_llm_escalation"": false, ""policy_gap"": false, ""reasons"": []}",,,True,True,True,1224,0.000612,1865.9194721840322,0.7633974308219801,5,0,1,1,2,2,1,Low category alignment.,System C,Grant access to People Operations,"[""Verify requester identity and confirm approval from manager or system owner."", ""Identify the exact system, group, or repository required and determine the appropriate role level."", ""Check for any existing access to avoid duplication."", ""Apply the necessary access changes via the IAM tool, AD group, or application admin console."", ""Instruct the user to log off and back in to refresh their permissions."", ""Test the access with the user to ensure it works for key actions."", ""Update the ticket with details of the groups and roles that have been applied.""]","[""The user confirms they have access to People Operations."", ""Access functionality is tested and verified by the user to be working as expected.""]",auto_approved,RouterGym\results\analysis_outputs\gold_resolution_eval\gold_matched_production_outputs.jsonl
538,slm_dominant__base_slm2__esc_llm2__mem_rag_bm25,slm_dominant,slm2,llm2,rag_bm25,wants to access people operations wants please accept decline requests,Storage,Storage,Access,"This request pertains to system access within People Operations, requiring verification and application of access changes through standard procedures.","[""Verify requester identity and approval."", ""Identify exact system and role level required."", ""Check for existing access to avoid duplicates."", ""Apply change via IAM tool or application admin console."", ""Confirm access works for key actions.""]","The request involves access to a system within People Operations, aligning with the Access Request Flow category.",False,"{""needs_human"": false, ""needs_llm_escalation"": false, ""policy_gap"": false, ""reasons"": []}",,,True,True,True,946,0.0006621999999990001,1219.7039921302348,0.6805587230750235,5,0,1,1,2,2,1,Low category alignment.,System E,Grant access to People Operations,"[""Verify requester identity and confirm approval from manager or system owner."", ""Identify the exact system, group, or repository required and determine the appropriate role level."", ""Check for any existing access to avoid duplication."", ""Apply the necessary access changes via the IAM tool, AD group, or application admin console."", ""Instruct the user to log off and back in to refresh their permissions."", ""Test the access with the user to ensure it works for key actions."", ""Update the ticket with details of the groups and roles that have been applied.""]","[""The user confirms they have access to People Operations."", ""Access functionality is tested and verified by the user to be working as expected.""]",auto_approved,RouterGym\results\analysis_outputs\gold_resolution_eval\gold_matched_production_outputs.jsonl
538,slm_only__base_slm1__mem_rag_bm25,slm_only,slm1,,rag_bm25,wants to access people operations wants please accept decline requests,Storage,Storage,Access,Your request to manage user access in People Operations has been received. Here are the steps to follow:,"[""Verify your identity and approval from a manager or system owner."", ""Identify the exact system, group, or repository required and the role level."", ""Check for existing access to avoid duplicates."", ""Apply the change via the IAM tool, AD group, or application admin console."", ""Ask the user to log off and back in to refresh permissions.""]","The request falls under the category of Access Management, specifically managing user access to systems and applications.",False,"{""needs_human"": false, ""needs_llm_escalation"": false, ""policy_gap"": false, ""reasons"": []}",,,True,True,True,1224,0.000612,3552.5680480059236,0.7633974308219801,5,0,1,1,2,2,1,Low category alignment.,System A,Grant access to People Operations,"[""Verify requester identity and confirm approval from manager or system owner."", ""Identify the exact system, group, or repository required and determine the appropriate role level."", ""Check for any existing access to avoid duplication."", ""Apply the necessary access changes via the IAM tool, AD group, or application admin console."", ""Instruct the user to log off and back in to refresh their permissions."", ""Test the access with the user to ensure it works for key actions."", ""Update the ticket with details of the groups and roles that have been applied.""]","[""The user confirms they have access to People Operations."", ""Access functionality is tested and verified by the user to be working as expected.""]",auto_approved,RouterGym\results\analysis_outputs\gold_resolution_eval\gold_matched_production_outputs.jsonl
538,slm_only__base_slm2__mem_rag_bm25,slm_only,slm2,,rag_bm25,wants to access people operations wants please accept decline requests,Storage,Storage,Access,"This request pertains to system access within People Operations, requiring verification and application of access changes through standard procedures.","[""Verify requester identity and approval."", ""Identify exact system and role level required."", ""Check for existing access to avoid duplicates."", ""Apply change via IAM tool or application admin console."", ""Confirm access works for key actions.""]","The request involves access to a system within People Operations, aligning with the Access Request Flow category.",False,"{""needs_human"": false, ""needs_llm_escalation"": false, ""policy_gap"": false, ""reasons"": []}",,,True,True,True,946,0.0006621999999990001,3047.41827188991,0.6805587230750235,5,0,1,1,2,2,1,Low category alignment.,System F,Grant access to People Operations,"[""Verify requester identity and confirm approval from manager or system owner."", ""Identify the exact system, group, or repository required and determine the appropriate role level."", ""Check for any existing access to avoid duplication."", ""Apply the necessary access changes via the IAM tool, AD group, or application admin console."", ""Instruct the user to log off and back in to refresh their permissions."", ""Test the access with the user to ensure it works for key actions."", ""Update the ticket with details of the groups and roles that have been applied.""]","[""The user confirms they have access to People Operations."", ""Access functionality is tested and verified by the user to be working as expected.""]",auto_approved,RouterGym\results\analysis_outputs\gold_resolution_eval\gold_matched_production_outputs.jsonl
731,llm_only__base_llm1__mem_rag_bm25,llm_only,llm1,,rag_bm25,approval hi please issue assign thank best regards engineer tuesday pm hi please help went flow got stuck thank best regards compliance ext,Miscellaneous,Miscellaneous,Miscellaneous,"The engineer should verify the access request flow and check for any errors or approvals needed. The compliance extension should assign the approval as requested. If the issue persists, escalate to the relevant system owner or manager for further assistance.","[""Engineer: Verify the access request flow for any errors or missing approvals."", ""Engineer: Check if the request has been properly submitted and approved."", ""Compliance: Assign the approval as requested by the engineer."", ""Engineer: If the issue persists, escalate to the relevant system owner or manager.""]",The ticket involves two separate requests: one for help with a stuck access request flow and another for assigning an approval. Both tasks are related to access management and approval processes.,False,"{""needs_human"": false, ""needs_llm_escalation"": false, ""policy_gap"": false, ""reasons"": []}",,,True,True,True,1111,0.006666,6156.937815016136,0.6544983559194559,4,0,1,1,1,2,1,Low category alignment.,System D,User requires guidance on access request flow and potential assistance with a stuck process,"[""Verify requester's identity and obtain necessary approvals (from manager or system owner)"", ""Identify the specific system, group, or repository access is needed for and determine the appropriate role level"", ""Review current access to prevent duplication"", ""Implement access changes using IAM tools, AD groups, or application admin consoles"", ""Instruct the user to log out and log back in to refresh permissions"", ""Test access to ensure it functions for essential tasks; document the groups/roles applied in the ticket"", ""If the issue is related to a stuck process, check the status of the process (e.g., purchase order, leave request) and guide the user through corrective steps""]","[""The user receives the requested access and can perform required actions without issues"", ""Any process that was stuck has been resolved or escalated appropriately""]",auto_approved,RouterGym\results\analysis_outputs\gold_resolution_eval\gold_matched_production_outputs.jsonl
731,llm_only__base_llm2__mem_rag_bm25,llm_only,llm2,,rag_bm25,approval hi please issue assign thank best regards engineer tuesday pm hi please help went flow got stuck thank best regards compliance ext,Miscellaneous,Miscellaneous,Miscellaneous,The engineer needs an issue assigned and requires compliance assistance. Please follow standard procedures for assigning tasks and ensure compliance guidelines are met.,"[""Assign the requested issue to the engineer."", ""Ensure compliance requirements are understood and followed."", ""Provide necessary documentation or guidance on compliance matters.""]","The request involves both task assignment and compliance support, which are typical administrative and procedural tasks.",False,"{""needs_human"": false, ""needs_llm_escalation"": false, ""policy_gap"": false, ""reasons"": []}",,,True,True,True,992,0.002976,3600.5250411108136,0.624876187325166,2,0,1,0,0,1,1,Low category alignment.; Misses key requirements from gold summary/criteria.; Low alignment with gold resolution steps.; Escalation expected but not flagged.,System B,User requires guidance on access request flow and potential assistance with a stuck process,"[""Verify requester's identity and obtain necessary approvals (from manager or system owner)"", ""Identify the specific system, group, or repository access is needed for and determine the appropriate role level"", ""Review current access to prevent duplication"", ""Implement access changes using IAM tools, AD groups, or application admin consoles"", ""Instruct the user to log out and log back in to refresh permissions"", ""Test access to ensure it functions for essential tasks; document the groups/roles applied in the ticket"", ""If the issue is related to a stuck process, check the status of the process (e.g., purchase order, leave request) and guide the user through corrective steps""]","[""The user receives the requested access and can perform required actions without issues"", ""Any process that was stuck has been resolved or escalated appropriately""]",auto_approved,RouterGym\results\analysis_outputs\gold_resolution_eval\gold_matched_production_outputs.jsonl
731,slm_dominant__base_slm1__esc_llm2__mem_rag_bm25,slm_dominant,slm1,llm2,rag_bm25,approval hi please issue assign thank best regards engineer tuesday pm hi please help went flow got stuck thank best regards compliance ext,Miscellaneous,Miscellaneous,Access,"The issue with the stuck access flow can be resolved by following the Access Request Flow process. Please verify your identity and approval, identify the system and role level, check for existing access, and apply the change via the IAM tool or application admin console.","[""Verify requester identity and approval"", ""Identify exact system, group, or repository required and role level"", ""Check for existing access to avoid duplicates"", ""Apply change via IAM tool, AD group, or application admin console"", ""Ask user to log off and back in to refresh permissions""]","The ticket matches the pattern of an Access Request Flow, which includes creating, changing, or removing user access to systems. The user is experiencing a problem with a stuck flow, indicating they need help with this process.",False,"{""needs_human"": false, ""needs_llm_escalation"": false, ""policy_gap"": false, ""reasons"": []}",,,True,True,True,1343,0.0006715,2166.4448601659387,0.7236823083087834,4,0,1,1,2,1,1,Low category alignment.; Escalation expected but not flagged.,System C,User requires guidance on access request flow and potential assistance with a stuck process,"[""Verify requester's identity and obtain necessary approvals (from manager or system owner)"", ""Identify the specific system, group, or repository access is needed for and determine the appropriate role level"", ""Review current access to prevent duplication"", ""Implement access changes using IAM tools, AD groups, or application admin consoles"", ""Instruct the user to log out and log back in to refresh permissions"", ""Test access to ensure it functions for essential tasks; document the groups/roles applied in the ticket"", ""If the issue is related to a stuck process, check the status of the process (e.g., purchase order, leave request) and guide the user through corrective steps""]","[""The user receives the requested access and can perform required actions without issues"", ""Any process that was stuck has been resolved or escalated appropriately""]",auto_approved,RouterGym\results\analysis_outputs\gold_resolution_eval\gold_matched_production_outputs.jsonl
731,slm_dominant__base_slm2__esc_llm2__mem_rag_bm25,slm_dominant,slm2,llm2,rag_bm25,approval hi please issue assign thank best regards engineer tuesday pm hi please help went flow got stuck thank best regards compliance ext,Miscellaneous,Miscellaneous,Access,The flow is likely paused due to missing information or approval. Ensure all details are correct and seek manager approval if needed.,"[""Verify identity and approval."", ""Check for missing details."", ""Confirm exact system and role requirements.""]","The request mentions a stuck flow, indicating a potential issue with the access request process.",False,"{""needs_human"": false, ""needs_llm_escalation"": false, ""policy_gap"": false, ""reasons"": []}",,,True,True,True,979,0.0006853,1042.2902090940624,0.6134645043774376,3,1,1,0,0,2,0,Misses key requirements from gold summary/criteria.; Low alignment with gold resolution steps.; Low policy/gold grounding.,System E,User requires guidance on access request flow and potential assistance with a stuck process,"[""Verify requester's identity and obtain necessary approvals (from manager or system owner)"", ""Identify the specific system, group, or repository access is needed for and determine the appropriate role level"", ""Review current access to prevent duplication"", ""Implement access changes using IAM tools, AD groups, or application admin consoles"", ""Instruct the user to log out and log back in to refresh permissions"", ""Test access to ensure it functions for essential tasks; document the groups/roles applied in the ticket"", ""If the issue is related to a stuck process, check the status of the process (e.g., purchase order, leave request) and guide the user through corrective steps""]","[""The user receives the requested access and can perform required actions without issues"", ""Any process that was stuck has been resolved or escalated appropriately""]",auto_approved,RouterGym\results\analysis_outputs\gold_resolution_eval\gold_matched_production_outputs.jsonl
731,slm_only__base_slm1__mem_rag_bm25,slm_only,slm1,,rag_bm25,approval hi please issue assign thank best regards engineer tuesday pm hi please help went flow got stuck thank best regards compliance ext,Miscellaneous,Miscellaneous,Access,"The issue with the stuck access flow can be resolved by following the Access Request Flow process. Please verify your identity and approval, identify the system and role level, check for existing access, and apply the change via the IAM tool or application admin console.","[""Verify requester identity and approval"", ""Identify exact system, group, or repository required and role level"", ""Check for existing access to avoid duplicates"", ""Apply change via IAM tool, AD group, or application admin console"", ""Ask user to log off and back in to refresh permissions""]","The ticket matches the pattern of an Access Request Flow, which includes creating, changing, or removing user access to systems. The user is experiencing a problem with a stuck flow, indicating they need help with this process.",False,"{""needs_human"": false, ""needs_llm_escalation"": false, ""policy_gap"": false, ""reasons"": []}",,,True,True,True,1343,0.0006715,3878.946621902287,0.7236823083087834,4,0,1,1,2,1,1,Low category alignment.; Escalation expected but not flagged.,System A,User requires guidance on access request flow and potential assistance with a stuck process,"[""Verify requester's identity and obtain necessary approvals (from manager or system owner)"", ""Identify the specific system, group, or repository access is needed for and determine the appropriate role level"", ""Review current access to prevent duplication"", ""Implement access changes using IAM tools, AD groups, or application admin consoles"", ""Instruct the user to log out and log back in to refresh permissions"", ""Test access to ensure it functions for essential tasks; document the groups/roles applied in the ticket"", ""If the issue is related to a stuck process, check the status of the process (e.g., purchase order, leave request) and guide the user through corrective steps""]","[""The user receives the requested access and can perform required actions without issues"", ""Any process that was stuck has been resolved or escalated appropriately""]",auto_approved,RouterGym\results\analysis_outputs\gold_resolution_eval\gold_matched_production_outputs.jsonl
731,slm_only__base_slm2__mem_rag_bm25,slm_only,slm2,,rag_bm25,approval hi please issue assign thank best regards engineer tuesday pm hi please help went flow got stuck thank best regards compliance ext,Miscellaneous,Miscellaneous,Access,The flow is likely paused due to missing information or approval. Ensure all details are correct and seek manager approval if needed.,"[""Verify identity and approval."", ""Check for missing details."", ""Confirm exact system and role requirements.""]","The request mentions a stuck flow, indicating a potential issue with the access request process.",False,"{""needs_human"": false, ""needs_llm_escalation"": false, ""policy_gap"": false, ""reasons"": []}",,,True,True,True,979,0.0006853,2986.446294002235,0.6134645043774376,3,1,1,0,0,2,0,Misses key requirements from gold summary/criteria.; Low alignment with gold resolution steps.; Low policy/gold grounding.,System F,User requires guidance on access request flow and potential assistance with a stuck process,"[""Verify requester's identity and obtain necessary approvals (from manager or system owner)"", ""Identify the specific system, group, or repository access is needed for and determine the appropriate role level"", ""Review current access to prevent duplication"", ""Implement access changes using IAM tools, AD groups, or application admin consoles"", ""Instruct the user to log out and log back in to refresh permissions"", ""Test access to ensure it functions for essential tasks; document the groups/roles applied in the ticket"", ""If the issue is related to a stuck process, check the status of the process (e.g., purchase order, leave request) and guide the user through corrective steps""]","[""The user receives the requested access and can perform required actions without issues"", ""Any process that was stuck has been resolved or escalated appropriately""]",auto_approved,RouterGym\results\analysis_outputs\gold_resolution_eval\gold_matched_production_outputs.jsonl
789,llm_only__base_llm1__mem_rag_bm25,llm_only,llm1,,rag_bm25,pas access good afternoon currently cannot codes forecast against currently view please enable questions please drop cheers change control presence mob,Internal Project,Internal Project,Internal Project,"To enable access, verify the requester's identity and approval, identify the required systems and roles, check for existing access, apply the changes via the appropriate tool, and confirm the access works.","[""Verify the requester's identity and approval from the project manager."", ""Identify the exact systems and roles required for the user."", ""Check for existing access to avoid duplicates."", ""Apply the changes via the IAM tool or application admin console."", ""Confirm the user can perform key actions with the new permissions.""]","The request involves access to specific project resources, which fits the 'Internal Project' category. The user needs permissions to view and modify codes and forecasts.",False,"{""needs_human"": false, ""needs_llm_escalation"": false, ""policy_gap"": false, ""reasons"": []}",,,True,True,True,1096,0.006575999999999999,6422.502500936389,0.7830216072715838,6,2,1,1,2,2,1,Acceptable scoring across all dimensions.,System D,Enable access to codes forecast for internal project,"[""Verify requester's identity and obtain necessary approvals from manager or system owner."", ""Identify the exact system and role level required for accessing codes forecast."", ""Check for existing access to avoid duplication."", ""Apply the access change via IAM tool, AD group, or application admin console."", ""Ask the user to log off and back in to refresh permissions."", ""Confirm that the user can perform key actions related to codes forecast."", ""Update the project access log with the groups/roles applied.""]","[""The user successfully accesses codes forecast without issues."", ""No unnecessary admin rights are granted beyond what is required for codes forecast.""]",auto_approved,RouterGym\results\analysis_outputs\gold_resolution_eval\gold_matched_production_outputs.jsonl
789,llm_only__base_llm2__mem_rag_bm25,llm_only,llm2,,rag_bm25,pas access good afternoon currently cannot codes forecast against currently view please enable questions please drop cheers change control presence mob,Internal Project,Internal Project,Internal Project,"To resolve this issue, verify the user's identity and project membership, then grant appropriate access levels to the necessary systems and repositories. Ensure the user can perform required tasks without unnecessary permissions.","[""Verify user identity and project membership."", ""Grant access to required systems and repositories."", ""Confirm user can perform necessary tasks."", ""Document all access changes made.""]","The request pertains to enabling access for specific functionalities within a project, aligning with internal project management policies. It requires verifying user details and applying access changes.",False,"{""needs_human"": false, ""needs_llm_escalation"": false, ""policy_gap"": false, ""reasons"": []}",,,True,True,True,1001,0.003003,4099.993356037885,0.6569974127504572,5,2,1,0,1,2,1,Misses key requirements from gold summary/criteria.,System B,Enable access to codes forecast for internal project,"[""Verify requester's identity and obtain necessary approvals from manager or system owner."", ""Identify the exact system and role level required for accessing codes forecast."", ""Check for existing access to avoid duplication."", ""Apply the access change via IAM tool, AD group, or application admin console."", ""Ask the user to log off and back in to refresh permissions."", ""Confirm that the user can perform key actions related to codes forecast."", ""Update the project access log with the groups/roles applied.""]","[""The user successfully accesses codes forecast without issues."", ""No unnecessary admin rights are granted beyond what is required for codes forecast.""]",auto_approved,RouterGym\results\analysis_outputs\gold_resolution_eval\gold_matched_production_outputs.jsonl
789,slm_dominant__base_slm1__esc_llm2__mem_rag_bm25,slm_dominant,slm1,llm2,rag_bm25,pas access good afternoon currently cannot codes forecast against currently view please enable questions please drop cheers change control presence mob,Internal Project,Internal Project,Internal Project,"Please verify the project manager's approval and update the user's access in relevant groups (source control, ticketing, environments). Confirm new permissions allow required tasks but no unnecessary admin rights. Document changes in the project access log.","[""Verify project membership change with project manager"", ""Update relevant groups (source control, ticketing, environments)"", ""Confirm new permissions allow required tasks"", ""Document changes in project access log""]",The request pertains to adjusting access when a staff member joins a project. The resolution involves updating the user's access in relevant groups and confirming the new permissions.,False,"{""needs_human"": false, ""needs_llm_escalation"": false, ""policy_gap"": false, ""reasons"": []}",,,True,True,True,1259,0.0006295,1819.612957071513,0.6368677810308063,5,1,1,1,1,2,1,Acceptable scoring across all dimensions.,System C,Enable access to codes forecast for internal project,"[""Verify requester's identity and obtain necessary approvals from manager or system owner."", ""Identify the exact system and role level required for accessing codes forecast."", ""Check for existing access to avoid duplication."", ""Apply the access change via IAM tool, AD group, or application admin console."", ""Ask the user to log off and back in to refresh permissions."", ""Confirm that the user can perform key actions related to codes forecast."", ""Update the project access log with the groups/roles applied.""]","[""The user successfully accesses codes forecast without issues."", ""No unnecessary admin rights are granted beyond what is required for codes forecast.""]",auto_approved,RouterGym\results\analysis_outputs\gold_resolution_eval\gold_matched_production_outputs.jsonl
789,slm_dominant__base_slm2__esc_llm2__mem_rag_bm25,slm_dominant,slm2,llm2,rag_bm25,pas access good afternoon currently cannot codes forecast against currently view please enable questions please drop cheers change control presence mob,Internal Project,Internal Project,Internal Project,Access was granted to the user based on the provided details and verified by the project manager.,"[""Verify user's role and project membership."", ""Update relevant groups and access controls."", ""Confirm new permissions with the user.""]",The request aligns with standard internal project access procedures and does not require escalation.,False,"{""needs_human"": false, ""needs_llm_escalation"": false, ""policy_gap"": false, ""reasons"": []}",,,True,True,True,959,0.0006713,1012.3996350448579,0.6578062195716059,5,2,1,1,1,2,1,Acceptable scoring across all dimensions.,System E,Enable access to codes forecast for internal project,"[""Verify requester's identity and obtain necessary approvals from manager or system owner."", ""Identify the exact system and role level required for accessing codes forecast."", ""Check for existing access to avoid duplication."", ""Apply the access change via IAM tool, AD group, or application admin console."", ""Ask the user to log off and back in to refresh permissions."", ""Confirm that the user can perform key actions related to codes forecast."", ""Update the project access log with the groups/roles applied.""]","[""The user successfully accesses codes forecast without issues."", ""No unnecessary admin rights are granted beyond what is required for codes forecast.""]",auto_approved,RouterGym\results\analysis_outputs\gold_resolution_eval\gold_matched_production_outputs.jsonl
789,slm_only__base_slm1__mem_rag_bm25,slm_only,slm1,,rag_bm25,pas access good afternoon currently cannot codes forecast against currently view please enable questions please drop cheers change control presence mob,Internal Project,Internal Project,Internal Project,"Please verify the project manager's approval and update the user's access in relevant groups (source control, ticketing, environments). Confirm new permissions allow required tasks but no unnecessary admin rights. Document changes in the project access log.","[""Verify project membership change with project manager"", ""Update relevant groups (source control, ticketing, environments)"", ""Confirm new permissions allow required tasks"", ""Document changes in project access log""]",The request pertains to adjusting access when a staff member joins a project. The resolution involves updating the user's access in relevant groups and confirming the new permissions.,False,"{""needs_human"": false, ""needs_llm_escalation"": false, ""policy_gap"": false, ""reasons"": []}",,,True,True,True,1259,0.0006295,3604.170792037621,0.6368677810308063,5,1,1,1,1,2,1,Acceptable scoring across all dimensions.,System A,Enable access to codes forecast for internal project,"[""Verify requester's identity and obtain necessary approvals from manager or system owner."", ""Identify the exact system and role level required for accessing codes forecast."", ""Check for existing access to avoid duplication."", ""Apply the access change via IAM tool, AD group, or application admin console."", ""Ask the user to log off and back in to refresh permissions."", ""Confirm that the user can perform key actions related to codes forecast."", ""Update the project access log with the groups/roles applied.""]","[""The user successfully accesses codes forecast without issues."", ""No unnecessary admin rights are granted beyond what is required for codes forecast.""]",auto_approved,RouterGym\results\analysis_outputs\gold_resolution_eval\gold_matched_production_outputs.jsonl
789,slm_only__base_slm2__mem_rag_bm25,slm_only,slm2,,rag_bm25,pas access good afternoon currently cannot codes forecast against currently view please enable questions please drop cheers change control presence mob,Internal Project,Internal Project,Internal Project,Access was granted to the user based on the provided details and verified by the project manager.,"[""Verify user's role and project membership."", ""Update relevant groups and access controls."", ""Confirm new permissions with the user.""]",The request aligns with standard internal project access procedures and does not require escalation.,False,"{""needs_human"": false, ""needs_llm_escalation"": false, ""policy_gap"": false, ""reasons"": []}",,,True,True,True,959,0.0006713,2904.1100030299276,0.6578062195716059,5,2,1,1,1,2,1,Acceptable scoring across all dimensions.,System F,Enable access to codes forecast for internal project,"[""Verify requester's identity and obtain necessary approvals from manager or system owner."", ""Identify the exact system and role level required for accessing codes forecast."", ""Check for existing access to avoid duplication."", ""Apply the access change via IAM tool, AD group, or application admin console."", ""Ask the user to log off and back in to refresh permissions."", ""Confirm that the user can perform key actions related to codes forecast."", ""Update the project access log with the groups/roles applied.""]","[""The user successfully accesses codes forecast without issues."", ""No unnecessary admin rights are granted beyond what is required for codes forecast.""]",auto_approved,RouterGym\results\analysis_outputs\gold_resolution_eval\gold_matched_production_outputs.jsonl
820,llm_only__base_llm1__mem_rag_bm25,llm_only,llm1,,rag_bm25,new purchase po purchase po dear purchased please log allocation please log retrieve old device after receive item please take consideration mandatory receipts section order make receipt item ordered how video link kind regards administrator,Purchase,Purchase,Purchase,"To process the new device allocation, log the allocation in the system, retrieve the old device after receiving the new item, and ensure all mandatory receipts are in order. Follow the steps to update the system and confirm the receipt of the new device.","[""Log the allocation of the new device in the procurement system."", ""Retrieve the old device after confirming receipt of the new item."", ""Ensure all mandatory receipts are in order and logged in the system."", ""Update the ticket with the new device details and confirm receipt.""]","The request involves logging a new device allocation, retrieving an old device, and ensuring receipts are in order, which falls under the purchase order workflow.",False,"{""needs_human"": false, ""needs_llm_escalation"": false, ""policy_gap"": false, ""reasons"": []}",,,True,True,True,1083,0.006497999999999,6649.805205874145,0.6643414765227051,5,2,1,1,1,2,1,Acceptable scoring across all dimensions.,System D,Process new purchase order and manage device replacement,"[""Verify that the requester has access to the procurement system"", ""Create a new purchase order for the required item"", ""Select the correct cost centre, GL code, and vendor"", ""Guide the user through any validation errors and assist in resubmission"", ""Confirm PO approval and provide the PO number to the requester"", ""Track the order status and retrieve courier tracking information upon shipment"", ""Allocate the new item to the user upon receipt"", ""Instruct the user to return the old device to IT for retrieval""]","[""The new purchase order is fully approved and the item is allocated to the user"", ""The old device is successfully retrieved and logged by IT""]",auto_approved,RouterGym\results\analysis_outputs\gold_resolution_eval\gold_matched_production_outputs.jsonl
820,llm_only__base_llm2__mem_rag_bm25,llm_only,llm2,,rag_bm25,new purchase po purchase po dear purchased please log allocation please log retrieve old device after receive item please take consideration mandatory receipts section order make receipt item ordered how video link kind regards administrator,Purchase,Purchase,Purchase,"To process your request, we will log the new purchase order, allocate necessary resources, retrieve the old device once the new item is received, and ensure all mandatory receipts are obtained. Please provide the required details.","[""Log new purchase order."", ""Allocate resources for the new item."", ""Retrieve old device upon receipt of new item."", ""Ensure all mandatory receipts are obtained.""]","The request involves logging a new purchase order, resource allocation, retrieving an old device post-receipt, and ensuring compliance with receipt requirements.",False,"{""needs_human"": false, ""needs_llm_escalation"": false, ""policy_gap"": false, ""reasons"": []}",,,True,True,True,970,0.0029100000000000003,4132.518964121118,0.6321923569861162,5,2,1,1,1,2,1,Acceptable scoring across all dimensions.,System B,Process new purchase order and manage device replacement,"[""Verify that the requester has access to the procurement system"", ""Create a new purchase order for the required item"", ""Select the correct cost centre, GL code, and vendor"", ""Guide the user through any validation errors and assist in resubmission"", ""Confirm PO approval and provide the PO number to the requester"", ""Track the order status and retrieve courier tracking information upon shipment"", ""Allocate the new item to the user upon receipt"", ""Instruct the user to return the old device to IT for retrieval""]","[""The new purchase order is fully approved and the item is allocated to the user"", ""The old device is successfully retrieved and logged by IT""]",auto_approved,RouterGym\results\analysis_outputs\gold_resolution_eval\gold_matched_production_outputs.jsonl
820,slm_dominant__base_slm1__esc_llm2__mem_rag_bm25,slm_dominant,slm1,llm2,rag_bm25,new purchase po purchase po dear purchased please log allocation please log retrieve old device after receive item please take consideration mandatory receipts section order make receipt item ordered how video link kind regards administrator,Purchase,Purchase,Purchase,"After receiving the new purchase, please log the allocation of the old device and retrieve it. Here's how to do it:","[""Log the allocation of the old device."", ""Retrieve the old device after receiving the new purchase."", ""Confirm the receipt of the old device with the requester.""]","The request involves tracking and retrieving an old device after a new purchase, which falls under the 'Tracking Orders and Deliveries' workflow.",False,"{""needs_human"": false, ""needs_llm_escalation"": false, ""policy_gap"": false, ""reasons"": []}",,,True,True,True,1210,0.000605,1716.8643199838698,0.6383940959835597,6,2,1,2,1,2,1,Acceptable scoring across all dimensions.,System C,Process new purchase order and manage device replacement,"[""Verify that the requester has access to the procurement system"", ""Create a new purchase order for the required item"", ""Select the correct cost centre, GL code, and vendor"", ""Guide the user through any validation errors and assist in resubmission"", ""Confirm PO approval and provide the PO number to the requester"", ""Track the order status and retrieve courier tracking information upon shipment"", ""Allocate the new item to the user upon receipt"", ""Instruct the user to return the old device to IT for retrieval""]","[""The new purchase order is fully approved and the item is allocated to the user"", ""The old device is successfully retrieved and logged by IT""]",auto_approved,RouterGym\results\analysis_outputs\gold_resolution_eval\gold_matched_production_outputs.jsonl
820,slm_dominant__base_slm2__esc_llm2__mem_rag_bm25,slm_dominant,slm2,llm2,rag_bm25,new purchase po purchase po dear purchased please log allocation please log retrieve old device after receive item please take consideration mandatory receipts section order make receipt item ordered how video link kind regards administrator,Purchase,Purchase,Purchase,The ticket involves retrieving an old device and making mandatory receipts after receiving a new item. This is related to purchase order and inventory management processes.,"[""Log allocation for new purchase."", ""Retrieve old device upon receiving new item."", ""Make mandatory receipts for new item."", ""Confirm receipt with user.""]","The request mentions retrieving an old device and making receipts, which aligns with purchase order and inventory management tasks.",False,"{""needs_human"": false, ""needs_llm_escalation"": false, ""policy_gap"": false, ""reasons"": []}",,,True,True,True,941,0.0006587,1208.7146639823914,0.6132645474615885,6,2,1,2,1,2,1,Acceptable scoring across all dimensions.,System E,Process new purchase order and manage device replacement,"[""Verify that the requester has access to the procurement system"", ""Create a new purchase order for the required item"", ""Select the correct cost centre, GL code, and vendor"", ""Guide the user through any validation errors and assist in resubmission"", ""Confirm PO approval and provide the PO number to the requester"", ""Track the order status and retrieve courier tracking information upon shipment"", ""Allocate the new item to the user upon receipt"", ""Instruct the user to return the old device to IT for retrieval""]","[""The new purchase order is fully approved and the item is allocated to the user"", ""The old device is successfully retrieved and logged by IT""]",auto_approved,RouterGym\results\analysis_outputs\gold_resolution_eval\gold_matched_production_outputs.jsonl
820,slm_only__base_slm1__mem_rag_bm25,slm_only,slm1,,rag_bm25,new purchase po purchase po dear purchased please log allocation please log retrieve old device after receive item please take consideration mandatory receipts section order make receipt item ordered how video link kind regards administrator,Purchase,Purchase,Purchase,"After receiving the new purchase, please log the allocation of the old device and retrieve it. Here's how to do it:","[""Log the allocation of the old device."", ""Retrieve the old device after receiving the new purchase."", ""Confirm the receipt of the old device with the requester.""]","The request involves tracking and retrieving an old device after a new purchase, which falls under the 'Tracking Orders and Deliveries' workflow.",False,"{""needs_human"": false, ""needs_llm_escalation"": false, ""policy_gap"": false, ""reasons"": []}",,,True,True,True,1210,0.000605,3528.6028860136867,0.6383940959835597,6,2,1,2,1,2,1,Acceptable scoring across all dimensions.,System A,Process new purchase order and manage device replacement,"[""Verify that the requester has access to the procurement system"", ""Create a new purchase order for the required item"", ""Select the correct cost centre, GL code, and vendor"", ""Guide the user through any validation errors and assist in resubmission"", ""Confirm PO approval and provide the PO number to the requester"", ""Track the order status and retrieve courier tracking information upon shipment"", ""Allocate the new item to the user upon receipt"", ""Instruct the user to return the old device to IT for retrieval""]","[""The new purchase order is fully approved and the item is allocated to the user"", ""The old device is successfully retrieved and logged by IT""]",auto_approved,RouterGym\results\analysis_outputs\gold_resolution_eval\gold_matched_production_outputs.jsonl
820,slm_only__base_slm2__mem_rag_bm25,slm_only,slm2,,rag_bm25,new purchase po purchase po dear purchased please log allocation please log retrieve old device after receive item please take consideration mandatory receipts section order make receipt item ordered how video link kind regards administrator,Purchase,Purchase,Purchase,The ticket involves retrieving an old device and making mandatory receipts after receiving a new item. This is related to purchase order and inventory management processes.,"[""Log allocation for new purchase."", ""Retrieve old device upon receiving new item."", ""Make mandatory receipts for new item."", ""Confirm receipt with user.""]","The request mentions retrieving an old device and making receipts, which aligns with purchase order and inventory management tasks.",False,"{""needs_human"": false, ""needs_llm_escalation"": false, ""policy_gap"": false, ""reasons"": []}",,,True,True,True,941,0.0006587,3104.718313086778,0.6132645474615885,6,2,1,2,1,2,1,Acceptable scoring across all dimensions.,System F,Process new purchase order and manage device replacement,"[""Verify that the requester has access to the procurement system"", ""Create a new purchase order for the required item"", ""Select the correct cost centre, GL code, and vendor"", ""Guide the user through any validation errors and assist in resubmission"", ""Confirm PO approval and provide the PO number to the requester"", ""Track the order status and retrieve courier tracking information upon shipment"", ""Allocate the new item to the user upon receipt"", ""Instruct the user to return the old device to IT for retrieval""]","[""The new purchase order is fully approved and the item is allocated to the user"", ""The old device is successfully retrieved and logged by IT""]",auto_approved,RouterGym\results\analysis_outputs\gold_resolution_eval\gold_matched_production_outputs.jsonl
2064,llm_only__base_llm1__mem_rag_bm25,llm_only,llm1,,rag_bm25,access space for hi please approve thank,HR Support,HR Support,HR Support,"To grant access, verify the requester's identity and approval, identify the required system and role, check for existing access, apply the change, and confirm the access works.","[""Verify the requester's identity and approval from their manager or system owner."", ""Identify the exact system, group, or repository required and the role level."", ""Check for existing access to avoid duplicates."", ""Apply the change via the IAM tool, AD group, or application admin console."", ""Ask the user to log off and back in to refresh permissions.""]","The request is for system access, which follows a standard access request flow. The user needs approval, indicating a need for verification and specific role assignment.",False,"{""needs_human"": false, ""needs_llm_escalation"": false, ""policy_gap"": false, ""reasons"": []}",,,True,True,True,1103,0.006618,6475.114917149767,0.6402521602976149,4,0,1,1,1,2,1,Low category alignment.,System D,Grant access to HR system,"[""Confirm user's employment status, role, and manager from HR."", ""Map requested rights to standard HR role profiles (employee, manager, HR staff)."", ""Submit or approve access change in HR system admin tool."", ""Ask user to log out of SSO and back in to refresh permissions."", ""Validate that key tasks (time entry, leave approval, HR reporting) now work."", ""Update ticket with final access profile and any exceptions.""]","[""User can log in to HR system successfully"", ""User has required access to perform key tasks (time entry, leave approval, HR reporting)""]",auto_approved,RouterGym\results\analysis_outputs\gold_resolution_eval\gold_matched_production_outputs.jsonl
2064,llm_only__base_llm2__mem_rag_bm25,llm_only,llm2,,rag_bm25,access space for hi please approve thank,HR Support,HR Support,HR Support,"To grant access to the requested space, verify the requester's identity and approval from their manager or system owner. Identify the specific system and role needed, then apply the necessary changes through the IAM tool or AD group. Confirm the access works for key actions.","[""Verify requester identity and approval."", ""Identify the specific system and role."", ""Apply changes via IAM or AD group."", ""Ask user to log off and back in."", ""Confirm access works for key actions.""]","The request is for access approval which aligns with HR support guidelines for granting access to systems. The process involves verifying identity, obtaining approval, identifying the system and role, applying changes, and confirming access.",False,"{""needs_human"": false, ""needs_llm_escalation"": false, ""policy_gap"": false, ""reasons"": []}",,,True,True,True,1036,0.0031079999999990005,4658.258654875681,0.5976445853629018,5,2,1,1,1,2,1,Acceptable scoring across all dimensions.,System B,Grant access to HR system,"[""Confirm user's employment status, role, and manager from HR."", ""Map requested rights to standard HR role profiles (employee, manager, HR staff)."", ""Submit or approve access change in HR system admin tool."", ""Ask user to log out of SSO and back in to refresh permissions."", ""Validate that key tasks (time entry, leave approval, HR reporting) now work."", ""Update ticket with final access profile and any exceptions.""]","[""User can log in to HR system successfully"", ""User has required access to perform key tasks (time entry, leave approval, HR reporting)""]",auto_approved,RouterGym\results\analysis_outputs\gold_resolution_eval\gold_matched_production_outputs.jsonl
2064,slm_dominant__base_slm1__esc_llm2__mem_rag_bm25,slm_dominant,slm1,llm2,rag_bm25,access space for hi please approve thank,HR Support,HR Support,HR Support,Your request for HR system access has been received. We will process it according to our standard workflow.,"[""Confirm user's employment status, role, and manager from HR."", ""Map requested rights to standard HR role profiles."", ""Submit or approve access change in HR system admin tool."", ""Ask user to log out of SSO and back in to refresh permissions."", ""Validate that key tasks now work.""]",The ticket matches the pattern for HR System Access Guide (HRIS / Oracle) as it pertains to granting and managing access to core HR systems.,False,"{""needs_human"": false, ""needs_llm_escalation"": false, ""policy_gap"": false, ""reasons"": []}",,,True,True,True,1272,0.000636,1805.5508669931442,0.79464024812109,5,0,1,1,2,2,1,Low category alignment.,System C,Grant access to HR system,"[""Confirm user's employment status, role, and manager from HR."", ""Map requested rights to standard HR role profiles (employee, manager, HR staff)."", ""Submit or approve access change in HR system admin tool."", ""Ask user to log out of SSO and back in to refresh permissions."", ""Validate that key tasks (time entry, leave approval, HR reporting) now work."", ""Update ticket with final access profile and any exceptions.""]","[""User can log in to HR system successfully"", ""User has required access to perform key tasks (time entry, leave approval, HR reporting)""]",auto_approved,RouterGym\results\analysis_outputs\gold_resolution_eval\gold_matched_production_outputs.jsonl
2064,slm_dominant__base_slm2__esc_llm2__mem_rag_bm25,slm_dominant,slm2,llm2,rag_bm25,access space for hi please approve thank,HR Support,HR Support,Access,A standard access request for space has been submitted. The user will receive the necessary permissions shortly.,"[""Verify requester identity and approval."", ""Identify the exact system or resource required."", ""Apply change via appropriate admin tool."", ""Confirm access works for key actions.""]","This is a typical access request for a system or resource, fitting the pattern described in the KB references.",False,"{""needs_human"": false, ""needs_llm_escalation"": false, ""policy_gap"": false, ""reasons"": []}",,,True,True,True,970,0.0006789999999999999,1083.6529901716858,0.5700471649347448,3,0,1,0,1,2,0,Low category alignment.; Misses key requirements from gold summary/criteria.; Low policy/gold grounding.,System E,Grant access to HR system,"[""Confirm user's employment status, role, and manager from HR."", ""Map requested rights to standard HR role profiles (employee, manager, HR staff)."", ""Submit or approve access change in HR system admin tool."", ""Ask user to log out of SSO and back in to refresh permissions."", ""Validate that key tasks (time entry, leave approval, HR reporting) now work."", ""Update ticket with final access profile and any exceptions.""]","[""User can log in to HR system successfully"", ""User has required access to perform key tasks (time entry, leave approval, HR reporting)""]",auto_approved,RouterGym\results\analysis_outputs\gold_resolution_eval\gold_matched_production_outputs.jsonl
2064,slm_only__base_slm1__mem_rag_bm25,slm_only,slm1,,rag_bm25,access space for hi please approve thank,HR Support,HR Support,HR Support,Your request for HR system access has been received. We will process it according to our standard workflow.,"[""Confirm user's employment status, role, and manager from HR."", ""Map requested rights to standard HR role profiles."", ""Submit or approve access change in HR system admin tool."", ""Ask user to log out of SSO and back in to refresh permissions."", ""Validate that key tasks now work.""]",The ticket matches the pattern for HR System Access Guide (HRIS / Oracle) as it pertains to granting and managing access to core HR systems.,False,"{""needs_human"": false, ""needs_llm_escalation"": false, ""policy_gap"": false, ""reasons"": []}",,,True,True,True,1272,0.000636,3441.767774987966,0.79464024812109,5,0,1,1,2,2,1,Low category alignment.,System A,Grant access to HR system,"[""Confirm user's employment status, role, and manager from HR."", ""Map requested rights to standard HR role profiles (employee, manager, HR staff)."", ""Submit or approve access change in HR system admin tool."", ""Ask user to log out of SSO and back in to refresh permissions."", ""Validate that key tasks (time entry, leave approval, HR reporting) now work."", ""Update ticket with final access profile and any exceptions.""]","[""User can log in to HR system successfully"", ""User has required access to perform key tasks (time entry, leave approval, HR reporting)""]",auto_approved,RouterGym\results\analysis_outputs\gold_resolution_eval\gold_matched_production_outputs.jsonl
2064,slm_only__base_slm2__mem_rag_bm25,slm_only,slm2,,rag_bm25,access space for hi please approve thank,HR Support,HR Support,Access,A standard access request for space has been submitted. The user will receive the necessary permissions shortly.,"[""Verify requester identity and approval."", ""Identify the exact system or resource required."", ""Apply change via appropriate admin tool."", ""Confirm access works for key actions.""]","This is a typical access request for a system or resource, fitting the pattern described in the KB references.",False,"{""needs_human"": false, ""needs_llm_escalation"": false, ""policy_gap"": false, ""reasons"": []}",,,True,True,True,970,0.0006789999999999999,2903.029151028022,0.5700471649347448,3,0,1,0,1,2,0,Low category alignment.; Misses key requirements from gold summary/criteria.; Low policy/gold grounding.,System F,Grant access to HR system,"[""Confirm user's employment status, role, and manager from HR."", ""Map requested rights to standard HR role profiles (employee, manager, HR staff)."", ""Submit or approve access change in HR system admin tool."", ""Ask user to log out of SSO and back in to refresh permissions."", ""Validate that key tasks (time entry, leave approval, HR reporting) now work."", ""Update ticket with final access profile and any exceptions.""]","[""User can log in to HR system successfully"", ""User has required access to perform key tasks (time entry, leave approval, HR reporting)""]",auto_approved,RouterGym\results\analysis_outputs\gold_resolution_eval\gold_matched_production_outputs.jsonl
2088,llm_only__base_llm1__mem_rag_bm25,llm_only,llm1,,rag_bm25,add new pipes add pipes dear please add values listed pipe thanks december add pipes hello discussed let create add pipes pipes add filter amount filter method filter frequency processing create plan processing delete plan processing plan input plan output finish best regards tester,Internal Project,Internal Project,Internal Project,"To add new pipes with specified values and filters, follow these steps: create the pipes, add the necessary filters, and then process the plan. Ensure to input the correct values and verify the output. If issues persist, consider deleting and recreating the plan.","[""Create the new pipes with the specified values."", ""Add the necessary filters for amount, method, and frequency."", ""Process the plan to ensure the pipes are functioning correctly."", ""Verify the input and output of the plan."", ""If issues arise, delete the plan and recreate it.""]","The request involves creating and configuring new pipes with specific values and filters, which aligns with internal project management tasks.",False,"{""needs_human"": false, ""needs_llm_escalation"": false, ""policy_gap"": false, ""reasons"": []}",,,True,True,True,1138,0.006828000000000001,6307.262177113444,0.5125844027021687,5,2,1,1,1,2,1,Acceptable scoring across all dimensions.,System D,Add new pipes to internal project,"[""1. Confirm change request for adding new pipes has been approved."", ""2. Schedule the maintenance window for the deployment of new pipes."", ""3. Validate the backup and rollback plan for the new pipes implementation."", ""4. Ensure monitoring, logging, and alerting configurations are updated for the new pipes."", ""5. Coordinate with the development team to execute the deployment steps."", ""6. Conduct smoke tests to verify the functionality of the new pipes."", ""7. Confirm with end-users that key user journeys function correctly with the new pipes.""]","[""Verify that the new pipes have been successfully integrated into the system."", ""Confirm that all key user journeys function as expected post-deployment.""]",auto_approved,RouterGym\results\analysis_outputs\gold_resolution_eval\gold_matched_production_outputs.jsonl
2088,llm_only__base_llm2__mem_rag_bm25,llm_only,llm2,,rag_bm25,add new pipes add pipes dear please add values listed pipe thanks december add pipes hello discussed let create add pipes pipes add filter amount filter method filter frequency processing create plan processing delete plan processing plan input plan output finish best regards tester,Internal Project,Internal Project,Internal Project,"To address your request, we will proceed with adding new pipes along with filters for amount, method, and frequency. We will also create a processing plan including inputs and outputs, and finalize it accordingly.","[""Identify and list all necessary values for the new pipes."", ""Implement filters for amount, method, and frequency."", ""Create a detailed processing plan including input and output specifications."", ""Finalize the plan and ensure all components function as intended."", ""Notify the requester upon completion.""]","The request pertains to adding specific functionalities within a data processing pipeline, which aligns with internal project management tasks.",False,"{""needs_human"": false, ""needs_llm_escalation"": false, ""policy_gap"": false, ""reasons"": []}",,,True,True,True,1059,0.003176999999999,4189.106298843399,0.5302418515999245,5,2,1,0,1,2,1,Misses key requirements from gold summary/criteria.,System B,Add new pipes to internal project,"[""1. Confirm change request for adding new pipes has been approved."", ""2. Schedule the maintenance window for the deployment of new pipes."", ""3. Validate the backup and rollback plan for the new pipes implementation."", ""4. Ensure monitoring, logging, and alerting configurations are updated for the new pipes."", ""5. Coordinate with the development team to execute the deployment steps."", ""6. Conduct smoke tests to verify the functionality of the new pipes."", ""7. Confirm with end-users that key user journeys function correctly with the new pipes.""]","[""Verify that the new pipes have been successfully integrated into the system."", ""Confirm that all key user journeys function as expected post-deployment.""]",auto_approved,RouterGym\results\analysis_outputs\gold_resolution_eval\gold_matched_production_outputs.jsonl
2088,slm_dominant__base_slm1__esc_llm2__mem_rag_bm25,slm_dominant,slm1,llm2,rag_bm25,add new pipes add pipes dear please add values listed pipe thanks december add pipes hello discussed let create add pipes pipes add filter amount filter method filter frequency processing create plan processing delete plan processing plan input plan output finish best regards tester,Internal Project,Internal Project,Miscellaneous,"To add new pipes with filters for data processing, follow these steps: 1. Create a new pipe design with the required filters. 2. Assign the filter method and frequency. 3. Implement the pipe design in the processing plan. 4. Test the new pipe for functionality. 5. Deploy the updated processing plan.","[""Create pipe design"", ""Assign filter method and frequency"", ""Implement pipe design in processing plan"", ""Test new pipe"", ""Deploy updated processing plan""]","The user's request involves adding new pipes with filters for data processing, which requires designing, implementing, testing, and deploying the new pipe design.",False,"{""needs_human"": false, ""needs_llm_escalation"": false, ""policy_gap"": false, ""reasons"": []}",,,True,True,True,1279,0.0006395000000000001,1553.079869132489,0.4472102844804355,5,0,2,1,1,2,1,Low category alignment.,System C,Add new pipes to internal project,"[""1. Confirm change request for adding new pipes has been approved."", ""2. Schedule the maintenance window for the deployment of new pipes."", ""3. Validate the backup and rollback plan for the new pipes implementation."", ""4. Ensure monitoring, logging, and alerting configurations are updated for the new pipes."", ""5. Coordinate with the development team to execute the deployment steps."", ""6. Conduct smoke tests to verify the functionality of the new pipes."", ""7. Confirm with end-users that key user journeys function correctly with the new pipes.""]","[""Verify that the new pipes have been successfully integrated into the system."", ""Confirm that all key user journeys function as expected post-deployment.""]",auto_approved,RouterGym\results\analysis_outputs\gold_resolution_eval\gold_matched_production_outputs.jsonl
2088,slm_dominant__base_slm2__esc_llm2__mem_rag_bm25,slm_dominant,slm2,llm2,rag_bm25,add new pipes add pipes dear please add values listed pipe thanks december add pipes hello discussed let create add pipes pipes add filter amount filter method filter frequency processing create plan processing delete plan processing plan input plan output finish best regards tester,Internal Project,Internal Project,Miscellaneous,The request involves adding new pipes and filters to processing plans. This is related to workflow management and likely requires defining new steps or modifying existing ones.,"[""Define new processing steps."", ""Update existing plan inputs and outputs."", ""Test new configurations thoroughly.""]","The request mentions adding pipes and filters, which suggests a need for workflow or process definition adjustments.",False,"{""needs_human"": false, ""needs_llm_escalation"": false, ""policy_gap"": false, ""reasons"": []}",,,True,True,True,1006,0.0007042,1084.918315988034,0.4608561823025929,3,0,1,0,1,2,1,Low category alignment.; Misses key requirements from gold summary/criteria.,System E,Add new pipes to internal project,"[""1. Confirm change request for adding new pipes has been approved."", ""2. Schedule the maintenance window for the deployment of new pipes."", ""3. Validate the backup and rollback plan for the new pipes implementation."", ""4. Ensure monitoring, logging, and alerting configurations are updated for the new pipes."", ""5. Coordinate with the development team to execute the deployment steps."", ""6. Conduct smoke tests to verify the functionality of the new pipes."", ""7. Confirm with end-users that key user journeys function correctly with the new pipes.""]","[""Verify that the new pipes have been successfully integrated into the system."", ""Confirm that all key user journeys function as expected post-deployment.""]",auto_approved,RouterGym\results\analysis_outputs\gold_resolution_eval\gold_matched_production_outputs.jsonl
2088,slm_only__base_slm1__mem_rag_bm25,slm_only,slm1,,rag_bm25,add new pipes add pipes dear please add values listed pipe thanks december add pipes hello discussed let create add pipes pipes add filter amount filter method filter frequency processing create plan processing delete plan processing plan input plan output finish best regards tester,Internal Project,Internal Project,Miscellaneous,"To add new pipes with filters for data processing, follow these steps: 1. Create a new pipe design with the required filters. 2. Assign the filter method and frequency. 3. Implement the pipe design in the processing plan. 4. Test the new pipe for functionality. 5. Deploy the updated processing plan.","[""Create pipe design"", ""Assign filter method and frequency"", ""Implement pipe design in processing plan"", ""Test new pipe"", ""Deploy updated processing plan""]","The user's request involves adding new pipes with filters for data processing, which requires designing, implementing, testing, and deploying the new pipe design.",False,"{""needs_human"": false, ""needs_llm_escalation"": false, ""policy_gap"": false, ""reasons"": []}",,,True,True,True,1279,0.0006395000000000001,3404.773344984278,0.4472102844804355,5,0,2,1,1,2,1,Low category alignment.,System A,Add new pipes to internal project,"[""1. Confirm change request for adding new pipes has been approved."", ""2. Schedule the maintenance window for the deployment of new pipes."", ""3. Validate the backup and rollback plan for the new pipes implementation."", ""4. Ensure monitoring, logging, and alerting configurations are updated for the new pipes."", ""5. Coordinate with the development team to execute the deployment steps."", ""6. Conduct smoke tests to verify the functionality of the new pipes."", ""7. Confirm with end-users that key user journeys function correctly with the new pipes.""]","[""Verify that the new pipes have been successfully integrated into the system."", ""Confirm that all key user journeys function as expected post-deployment.""]",auto_approved,RouterGym\results\analysis_outputs\gold_resolution_eval\gold_matched_production_outputs.jsonl
2088,slm_only__base_slm2__mem_rag_bm25,slm_only,slm2,,rag_bm25,add new pipes add pipes dear please add values listed pipe thanks december add pipes hello discussed let create add pipes pipes add filter amount filter method filter frequency processing create plan processing delete plan processing plan input plan output finish best regards tester,Internal Project,Internal Project,Miscellaneous,The request involves adding new pipes and filters to processing plans. This is related to workflow management and likely requires defining new steps or modifying existing ones.,"[""Define new processing steps."", ""Update existing plan inputs and outputs."", ""Test new configurations thoroughly.""]","The request mentions adding pipes and filters, which suggests a need for workflow or process definition adjustments.",False,"{""needs_human"": false, ""needs_llm_escalation"": false, ""policy_gap"": false, ""reasons"": []}",,,True,True,True,1006,0.0007042,3177.2328831721097,0.4608561823025929,3,0,1,0,1,2,1,Low category alignment.; Misses key requirements from gold summary/criteria.,System F,Add new pipes to internal project,"[""1. Confirm change request for adding new pipes has been approved."", ""2. Schedule the maintenance window for the deployment of new pipes."", ""3. Validate the backup and rollback plan for the new pipes implementation."", ""4. Ensure monitoring, logging, and alerting configurations are updated for the new pipes."", ""5. Coordinate with the development team to execute the deployment steps."", ""6. Conduct smoke tests to verify the functionality of the new pipes."", ""7. Confirm with end-users that key user journeys function correctly with the new pipes.""]","[""Verify that the new pipes have been successfully integrated into the system."", ""Confirm that all key user journeys function as expected post-deployment.""]",auto_approved,RouterGym\results\analysis_outputs\gold_resolution_eval\gold_matched_production_outputs.jsonl
2144,llm_only__base_llm1__mem_rag_bm25,llm_only,llm1,,rag_bm25,laptop stand stand dear stand computer possible best regards tester,Hardware,Hardware,Hardware,"To address the need for a laptop stand, consider the following steps: Check if the user has a specific type of stand in mind. Verify if the stand is compatible with the user's laptop model. Recommend a suitable stand based on the user's requirements and budget. Ensure the stand is ergonomically designed to prevent overheating and improve airflow.","[""Check if the user has a specific type of stand in mind."", ""Verify if the stand is compatible with the user's laptop model."", ""Recommend a suitable stand based on the user's requirements and budget."", ""Ensure the stand is ergonomically designed to prevent overheating and improve airflow.""]",The user's request is straightforward and does not indicate any hardware issues.,False,"{""needs_human"": false, ""needs_llm_escalation"": false, ""policy_gap"": false, ""reasons"": []}",,,True,True,True,1089,0.006534,6013.628217158839,0.5336407151691955,5,2,1,0,1,2,1,Misses key requirements from gold summary/criteria.,System D,Laptop Stand Request,"[""Review the current inventory for available laptop stands."", ""Contact the user to confirm the specific requirements for the laptop stand."", ""Select the most suitable laptop stand based on compatibility and ergonomic needs."", ""Prepare the laptop stand for dispatch or pickup, ensuring it is properly packaged."", ""Notify the user about the expected delivery or pickup date."", ""Follow up with the user after delivery/pickup to confirm receipt and satisfaction."", ""Update the inventory system to reflect the allocation of the laptop stand.""]","[""The user receives the laptop stand as requested."", ""The user confirms the laptop stand meets their requirements.""]",auto_approved,RouterGym\results\analysis_outputs\gold_resolution_eval\gold_matched_production_outputs.jsonl
2144,llm_only__base_llm2__mem_rag_bm25,llm_only,llm2,,rag_bm25,laptop stand stand dear stand computer possible best regards tester,Hardware,Hardware,Hardware,"To find the best laptop stand, consider factors like adjustability, ventilation, and compatibility with your laptop size. Ensure it provides adequate support and does not obstruct air flow.","[""Identify laptop size and preferred features."", ""Research top-rated stands online."", ""Check reviews for ventilation and stability."", ""Test the stand if possible before purchase."", ""Consider ergonomic design for long-term use.""]","The query seeks advice on choosing a suitable laptop stand, which falls under hardware recommendations rather than repair or malfunction issues.",False,"{""needs_human"": false, ""needs_llm_escalation"": false, ""policy_gap"": false, ""reasons"": []}",,,True,True,True,1010,0.003029999999999,4001.821558922529,0.4740151428838626,5,2,1,0,1,2,1,Misses key requirements from gold summary/criteria.,System B,Laptop Stand Request,"[""Review the current inventory for available laptop stands."", ""Contact the user to confirm the specific requirements for the laptop stand."", ""Select the most suitable laptop stand based on compatibility and ergonomic needs."", ""Prepare the laptop stand for dispatch or pickup, ensuring it is properly packaged."", ""Notify the user about the expected delivery or pickup date."", ""Follow up with the user after delivery/pickup to confirm receipt and satisfaction."", ""Update the inventory system to reflect the allocation of the laptop stand.""]","[""The user receives the laptop stand as requested."", ""The user confirms the laptop stand meets their requirements.""]",auto_approved,RouterGym\results\analysis_outputs\gold_resolution_eval\gold_matched_production_outputs.jsonl
2144,slm_dominant__base_slm1__esc_llm2__mem_rag_bm25,slm_dominant,slm1,llm2,rag_bm25,laptop stand stand dear stand computer possible best regards tester,Hardware,Hardware,Hardware,"We recommend the following laptop stands: 1. Rain Design mStand Laptop Stand 2. Twelve South BookArc Pro 3. AmazonBasics Laptop Stand. If the laptop is overheating, please refer to our knowledge base article on 'Laptop Overheating and Fan Noise'.","[""Suggest Rain Design mStand Laptop Stand"", ""Suggest Twelve South BookArc Pro"", ""Suggest AmazonBasics Laptop Stand"", ""If overheating, refer user to 'Laptop Overheating and Fan Noise' KB article""]","The user's request indicates a need for a laptop stand. Suggesting popular and well-reviewed options. If the laptop is overheating, it may be related to the user's environment or usage, and our knowledge base article can provide guidance.",False,"{""needs_human"": false, ""needs_llm_escalation"": false, ""policy_gap"": false, ""reasons"": []}",,,True,True,True,1371,0.0006855,2183.477632002905,0.4860267812155917,3,0,1,0,1,2,1,Low category alignment.; Misses key requirements from gold summary/criteria.,System C,Laptop Stand Request,"[""Review the current inventory for available laptop stands."", ""Contact the user to confirm the specific requirements for the laptop stand."", ""Select the most suitable laptop stand based on compatibility and ergonomic needs."", ""Prepare the laptop stand for dispatch or pickup, ensuring it is properly packaged."", ""Notify the user about the expected delivery or pickup date."", ""Follow up with the user after delivery/pickup to confirm receipt and satisfaction."", ""Update the inventory system to reflect the allocation of the laptop stand.""]","[""The user receives the laptop stand as requested."", ""The user confirms the laptop stand meets their requirements.""]",auto_approved,RouterGym\results\analysis_outputs\gold_resolution_eval\gold_matched_production_outputs.jsonl
2144,slm_dominant__base_slm2__esc_llm2__mem_rag_bm25,slm_dominant,slm2,llm2,rag_bm25,laptop stand stand dear stand computer possible best regards tester,Hardware,Hardware,Hardware,Customer requires a laptop stand to elevate their computer for better ergonomics and comfort.,"[""Check local electronics stores for laptop stands."", ""Search online retailers like Amazon or Best Buy."", ""Consider adjustable stands for customizable height.""]",Request is for hardware (laptop stand) rather than a repair or warranty issue.,False,"{""needs_human"": false, ""needs_llm_escalation"": false, ""policy_gap"": false, ""reasons"": []}",,,True,True,True,974,0.0006818,1048.6017900984734,0.4780011585585675,3,2,0,1,0,2,1,Answer lacks actionable steps.; Low alignment with gold resolution steps.; Very short answer.,System E,Laptop Stand Request,"[""Review the current inventory for available laptop stands."", ""Contact the user to confirm the specific requirements for the laptop stand."", ""Select the most suitable laptop stand based on compatibility and ergonomic needs."", ""Prepare the laptop stand for dispatch or pickup, ensuring it is properly packaged."", ""Notify the user about the expected delivery or pickup date."", ""Follow up with the user after delivery/pickup to confirm receipt and satisfaction."", ""Update the inventory system to reflect the allocation of the laptop stand.""]","[""The user receives the laptop stand as requested."", ""The user confirms the laptop stand meets their requirements.""]",auto_approved,RouterGym\results\analysis_outputs\gold_resolution_eval\gold_matched_production_outputs.jsonl
2144,slm_only__base_slm1__mem_rag_bm25,slm_only,slm1,,rag_bm25,laptop stand stand dear stand computer possible best regards tester,Hardware,Hardware,Hardware,"We recommend the following laptop stands: 1. Rain Design mStand Laptop Stand 2. Twelve South BookArc Pro 3. AmazonBasics Laptop Stand. If the laptop is overheating, please refer to our knowledge base article on 'Laptop Overheating and Fan Noise'.","[""Suggest Rain Design mStand Laptop Stand"", ""Suggest Twelve South BookArc Pro"", ""Suggest AmazonBasics Laptop Stand"", ""If overheating, refer user to 'Laptop Overheating and Fan Noise' KB article""]","The user's request indicates a need for a laptop stand. Suggesting popular and well-reviewed options. If the laptop is overheating, it may be related to the user's environment or usage, and our knowledge base article can provide guidance.",False,"{""needs_human"": false, ""needs_llm_escalation"": false, ""policy_gap"": false, ""reasons"": []}",,,True,True,True,1371,0.0006855,4034.4562120735645,0.4860267812155917,3,0,1,0,1,2,1,Low category alignment.; Misses key requirements from gold summary/criteria.,System A,Laptop Stand Request,"[""Review the current inventory for available laptop stands."", ""Contact the user to confirm the specific requirements for the laptop stand."", ""Select the most suitable laptop stand based on compatibility and ergonomic needs."", ""Prepare the laptop stand for dispatch or pickup, ensuring it is properly packaged."", ""Notify the user about the expected delivery or pickup date."", ""Follow up with the user after delivery/pickup to confirm receipt and satisfaction."", ""Update the inventory system to reflect the allocation of the laptop stand.""]","[""The user receives the laptop stand as requested."", ""The user confirms the laptop stand meets their requirements.""]",auto_approved,RouterGym\results\analysis_outputs\gold_resolution_eval\gold_matched_production_outputs.jsonl
2144,slm_only__base_slm2__mem_rag_bm25,slm_only,slm2,,rag_bm25,laptop stand stand dear stand computer possible best regards tester,Hardware,Hardware,Hardware,Customer requires a laptop stand to elevate their computer for better ergonomics and comfort.,"[""Check local electronics stores for laptop stands."", ""Search online retailers like Amazon or Best Buy."", ""Consider adjustable stands for customizable height.""]",Request is for hardware (laptop stand) rather than a repair or warranty issue.,False,"{""needs_human"": false, ""needs_llm_escalation"": false, ""policy_gap"": false, ""reasons"": []}",,,True,True,True,974,0.0006818,3000.145179918036,0.4780011585585675,3,2,0,1,0,2,1,Answer lacks actionable steps.; Low alignment with gold resolution steps.; Very short answer.,System F,Laptop Stand Request,"[""Review the current inventory for available laptop stands."", ""Contact the user to confirm the specific requirements for the laptop stand."", ""Select the most suitable laptop stand based on compatibility and ergonomic needs."", ""Prepare the laptop stand for dispatch or pickup, ensuring it is properly packaged."", ""Notify the user about the expected delivery or pickup date."", ""Follow up with the user after delivery/pickup to confirm receipt and satisfaction."", ""Update the inventory system to reflect the allocation of the laptop stand.""]","[""The user receives the laptop stand as requested."", ""The user confirms the laptop stand meets their requirements.""]",auto_approved,RouterGym\results\analysis_outputs\gold_resolution_eval\gold_matched_production_outputs.jsonl
2250,llm_only__base_llm1__mem_rag_bm25,llm_only,llm1,,rag_bm25,access to and confluence confluence hi please assign appropriate roles confluence add appropriate after thanks head,Access,Access,Access,"To assign roles and add the user to Confluence, verify the requester's identity and approval, identify the required roles, check for existing access, apply the changes via the admin console, and confirm the access.","[""Verify the requester's identity and approval from their manager or system owner."", ""Identify the exact roles and groups required in Confluence."", ""Check for existing access to avoid duplicates."", ""Apply the changes via the Confluence admin console."", ""Ask the user to log off and back in to refresh permissions.""]","The request is for user access and role assignment in Confluence, which fits the Access Request Flow category.",False,"{""needs_human"": false, ""needs_llm_escalation"": false, ""policy_gap"": false, ""reasons"": []}",,,True,True,True,1104,0.006624,4418.86119893752,0.6642467766928745,6,2,1,1,2,2,1,Acceptable scoring across all dimensions.,System D,Assign appropriate roles in Confluence,"[""Verify the identity of the requester and confirm approval from their manager or the system owner."", ""Determine the specific Confluence spaces or groups the user requires access to and the appropriate role level."", ""Review current access levels to prevent duplication of roles."", ""Execute the role assignment through the Identity and Access Management (IAM) tool, Active Directory (AD) group, or Confluence admin interface."", ""Instruct the user to sign out and sign back into Confluence to refresh their permissions."", ""Test the access by performing key actions to ensure the role functions as expected; document the groups and roles applied in the ticket."", ""Notify the user and their manager about the completion of the role assignment.""]","[""The user is successfully assigned the correct role(s) in Confluence."", ""The user confirms they can access the required Confluence spaces or groups without issues."", ""There are no reported errors or access denials when the user attempts to perform necessary actions within Confluence.""]",auto_approved,RouterGym\results\analysis_outputs\gold_resolution_eval\gold_matched_production_outputs.jsonl
2250,llm_only__base_llm2__mem_rag_bm25,llm_only,llm2,,rag_bm25,access to and confluence confluence hi please assign appropriate roles confluence add appropriate after thanks head,Access,Access,Access,"To resolve this request, verify the user's identity and approval, identify the required Confluence role, check for existing access, apply the change via the IAM tool or admin console, and confirm the new permissions work.","[""Verify requester identity and approval."", ""Identify required Confluence role."", ""Check for existing access."", ""Apply role change via IAM or admin console."", ""Confirm new permissions work.""]","The request pertains to assigning roles within Confluence, which aligns with the 'Access' category for granting system access based on user requirements.",False,"{""needs_human"": false, ""needs_llm_escalation"": false, ""policy_gap"": false, ""reasons"": []}",,,True,True,True,1026,0.003078,4155.670297099277,0.5735954358276717,5,2,1,0,1,2,1,Misses key requirements from gold summary/criteria.,System B,Assign appropriate roles in Confluence,"[""Verify the identity of the requester and confirm approval from their manager or the system owner."", ""Determine the specific Confluence spaces or groups the user requires access to and the appropriate role level."", ""Review current access levels to prevent duplication of roles."", ""Execute the role assignment through the Identity and Access Management (IAM) tool, Active Directory (AD) group, or Confluence admin interface."", ""Instruct the user to sign out and sign back into Confluence to refresh their permissions."", ""Test the access by performing key actions to ensure the role functions as expected; document the groups and roles applied in the ticket."", ""Notify the user and their manager about the completion of the role assignment.""]","[""The user is successfully assigned the correct role(s) in Confluence."", ""The user confirms they can access the required Confluence spaces or groups without issues."", ""There are no reported errors or access denials when the user attempts to perform necessary actions within Confluence.""]",auto_approved,RouterGym\results\analysis_outputs\gold_resolution_eval\gold_matched_production_outputs.jsonl
2250,slm_dominant__base_slm1__esc_llm2__mem_rag_bm25,slm_dominant,slm1,llm2,rag_bm25,access to and confluence confluence hi please assign appropriate roles confluence add appropriate after thanks head,Access,Access,Access,Your Confluence access has been granted with the appropriate role. Please log off and log back in to refresh your permissions.,"[""Verified requester identity and approval"", ""Identified exact system and role level"", ""Applied change via IAM tool or application admin console"", ""Asked user to log off and back in to refresh permissions""]","The request matches the Access Request Flow pattern for Confluence access. The user's identity and approval have been verified, and the required role and system have been identified.",False,"{""needs_human"": false, ""needs_llm_escalation"": false, ""policy_gap"": false, ""reasons"": []}",,,True,True,True,1285,0.0006425,1786.1442412249744,0.6055324410130504,2,2,1,1,0,2,0,Unsafe: answer claims action completed without process.,System C,Assign appropriate roles in Confluence,"[""Verify the identity of the requester and confirm approval from their manager or the system owner."", ""Determine the specific Confluence spaces or groups the user requires access to and the appropriate role level."", ""Review current access levels to prevent duplication of roles."", ""Execute the role assignment through the Identity and Access Management (IAM) tool, Active Directory (AD) group, or Confluence admin interface."", ""Instruct the user to sign out and sign back into Confluence to refresh their permissions."", ""Test the access by performing key actions to ensure the role functions as expected; document the groups and roles applied in the ticket."", ""Notify the user and their manager about the completion of the role assignment.""]","[""The user is successfully assigned the correct role(s) in Confluence."", ""The user confirms they can access the required Confluence spaces or groups without issues."", ""There are no reported errors or access denials when the user attempts to perform necessary actions within Confluence.""]",auto_approved,RouterGym\results\analysis_outputs\gold_resolution_eval\gold_matched_production_outputs.jsonl
2250,slm_dominant__base_slm2__esc_llm2__mem_rag_bm25,slm_dominant,slm2,llm2,rag_bm25,access to and confluence confluence hi please assign appropriate roles confluence add appropriate after thanks head,Access,Access,Access,Roles will be assigned based on user needs and verified with their manager.,"[""Verify user's manager approval."", ""Identify required roles and Confluence space."", ""Apply roles via Confluence admin console."", ""Confirm access works for key actions.""]","The request is for assigning roles in Confluence, which falls under the access request category.",False,"{""needs_human"": false, ""needs_llm_escalation"": false, ""policy_gap"": false, ""reasons"": []}",,,True,True,True,983,0.0006881,1060.675309970975,0.5768763353543105,3,2,1,0,1,2,0,Misses key requirements from gold summary/criteria.; Low policy/gold grounding.; Very short answer.,System E,Assign appropriate roles in Confluence,"[""Verify the identity of the requester and confirm approval from their manager or the system owner."", ""Determine the specific Confluence spaces or groups the user requires access to and the appropriate role level."", ""Review current access levels to prevent duplication of roles."", ""Execute the role assignment through the Identity and Access Management (IAM) tool, Active Directory (AD) group, or Confluence admin interface."", ""Instruct the user to sign out and sign back into Confluence to refresh their permissions."", ""Test the access by performing key actions to ensure the role functions as expected; document the groups and roles applied in the ticket."", ""Notify the user and their manager about the completion of the role assignment.""]","[""The user is successfully assigned the correct role(s) in Confluence."", ""The user confirms they can access the required Confluence spaces or groups without issues."", ""There are no reported errors or access denials when the user attempts to perform necessary actions within Confluence.""]",auto_approved,RouterGym\results\analysis_outputs\gold_resolution_eval\gold_matched_production_outputs.jsonl
2250,slm_only__base_slm1__mem_rag_bm25,slm_only,slm1,,rag_bm25,access to and confluence confluence hi please assign appropriate roles confluence add appropriate after thanks head,Access,Access,Access,Your Confluence access has been granted with the appropriate role. Please log off and log back in to refresh your permissions.,"[""Verified requester identity and approval"", ""Identified exact system and role level"", ""Applied change via IAM tool or application admin console"", ""Asked user to log off and back in to refresh permissions""]","The request matches the Access Request Flow pattern for Confluence access. The user's identity and approval have been verified, and the required role and system have been identified.",False,"{""needs_human"": false, ""needs_llm_escalation"": false, ""policy_gap"": false, ""reasons"": []}",,,True,True,True,1285,0.0006425,3594.2680130247027,0.6055324410130504,2,2,1,1,0,2,0,Unsafe: answer claims action completed without process.,System A,Assign appropriate roles in Confluence,"[""Verify the identity of the requester and confirm approval from their manager or the system owner."", ""Determine the specific Confluence spaces or groups the user requires access to and the appropriate role level."", ""Review current access levels to prevent duplication of roles."", ""Execute the role assignment through the Identity and Access Management (IAM) tool, Active Directory (AD) group, or Confluence admin interface."", ""Instruct the user to sign out and sign back into Confluence to refresh their permissions."", ""Test the access by performing key actions to ensure the role functions as expected; document the groups and roles applied in the ticket."", ""Notify the user and their manager about the completion of the role assignment.""]","[""The user is successfully assigned the correct role(s) in Confluence."", ""The user confirms they can access the required Confluence spaces or groups without issues."", ""There are no reported errors or access denials when the user attempts to perform necessary actions within Confluence.""]",auto_approved,RouterGym\results\analysis_outputs\gold_resolution_eval\gold_matched_production_outputs.jsonl
2250,slm_only__base_slm2__mem_rag_bm25,slm_only,slm2,,rag_bm25,access to and confluence confluence hi please assign appropriate roles confluence add appropriate after thanks head,Access,Access,Access,Roles will be assigned based on user needs and verified with their manager.,"[""Verify user's manager approval."", ""Identify required roles and Confluence space."", ""Apply roles via Confluence admin console."", ""Confirm access works for key actions.""]","The request is for assigning roles in Confluence, which falls under the access request category.",False,"{""needs_human"": false, ""needs_llm_escalation"": false, ""policy_gap"": false, ""reasons"": []}",,,True,True,True,983,0.0006881,2914.8160179611295,0.5768763353543105,3,2,1,0,1,2,0,Misses key requirements from gold summary/criteria.; Low policy/gold grounding.; Very short answer.,System F,Assign appropriate roles in Confluence,"[""Verify the identity of the requester and confirm approval from their manager or the system owner."", ""Determine the specific Confluence spaces or groups the user requires access to and the appropriate role level."", ""Review current access levels to prevent duplication of roles."", ""Execute the role assignment through the Identity and Access Management (IAM) tool, Active Directory (AD) group, or Confluence admin interface."", ""Instruct the user to sign out and sign back into Confluence to refresh their permissions."", ""Test the access by performing key actions to ensure the role functions as expected; document the groups and roles applied in the ticket."", ""Notify the user and their manager about the completion of the role assignment.""]","[""The user is successfully assigned the correct role(s) in Confluence."", ""The user confirms they can access the required Confluence spaces or groups without issues."", ""There are no reported errors or access denials when the user attempts to perform necessary actions within Confluence.""]",auto_approved,RouterGym\results\analysis_outputs\gold_resolution_eval\gold_matched_production_outputs.jsonl
2288,llm_only__base_llm1__mem_rag_bm25,llm_only,llm1,,rag_bm25,notification access on windows re hello both pass thank knowledge coordinator wednesday december pm re hi thanks raising intending myself later today kind regards december hi relevant avoid sorts tickets wednesday december hello latest update please note although edge default browser fully compatible explorer regarded application therefore default once search opened pin right pin search every please feel free forward whomever consider interested question concerns hesitate let best regards knowledge coordinator,Hardware,Hardware,Access,"To change the default browser from Edge to Internet Explorer, open the search bar, right-click on it, and select 'Open File Explorer.' Then, pin Internet Explorer to the taskbar for easy access.","[""Open the search bar and right-click on it."", ""Select 'Open File Explorer.'"", ""Pin Internet Explorer to the taskbar."", ""Ensure Internet Explorer is set as the default browser for the application.""]",The user needs to switch the default browser for compatibility with an application.,False,"{""needs_human"": false, ""needs_llm_escalation"": false, ""policy_gap"": false, ""reasons"": []}",,,True,True,True,1132,0.006791999999999,3394.525917014107,0.6463556962267276,3,0,1,0,1,2,0,Low category alignment.; Misses key requirements from gold summary/criteria.; Low policy/gold grounding.,System D,Misrouted ticket: notification access on Windows requires review and reassignment,"[""Review the ticket description thoroughly to determine the correct category and owner."", ""Update the ticket's category, priority, and routing group to reflect the accurate classification."", ""Add a detailed note in the ticket explaining the reasons for reassignment."", ""If the ticket pertains to access requests, verify the requester's identity and approval status."", ""Identify the specific system or application for which access is requested."", ""Check for any existing access to prevent duplication."", ""Apply the necessary changes through the appropriate IAM tool, AD group, or application admin console."", ""Instruct the user to log off and back in to refresh their permissions.""]","[""The ticket is reassigned to the correct category and owner within 24 hours."", ""The ticket description is updated to accurately reflect the nature of the issue."", ""The requester's identity and approval status are verified if it's an access request.""]",auto_approved,RouterGym\results\analysis_outputs\gold_resolution_eval\gold_matched_production_outputs.jsonl
2288,llm_only__base_llm2__mem_rag_bm25,llm_only,llm2,,rag_bm25,notification access on windows re hello both pass thank knowledge coordinator wednesday december pm re hi thanks raising intending myself later today kind regards december hi relevant avoid sorts tickets wednesday december hello latest update please note although edge default browser fully compatible explorer regarded application therefore default once search opened pin right pin search every please feel free forward whomever consider interested question concerns hesitate let best regards knowledge coordinator,Hardware,Hardware,Hardware,"To set up Microsoft Edge as the default browser while ensuring compatibility with IE applications, follow these steps: Ensure Edge is installed, set it as default, and use the Edge to IE mode for specific sites requiring IE compatibility.","[""Install Microsoft Edge."", ""Set Edge as the default browser."", ""Enable IE mode in Edge settings."", ""Pin necessary sites in IE mode."", ""Test compatibility with legacy applications.""]",The ticket involves configuring Microsoft Edge as the default browser while maintaining compatibility with legacy applications that require Internet Explorer. This requires setting Edge as the default browser and enabling its IE mode for specific sites.,False,"{""needs_human"": false, ""needs_llm_escalation"": false, ""policy_gap"": false, ""reasons"": []}",,,True,True,True,1136,0.003408,4487.053572898731,0.6067980341447905,2,0,1,0,0,2,0,Low category alignment.; Misses key requirements from gold summary/criteria.; Low alignment with gold resolution steps.; Low policy/gold grounding.,System B,Misrouted ticket: notification access on Windows requires review and reassignment,"[""Review the ticket description thoroughly to determine the correct category and owner."", ""Update the ticket's category, priority, and routing group to reflect the accurate classification."", ""Add a detailed note in the ticket explaining the reasons for reassignment."", ""If the ticket pertains to access requests, verify the requester's identity and approval status."", ""Identify the specific system or application for which access is requested."", ""Check for any existing access to prevent duplication."", ""Apply the necessary changes through the appropriate IAM tool, AD group, or application admin console."", ""Instruct the user to log off and back in to refresh their permissions.""]","[""The ticket is reassigned to the correct category and owner within 24 hours."", ""The ticket description is updated to accurately reflect the nature of the issue."", ""The requester's identity and approval status are verified if it's an access request.""]",auto_approved,RouterGym\results\analysis_outputs\gold_resolution_eval\gold_matched_production_outputs.jsonl
2288,slm_dominant__base_slm1__esc_llm2__mem_rag_bm25,slm_dominant,slm1,llm2,rag_bm25,notification access on windows re hello both pass thank knowledge coordinator wednesday december pm re hi thanks raising intending myself later today kind regards december hi relevant avoid sorts tickets wednesday december hello latest update please note although edge default browser fully compatible explorer regarded application therefore default once search opened pin right pin search every please feel free forward whomever consider interested question concerns hesitate let best regards knowledge coordinator,Hardware,Hardware,Hardware,"To set up Microsoft Edge as the default browser while ensuring compatibility with IE applications, follow these steps: Ensure Edge is installed, set it as default, and use the Edge to IE mode for specific sites requiring IE compatibility.","[""Install Microsoft Edge."", ""Set Edge as the default browser."", ""Enable Edge to IE mode for necessary sites."", ""Pin the search bar for quick access."", ""Test compatibility with IE applications.""]",The ticket involves configuring Microsoft Edge as the default browser while maintaining compatibility with legacy applications that require Internet Explorer. This requires understanding how to leverage Edge's compatibility features.,True,"{""needs_human"": false, ""needs_llm_escalation"": true, ""policy_gap"": false, ""reasons"": [""long_ticket""]}",,,True,True,True,2518,0.0040915,4155.468276003376,0.6349898628664732,2,0,1,0,1,1,0,Low category alignment.; Misses key requirements from gold summary/criteria.; Unnecessary escalation flagged.; Low policy/gold grounding.,System C,Misrouted ticket: notification access on Windows requires review and reassignment,"[""Review the ticket description thoroughly to determine the correct category and owner."", ""Update the ticket's category, priority, and routing group to reflect the accurate classification."", ""Add a detailed note in the ticket explaining the reasons for reassignment."", ""If the ticket pertains to access requests, verify the requester's identity and approval status."", ""Identify the specific system or application for which access is requested."", ""Check for any existing access to prevent duplication."", ""Apply the necessary changes through the appropriate IAM tool, AD group, or application admin console."", ""Instruct the user to log off and back in to refresh their permissions.""]","[""The ticket is reassigned to the correct category and owner within 24 hours."", ""The ticket description is updated to accurately reflect the nature of the issue."", ""The requester's identity and approval status are verified if it's an access request.""]",auto_approved,RouterGym\results\analysis_outputs\gold_resolution_eval\gold_matched_production_outputs.jsonl
2288,slm_dominant__base_slm2__esc_llm2__mem_rag_bm25,slm_dominant,slm2,llm2,rag_bm25,notification access on windows re hello both pass thank knowledge coordinator wednesday december pm re hi thanks raising intending myself later today kind regards december hi relevant avoid sorts tickets wednesday december hello latest update please note although edge default browser fully compatible explorer regarded application therefore default once search opened pin right pin search every please feel free forward whomever consider interested question concerns hesitate let best regards knowledge coordinator,Hardware,Hardware,Hardware,"To set up Microsoft Edge as the default browser while ensuring compatibility with IE applications, follow these steps: Ensure Edge is installed, set it as default, and use the Edge to IE mode for specific sites requiring IE compatibility.","[""Install Microsoft Edge."", ""Set Edge as the default browser."", ""Enable IE mode in Edge settings."", ""Pin necessary sites in IE mode."", ""Test compatibility with legacy applications.""]",The ticket involves configuring Microsoft Edge as the default browser while maintaining compatibility with legacy applications that require Internet Explorer. This requires setting Edge as the default browser and enabling its IE mode for specific sites.,True,"{""needs_human"": false, ""needs_llm_escalation"": true, ""policy_gap"": false, ""reasons"": [""long_ticket""]}",,,True,True,True,2198,0.004151399999999,3418.0355488788337,0.6067980341447905,1,0,1,0,0,1,0,Low category alignment.; Misses key requirements from gold summary/criteria.; Low alignment with gold resolution steps.; Unnecessary escalation flagged.; Low policy/gold grounding.,System E,Misrouted ticket: notification access on Windows requires review and reassignment,"[""Review the ticket description thoroughly to determine the correct category and owner."", ""Update the ticket's category, priority, and routing group to reflect the accurate classification."", ""Add a detailed note in the ticket explaining the reasons for reassignment."", ""If the ticket pertains to access requests, verify the requester's identity and approval status."", ""Identify the specific system or application for which access is requested."", ""Check for any existing access to prevent duplication."", ""Apply the necessary changes through the appropriate IAM tool, AD group, or application admin console."", ""Instruct the user to log off and back in to refresh their permissions.""]","[""The ticket is reassigned to the correct category and owner within 24 hours."", ""The ticket description is updated to accurately reflect the nature of the issue."", ""The requester's identity and approval status are verified if it's an access request.""]",auto_approved,RouterGym\results\analysis_outputs\gold_resolution_eval\gold_matched_production_outputs.jsonl
2288,slm_only__base_slm1__mem_rag_bm25,slm_only,slm1,,rag_bm25,notification access on windows re hello both pass thank knowledge coordinator wednesday december pm re hi thanks raising intending myself later today kind regards december hi relevant avoid sorts tickets wednesday december hello latest update please note although edge default browser fully compatible explorer regarded application therefore default once search opened pin right pin search every please feel free forward whomever consider interested question concerns hesitate let best regards knowledge coordinator,Hardware,Hardware,Hardware,"To change the default browser to Internet Explorer on Windows, follow these steps: 1. Open the Run dialog box by pressing Windows key + R. 2. Type 'inetcpl.cpl' and press Enter. 3. Go to the 'Programs' tab. 4. Under 'Access this webpage using', select 'Internet Explorer'. 5. Click 'Apply' and then 'OK'.","[""Open Run dialog box"", ""Type 'inetcpl.cpl' and press Enter"", ""Go to 'Programs' tab"", ""Select 'Internet Explorer'"", ""Click 'Apply' and then 'OK'""]","The user is asking to change the default browser from Edge to Internet Explorer, which is considered an application on Windows. Although Edge is compatible with most applications, Internet Explorer is the default browser in some cases.",False,"{""needs_human"": false, ""needs_llm_escalation"": false, ""policy_gap"": false, ""reasons"": []}",,,True,True,True,1385,0.0006925,3760.632771998644,0.6029473029178678,3,0,2,0,0,2,0,Low category alignment.; Misses key requirements from gold summary/criteria.; Low alignment with gold resolution steps.; Low policy/gold grounding.,System A,Misrouted ticket: notification access on Windows requires review and reassignment,"[""Review the ticket description thoroughly to determine the correct category and owner."", ""Update the ticket's category, priority, and routing group to reflect the accurate classification."", ""Add a detailed note in the ticket explaining the reasons for reassignment."", ""If the ticket pertains to access requests, verify the requester's identity and approval status."", ""Identify the specific system or application for which access is requested."", ""Check for any existing access to prevent duplication."", ""Apply the necessary changes through the appropriate IAM tool, AD group, or application admin console."", ""Instruct the user to log off and back in to refresh their permissions.""]","[""The ticket is reassigned to the correct category and owner within 24 hours."", ""The ticket description is updated to accurately reflect the nature of the issue."", ""The requester's identity and approval status are verified if it's an access request.""]",auto_approved,RouterGym\results\analysis_outputs\gold_resolution_eval\gold_matched_production_outputs.jsonl
2288,slm_only__base_slm2__mem_rag_bm25,slm_only,slm2,,rag_bm25,notification access on windows re hello both pass thank knowledge coordinator wednesday december pm re hi thanks raising intending myself later today kind regards december hi relevant avoid sorts tickets wednesday december hello latest update please note although edge default browser fully compatible explorer regarded application therefore default once search opened pin right pin search every please feel free forward whomever consider interested question concerns hesitate let best regards knowledge coordinator,Hardware,Hardware,Miscellaneous,"Your default browser is set to Edge, but ensure it's correctly configured for search. Pin the search function to the taskbar for easy access.","[""Verify Edge is set as default browser."", ""Pin search function to taskbar for quick access.""]",The request pertains to software configuration rather than hardware or access requests.,False,"{""needs_human"": false, ""needs_llm_escalation"": false, ""policy_gap"": false, ""reasons"": []}",,,True,True,True,1062,0.0007434,2880.6135861668736,0.6253195730254253,3,2,1,0,0,2,0,Misses key requirements from gold summary/criteria.; Low alignment with gold resolution steps.; Low policy/gold grounding.,System F,Misrouted ticket: notification access on Windows requires review and reassignment,"[""Review the ticket description thoroughly to determine the correct category and owner."", ""Update the ticket's category, priority, and routing group to reflect the accurate classification."", ""Add a detailed note in the ticket explaining the reasons for reassignment."", ""If the ticket pertains to access requests, verify the requester's identity and approval status."", ""Identify the specific system or application for which access is requested."", ""Check for any existing access to prevent duplication."", ""Apply the necessary changes through the appropriate IAM tool, AD group, or application admin console."", ""Instruct the user to log off and back in to refresh their permissions.""]","[""The ticket is reassigned to the correct category and owner within 24 hours."", ""The ticket description is updated to accurately reflect the nature of the issue."", ""The requester's identity and approval status are verified if it's an access request.""]",auto_approved,RouterGym\results\analysis_outputs\gold_resolution_eval\gold_matched_production_outputs.jsonl
2530,llm_only__base_llm1__mem_rag_bm25,llm_only,llm1,,rag_bm25,re update re update hello please same he left today thank,Hardware,Hardware,Hardware,"To update the device, first check if it is powered on and connected properly. Then, try rebooting the device. If the issue persists, update the device drivers and restart again. If the problem continues, consider replacing the device according to the Hardware Replacement Process.","[""Check if the device is powered on and connected properly."", ""Reboot the device."", ""Update the device drivers and restart."", ""Replace the device if the problem persists.""]","The ticket mentions updating a device left by a colleague, which suggests a hardware issue.",False,"{""needs_human"": false, ""needs_llm_escalation"": false, ""policy_gap"": false, ""reasons"": []}",,,True,True,True,1116,0.0066960000000000006,3680.415340932086,0.620778030796012,4,2,1,0,1,2,0,Misses key requirements from gold summary/criteria.; Low policy/gold grounding.,System D,Network Connectivity Troubleshooting,"[""Check if other users or devices on the same network segment are affected."", ""Confirm Wi-Fi is enabled or network cable is properly seated and undamaged."", ""Run basic tests: `ipconfig`/`ping` (or equivalents), check for valid IP and gateway."", ""Forget and re-add Wi-Fi network or disable/enable network adapter."", ""Verify VPN client status and split-tunnel policies; reconnect if required."", ""Update network adapter drivers and restart the device."", ""If only this device fails on a known-good network, assign for onsite diagnosis.""]","[""Network connectivity is restored and stable"", ""User can access the internet or office Wi-Fi without interruptions""]",auto_approved,RouterGym\results\analysis_outputs\gold_resolution_eval\gold_matched_production_outputs.jsonl
2530,llm_only__base_llm2__mem_rag_bm25,llm_only,llm2,,rag_bm25,re update re update hello please same he left today thank,Hardware,Hardware,Hardware,It seems like you're requesting an update due to someone leaving today. Could you provide more details about what needs updating or the context of this request?,"[""Check if other users have similar issues."", ""Confirm network cable is plugged in correctly."", ""Run basic network tests using ipconfig/ping."", ""Forget and re-add Wi-Fi network if necessary."", ""Update network adapter drivers and restart device.""]","The ticket mentions 're update' and 'he left today', which could imply a need for status update or information change. However, without specific context, it's unclear if this pertains to hardware or another category.",False,"{""needs_human"": false, ""needs_llm_escalation"": false, ""policy_gap"": false, ""reasons"": []}",,,True,True,True,1087,0.003261,4916.895902017131,0.6749852740441307,5,2,1,0,2,2,0,Misses key requirements from gold summary/criteria.; Low policy/gold grounding.,System B,Network Connectivity Troubleshooting,"[""Check if other users or devices on the same network segment are affected."", ""Confirm Wi-Fi is enabled or network cable is properly seated and undamaged."", ""Run basic tests: `ipconfig`/`ping` (or equivalents), check for valid IP and gateway."", ""Forget and re-add Wi-Fi network or disable/enable network adapter."", ""Verify VPN client status and split-tunnel policies; reconnect if required."", ""Update network adapter drivers and restart the device."", ""If only this device fails on a known-good network, assign for onsite diagnosis.""]","[""Network connectivity is restored and stable"", ""User can access the internet or office Wi-Fi without interruptions""]",auto_approved,RouterGym\results\analysis_outputs\gold_resolution_eval\gold_matched_production_outputs.jsonl
2530,slm_dominant__base_slm1__esc_llm2__mem_rag_bm25,slm_dominant,slm1,llm2,rag_bm25,re update re update hello please same he left today thank,Hardware,Hardware,Hardware,"Please follow these steps to troubleshoot network connectivity issues: 1. Check if other devices on the same network segment are affected. 2. Confirm Wi-Fi is enabled or network cable is properly seated and undamaged. 3. Run basic tests: `ipconfig`/`ping` (or equivalents), check for valid IP and gateway. 4. Forget and re-add Wi-Fi network or disable/enable network adapter. 5. Update network adapter drivers and restart the device.","[""Check network status of other devices"", ""Confirm network cable/Wi-Fi"", ""Run basic network tests"", ""Forget and re-add Wi-Fi network"", ""Update network adapter drivers""]","The ticket pattern matches 'Network Connectivity Troubleshooting (Workstations)', a known issue in the hardware category.",False,"{""needs_human"": false, ""needs_llm_escalation"": false, ""policy_gap"": false, ""reasons"": []}",,,True,True,True,1415,0.0007075,2068.9396210946143,0.6388319588676489,7,2,2,0,2,2,2,Misses key requirements from gold summary/criteria.,System C,Network Connectivity Troubleshooting,"[""Check if other users or devices on the same network segment are affected."", ""Confirm Wi-Fi is enabled or network cable is properly seated and undamaged."", ""Run basic tests: `ipconfig`/`ping` (or equivalents), check for valid IP and gateway."", ""Forget and re-add Wi-Fi network or disable/enable network adapter."", ""Verify VPN client status and split-tunnel policies; reconnect if required."", ""Update network adapter drivers and restart the device."", ""If only this device fails on a known-good network, assign for onsite diagnosis.""]","[""Network connectivity is restored and stable"", ""User can access the internet or office Wi-Fi without interruptions""]",auto_approved,RouterGym\results\analysis_outputs\gold_resolution_eval\gold_matched_production_outputs.jsonl
2530,slm_dominant__base_slm2__esc_llm2__mem_rag_bm25,slm_dominant,slm2,llm2,rag_bm25,re update re update hello please same he left today thank,Hardware,Hardware,Hardware,Hardware access needs to be updated for the departed employee.,"[""Review hardware inventory for departed employee."", ""Revoke all hardware access related to the employee."", ""Update documentation and systems accordingly.""]","The request involves updating hardware access for an employee who has left, which falls under hardware management.",False,"{""needs_human"": false, ""needs_llm_escalation"": false, ""policy_gap"": false, ""reasons"": []}",,,True,True,True,1023,0.0007161,1018.7873700633645,0.5586514168333854,3,2,1,0,0,2,0,Misses key requirements from gold summary/criteria.; Low alignment with gold resolution steps.; Low policy/gold grounding.; Very short answer.,System E,Network Connectivity Troubleshooting,"[""Check if other users or devices on the same network segment are affected."", ""Confirm Wi-Fi is enabled or network cable is properly seated and undamaged."", ""Run basic tests: `ipconfig`/`ping` (or equivalents), check for valid IP and gateway."", ""Forget and re-add Wi-Fi network or disable/enable network adapter."", ""Verify VPN client status and split-tunnel policies; reconnect if required."", ""Update network adapter drivers and restart the device."", ""If only this device fails on a known-good network, assign for onsite diagnosis.""]","[""Network connectivity is restored and stable"", ""User can access the internet or office Wi-Fi without interruptions""]",auto_approved,RouterGym\results\analysis_outputs\gold_resolution_eval\gold_matched_production_outputs.jsonl
2530,slm_only__base_slm1__mem_rag_bm25,slm_only,slm1,,rag_bm25,re update re update hello please same he left today thank,Hardware,Hardware,Hardware,"Please follow these steps to troubleshoot network connectivity issues: 1. Check if other devices on the same network segment are affected. 2. Confirm Wi-Fi is enabled or network cable is properly seated and undamaged. 3. Run basic tests: `ipconfig`/`ping` (or equivalents), check for valid IP and gateway. 4. Forget and re-add Wi-Fi network or disable/enable network adapter. 5. Update network adapter drivers and restart the device.","[""Check network status of other devices"", ""Confirm network cable/Wi-Fi"", ""Run basic network tests"", ""Forget and re-add Wi-Fi network"", ""Update network adapter drivers""]","The ticket pattern matches 'Network Connectivity Troubleshooting (Workstations)', a known issue in the hardware category.",False,"{""needs_human"": false, ""needs_llm_escalation"": false, ""policy_gap"": false, ""reasons"": []}",,,True,True,True,1415,0.0007075,4158.501636004075,0.6388319588676489,7,1,1,0,2,2,2,Misses key requirements from gold summary/criteria.,System A,Network Connectivity Troubleshooting,"[""Check if other users or devices on the same network segment are affected."", ""Confirm Wi-Fi is enabled or network cable is properly seated and undamaged."", ""Run basic tests: `ipconfig`/`ping` (or equivalents), check for valid IP and gateway."", ""Forget and re-add Wi-Fi network or disable/enable network adapter."", ""Verify VPN client status and split-tunnel policies; reconnect if required."", ""Update network adapter drivers and restart the device."", ""If only this device fails on a known-good network, assign for onsite diagnosis.""]","[""Network connectivity is restored and stable"", ""User can access the internet or office Wi-Fi without interruptions""]",auto_approved,RouterGym\results\analysis_outputs\gold_resolution_eval\gold_matched_production_outputs.jsonl
2530,slm_only__base_slm2__mem_rag_bm25,slm_only,slm2,,rag_bm25,re update re update hello please same he left today thank,Hardware,Hardware,Hardware,Hardware access needs to be updated for the departed employee.,"[""Review hardware inventory for departed employee."", ""Revoke all hardware access related to the employee."", ""Update documentation and systems accordingly.""]","The request involves updating hardware access for an employee who has left, which falls under hardware management.",False,"{""needs_human"": false, ""needs_llm_escalation"": false, ""policy_gap"": false, ""reasons"": []}",,,True,True,True,1023,0.0007161,2837.565877009183,0.5586514168333854,3,0,2,2,2,2,2,Low category alignment.,System F,Network Connectivity Troubleshooting,"[""Check if other users or devices on the same network segment are affected."", ""Confirm Wi-Fi is enabled or network cable is properly seated and undamaged."", ""Run basic tests: `ipconfig`/`ping` (or equivalents), check for valid IP and gateway."", ""Forget and re-add Wi-Fi network or disable/enable network adapter."", ""Verify VPN client status and split-tunnel policies; reconnect if required."", ""Update network adapter drivers and restart the device."", ""If only this device fails on a known-good network, assign for onsite diagnosis.""]","[""Network connectivity is restored and stable"", ""User can access the internet or office Wi-Fi without interruptions""]",auto_approved,RouterGym\results\analysis_outputs\gold_resolution_eval\gold_matched_production_outputs.jsonl
2620,llm_only__base_llm1__mem_rag_bm25,llm_only,llm1,,rag_bm25,new project code pas please setup code per form attached thank,Internal Project,Internal Project,Internal Project,"To set up the code for the new project, follow these steps: Confirm the project details and cost center from the attached form. Validate the budget availability for the project. Apply the correct GL codes and project codes in the procurement system. Coordinate with finance if charges need to be moved or split. Document the final allocation in the ticket and PO notes.","[""Confirm the project details and cost center from the attached form."", ""Validate the budget availability for the project."", ""Apply the correct GL codes and project codes in the procurement system."", ""Coordinate with finance if charges need to be moved or split."", ""Document the final allocation in the ticket and PO notes.""]","The request involves setting up a new project, which falls under internal project management. The steps involve budget approval and cost allocation, aligning with the 'Budget Approval and Cost Allocation' KB reference.",False,"{""needs_human"": false, ""needs_llm_escalation"": false, ""policy_gap"": false, ""reasons"": []}",,,True,True,True,1116,0.006696,5350.111304083839,0.5956270971791453,5,2,1,1,1,1,1,Escalation expected but not flagged.,System D,Setup new project code per attached form,"[""Confirm project sponsor, manager, and expected duration"", ""Identify required systems (repositories, CI/CD, databases, test/stage)"", ""Assign a primary IT contact or support group and notify them of their responsibilities"", ""Define support hours, incident severity levels, and establish clear escalation contacts"", ""Document project setup details including systems, contacts, and support model in a shared and accessible location"", ""Review and confirm the budget availability and cost allocation with the finance department"", ""Ensure compliance with IT Equipment Procurement Policy and apply correct GL codes and project codes in the procurement system""]","[""Project setup is complete and all necessary systems are configured"", ""Primary IT contact or support group is assigned and fully aware of project requirements and escalation procedures"", ""Budget approval and cost allocation are confirmed and documented according to policy""]",auto_approved,RouterGym\results\analysis_outputs\gold_resolution_eval\gold_matched_production_outputs.jsonl
2620,llm_only__base_llm2__mem_rag_bm25,llm_only,llm2,,rag_bm25,new project code pas please setup code per form attached thank,Internal Project,Internal Project,Internal Project,"To set up the code for your new project, I will follow the attached form instructions to ensure all necessary configurations and setups are correctly applied.","[""Review the attached form for project details."", ""Configure project settings according to the form."", ""Set up initial coding environment."", ""Apply any specific coding standards mentioned."", ""Confirm setup with requester.""]","The request pertains to setting up code for a new project based on provided forms, aligning with internal project management tasks.",False,"{""needs_human"": false, ""needs_llm_escalation"": false, ""policy_gap"": false, ""reasons"": []}",,,True,True,True,975,0.002924999999999,3956.918119918555,0.53191088366488,4,2,1,1,0,1,1,Low alignment with gold resolution steps.; Escalation expected but not flagged.,System B,Setup new project code per attached form,"[""Confirm project sponsor, manager, and expected duration"", ""Identify required systems (repositories, CI/CD, databases, test/stage)"", ""Assign a primary IT contact or support group and notify them of their responsibilities"", ""Define support hours, incident severity levels, and establish clear escalation contacts"", ""Document project setup details including systems, contacts, and support model in a shared and accessible location"", ""Review and confirm the budget availability and cost allocation with the finance department"", ""Ensure compliance with IT Equipment Procurement Policy and apply correct GL codes and project codes in the procurement system""]","[""Project setup is complete and all necessary systems are configured"", ""Primary IT contact or support group is assigned and fully aware of project requirements and escalation procedures"", ""Budget approval and cost allocation are confirmed and documented according to policy""]",auto_approved,RouterGym\results\analysis_outputs\gold_resolution_eval\gold_matched_production_outputs.jsonl
2620,slm_dominant__base_slm1__esc_llm2__mem_rag_bm25,slm_dominant,slm1,llm2,rag_bm25,new project code pas please setup code per form attached thank,Internal Project,Internal Project,Internal Project,We'll set up the code for your new project based on the provided form. Please allow some time for the process.,"[""Review the attached form for project details"", ""Create a new project"", ""Set up the necessary files"", ""Configure the code according to the form details"", ""Test the project setup for any issues""]","We'll need to create a new project, set up the necessary files, and configure the code according to the form details.",False,"{""needs_human"": false, ""needs_llm_escalation"": false, ""policy_gap"": false, ""reasons"": []}",,,True,True,True,1251,0.0006255000000000001,1727.650348097086,0.5380325873181808,4,2,1,1,0,1,1,Low alignment with gold resolution steps.; Escalation expected but not flagged.,System C,Setup new project code per attached form,"[""Confirm project sponsor, manager, and expected duration"", ""Identify required systems (repositories, CI/CD, databases, test/stage)"", ""Assign a primary IT contact or support group and notify them of their responsibilities"", ""Define support hours, incident severity levels, and establish clear escalation contacts"", ""Document project setup details including systems, contacts, and support model in a shared and accessible location"", ""Review and confirm the budget availability and cost allocation with the finance department"", ""Ensure compliance with IT Equipment Procurement Policy and apply correct GL codes and project codes in the procurement system""]","[""Project setup is complete and all necessary systems are configured"", ""Primary IT contact or support group is assigned and fully aware of project requirements and escalation procedures"", ""Budget approval and cost allocation are confirmed and documented according to policy""]",auto_approved,RouterGym\results\analysis_outputs\gold_resolution_eval\gold_matched_production_outputs.jsonl
2620,slm_dominant__base_slm2__esc_llm2__mem_rag_bm25,slm_dominant,slm2,llm2,rag_bm25,new project code pas please setup code per form attached thank,Internal Project,Internal Project,Internal Project,Code setup will follow the provided form and project guidelines.,"[""Review attached form thoroughly."", ""Follow project coding standards."", ""Submit completed code for approval.""]",Request is clear and aligns with standard project setup procedures.,False,"{""needs_human"": false, ""needs_llm_escalation"": false, ""policy_gap"": false, ""reasons"": []}",,,True,True,True,921,0.000644699999999,931.5428810659796,0.5200850929513117,3,2,1,2,0,1,1,Low alignment with gold resolution steps.; Escalation expected but not flagged.; Very short answer.,System E,Setup new project code per attached form,"[""Confirm project sponsor, manager, and expected duration"", ""Identify required systems (repositories, CI/CD, databases, test/stage)"", ""Assign a primary IT contact or support group and notify them of their responsibilities"", ""Define support hours, incident severity levels, and establish clear escalation contacts"", ""Document project setup details including systems, contacts, and support model in a shared and accessible location"", ""Review and confirm the budget availability and cost allocation with the finance department"", ""Ensure compliance with IT Equipment Procurement Policy and apply correct GL codes and project codes in the procurement system""]","[""Project setup is complete and all necessary systems are configured"", ""Primary IT contact or support group is assigned and fully aware of project requirements and escalation procedures"", ""Budget approval and cost allocation are confirmed and documented according to policy""]",auto_approved,RouterGym\results\analysis_outputs\gold_resolution_eval\gold_matched_production_outputs.jsonl
2620,slm_only__base_slm1__mem_rag_bm25,slm_only,slm1,,rag_bm25,new project code pas please setup code per form attached thank,Internal Project,Internal Project,Internal Project,We'll set up the code for your new project based on the provided form. Please allow some time for the process.,"[""Review the attached form for project details"", ""Create a new project"", ""Set up the necessary files"", ""Configure the code according to the form details"", ""Test the project setup for any issues""]","We'll need to create a new project, set up the necessary files, and configure the code according to the form details.",False,"{""needs_human"": false, ""needs_llm_escalation"": false, ""policy_gap"": false, ""reasons"": []}",,,True,True,True,1251,0.0006255000000000001,3452.822469174862,0.5380325873181808,4,2,1,1,0,1,1,Low alignment with gold resolution steps.; Escalation expected but not flagged.,System A,Setup new project code per attached form,"[""Confirm project sponsor, manager, and expected duration"", ""Identify required systems (repositories, CI/CD, databases, test/stage)"", ""Assign a primary IT contact or support group and notify them of their responsibilities"", ""Define support hours, incident severity levels, and establish clear escalation contacts"", ""Document project setup details including systems, contacts, and support model in a shared and accessible location"", ""Review and confirm the budget availability and cost allocation with the finance department"", ""Ensure compliance with IT Equipment Procurement Policy and apply correct GL codes and project codes in the procurement system""]","[""Project setup is complete and all necessary systems are configured"", ""Primary IT contact or support group is assigned and fully aware of project requirements and escalation procedures"", ""Budget approval and cost allocation are confirmed and documented according to policy""]",auto_approved,RouterGym\results\analysis_outputs\gold_resolution_eval\gold_matched_production_outputs.jsonl
2620,slm_only__base_slm2__mem_rag_bm25,slm_only,slm2,,rag_bm25,new project code pas please setup code per form attached thank,Internal Project,Internal Project,Internal Project,Code setup will follow the provided form and project guidelines.,"[""Review attached form thoroughly."", ""Follow project coding standards."", ""Submit completed code for approval.""]",Request is clear and aligns with standard project setup procedures.,False,"{""needs_human"": false, ""needs_llm_escalation"": false, ""policy_gap"": false, ""reasons"": []}",,,True,True,True,921,0.000644699999999,2974.312546895817,0.5200850929513117,3,2,1,2,0,1,1,Low alignment with gold resolution steps.; Escalation expected but not flagged.; Very short answer.,System F,Setup new project code per attached form,"[""Confirm project sponsor, manager, and expected duration"", ""Identify required systems (repositories, CI/CD, databases, test/stage)"", ""Assign a primary IT contact or support group and notify them of their responsibilities"", ""Define support hours, incident severity levels, and establish clear escalation contacts"", ""Document project setup details including systems, contacts, and support model in a shared and accessible location"", ""Review and confirm the budget availability and cost allocation with the finance department"", ""Ensure compliance with IT Equipment Procurement Policy and apply correct GL codes and project codes in the procurement system""]","[""Project setup is complete and all necessary systems are configured"", ""Primary IT contact or support group is assigned and fully aware of project requirements and escalation procedures"", ""Budget approval and cost allocation are confirmed and documented according to policy""]",auto_approved,RouterGym\results\analysis_outputs\gold_resolution_eval\gold_matched_production_outputs.jsonl
2703,llm_only__base_llm1__mem_rag_bm25,llm_only,llm1,,rag_bm25,re access re hi please assist resolved asap thanks regards engineer friday november pm hello kindly ask help accessing next log active directory keep getting invalid please help thanks engineer,Hardware,Hardware,Access,"To resolve the issue, verify the engineer's credentials, ensure they are part of the correct AD group, and check for any account lockouts or policy restrictions. Ask the engineer to log off and back in to refresh permissions.","[""Verify the engineer's credentials and ensure they are correct."", ""Check if the engineer is part of the correct Active Directory group."", ""Look for any account lockouts or policy restrictions that might be causing the issue."", ""Ask the engineer to log off and back in to refresh permissions."", ""Confirm access works for key actions and update the ticket with the groups/roles applied.""]","The issue seems to be related to access permissions in Active Directory, which falls under the Access category. The engineer is unable to log in due to invalid credentials.",False,"{""needs_human"": false, ""needs_llm_escalation"": false, ""policy_gap"": false, ""reasons"": []}",,,True,True,True,1127,0.006762000000000001,4442.445890977979,0.6813120429107603,4,0,1,0,2,2,1,Low category alignment.; Misses key requirements from gold summary/criteria.,System D,Resolving invalid access issue to Active Directory,"[""Verify the identity of the requester and obtain necessary approval from manager or system owner."", ""Determine the exact system, group, or repository the user requires access to and the appropriate role level."", ""Review current access levels to prevent duplication of access rights."", ""Implement access changes through the IAM tool, AD group management, or application admin console."", ""Instruct the user to log out and log back in to refresh their permissions."", ""Test the access to ensure it functions correctly for key actions and document the groups/roles applied in the ticket."", ""If the issue persists, check for any account expiration or SSO login problems that might be affecting access.""]","[""The user is able to log in to Active Directory without encountering an 'invalid' message."", ""The user has been granted access to the specified system, group, or repository as requested.""]",auto_approved,RouterGym\results\analysis_outputs\gold_resolution_eval\gold_matched_production_outputs.jsonl
2703,llm_only__base_llm2__mem_rag_bm25,llm_only,llm2,,rag_bm25,re access re hi please assist resolved asap thanks regards engineer friday november pm hello kindly ask help accessing next log active directory keep getting invalid please help thanks engineer,Hardware,Hardware,Access,"The engineer is encountering issues with invalid credentials while trying to access NextLog Active Directory. This could be due to incorrect username/password, account expiration, or other access-related issues. Follow the standard access request flow to resolve this issue.","[""Verify the engineer's identity and approval."", ""Identify the specific system and role needed."", ""Check for existing access to avoid duplicates."", ""Apply necessary changes via AD group management."", ""Ask the engineer to log out and log back in.""]","The ticket indicates an access problem with Active Directory, which aligns with the 'Access' category. The issue seems to stem from invalid credentials, suggesting a need to verify the user's identity and access rights.",False,"{""needs_human"": false, ""needs_llm_escalation"": false, ""policy_gap"": false, ""reasons"": []}",,,True,True,True,1077,0.003231,4421.727851964533,0.6655391823747274,4,0,1,1,1,2,1,Low category alignment.,System B,Resolving invalid access issue to Active Directory,"[""Verify the identity of the requester and obtain necessary approval from manager or system owner."", ""Determine the exact system, group, or repository the user requires access to and the appropriate role level."", ""Review current access levels to prevent duplication of access rights."", ""Implement access changes through the IAM tool, AD group management, or application admin console."", ""Instruct the user to log out and log back in to refresh their permissions."", ""Test the access to ensure it functions correctly for key actions and document the groups/roles applied in the ticket."", ""If the issue persists, check for any account expiration or SSO login problems that might be affecting access.""]","[""The user is able to log in to Active Directory without encountering an 'invalid' message."", ""The user has been granted access to the specified system, group, or repository as requested.""]",auto_approved,RouterGym\results\analysis_outputs\gold_resolution_eval\gold_matched_production_outputs.jsonl
2703,slm_dominant__base_slm1__esc_llm2__mem_rag_bm25,slm_dominant,slm1,llm2,rag_bm25,re access re hi please assist resolved asap thanks regards engineer friday november pm hello kindly ask help accessing next log active directory keep getting invalid please help thanks engineer,Hardware,Hardware,Access,"To resolve the Active Directory access issue, please follow these steps: 1. Verify the user's identity and approval. 2. Check for any typos or incorrect details in the user account. 3. Reset the user's password if necessary. 4. Grant the required access level to the user. 5. Ask the user to log off and back in to refresh permissions.","[""Verify requester identity and approval"", ""Check for typos or incorrect details"", ""Reset password if necessary"", ""Grant required access level"", ""Ask user to log off and back in""]","The issue seems to be related to Active Directory access, which falls under the 'Access' category. The user is experiencing an 'Account expired – cannot log in' type of problem, as mentioned in KB Reference 3.",False,"{""needs_human"": false, ""needs_llm_escalation"": false, ""policy_gap"": false, ""reasons"": []}",,,True,True,True,1353,0.0006765,2114.1275889240205,0.6325132672018061,5,0,2,1,1,2,1,Low category alignment.,System C,Resolving invalid access issue to Active Directory,"[""Verify the identity of the requester and obtain necessary approval from manager or system owner."", ""Determine the exact system, group, or repository the user requires access to and the appropriate role level."", ""Review current access levels to prevent duplication of access rights."", ""Implement access changes through the IAM tool, AD group management, or application admin console."", ""Instruct the user to log out and log back in to refresh their permissions."", ""Test the access to ensure it functions correctly for key actions and document the groups/roles applied in the ticket."", ""If the issue persists, check for any account expiration or SSO login problems that might be affecting access.""]","[""The user is able to log in to Active Directory without encountering an 'invalid' message."", ""The user has been granted access to the specified system, group, or repository as requested.""]",auto_approved,RouterGym\results\analysis_outputs\gold_resolution_eval\gold_matched_production_outputs.jsonl
2703,slm_dominant__base_slm2__esc_llm2__mem_rag_bm25,slm_dominant,slm2,llm2,rag_bm25,re access re hi please assist resolved asap thanks regards engineer friday november pm hello kindly ask help accessing next log active directory keep getting invalid please help thanks engineer,Hardware,Hardware,Access,Invalid credentials suggest a misconfiguration or account issue. Verify user details and try logging again.,"[""Verify user credentials and account status."", ""Check for recent changes affecting the account."", ""Ask user to log off and back in."", ""Confirm access to critical resources.""]","Request involves Active Directory access issues, typical of authentication problems requiring user verification and retry.",False,"{""needs_human"": false, ""needs_llm_escalation"": false, ""policy_gap"": false, ""reasons"": []}",,,True,True,True,1009,0.0007063,1100.8335091173649,0.6398104038338933,4,0,1,1,1,2,1,Low category alignment.,System E,Resolving invalid access issue to Active Directory,"[""Verify the identity of the requester and obtain necessary approval from manager or system owner."", ""Determine the exact system, group, or repository the user requires access to and the appropriate role level."", ""Review current access levels to prevent duplication of access rights."", ""Implement access changes through the IAM tool, AD group management, or application admin console."", ""Instruct the user to log out and log back in to refresh their permissions."", ""Test the access to ensure it functions correctly for key actions and document the groups/roles applied in the ticket."", ""If the issue persists, check for any account expiration or SSO login problems that might be affecting access.""]","[""The user is able to log in to Active Directory without encountering an 'invalid' message."", ""The user has been granted access to the specified system, group, or repository as requested.""]",auto_approved,RouterGym\results\analysis_outputs\gold_resolution_eval\gold_matched_production_outputs.jsonl
2703,slm_only__base_slm1__mem_rag_bm25,slm_only,slm1,,rag_bm25,re access re hi please assist resolved asap thanks regards engineer friday november pm hello kindly ask help accessing next log active directory keep getting invalid please help thanks engineer,Hardware,Hardware,Access,"To resolve the Active Directory access issue, please follow these steps: 1. Verify the user's identity and approval. 2. Check for any typos or incorrect details in the user account. 3. Reset the user's password if necessary. 4. Grant the required access level to the user. 5. Ask the user to log off and back in to refresh permissions.","[""Verify requester identity and approval"", ""Check for typos or incorrect details"", ""Reset password if necessary"", ""Grant required access level"", ""Ask user to log off and back in""]","The issue seems to be related to Active Directory access, which falls under the 'Access' category. The user is experiencing an 'Account expired – cannot log in' type of problem, as mentioned in KB Reference 3.",False,"{""needs_human"": false, ""needs_llm_escalation"": false, ""policy_gap"": false, ""reasons"": []}",,,True,True,True,1353,0.0006765,4462.596331955865,0.6325132672018061,5,0,2,1,1,2,1,Low category alignment.,System A,Resolving invalid access issue to Active Directory,"[""Verify the identity of the requester and obtain necessary approval from manager or system owner."", ""Determine the exact system, group, or repository the user requires access to and the appropriate role level."", ""Review current access levels to prevent duplication of access rights."", ""Implement access changes through the IAM tool, AD group management, or application admin console."", ""Instruct the user to log out and log back in to refresh their permissions."", ""Test the access to ensure it functions correctly for key actions and document the groups/roles applied in the ticket."", ""If the issue persists, check for any account expiration or SSO login problems that might be affecting access.""]","[""The user is able to log in to Active Directory without encountering an 'invalid' message."", ""The user has been granted access to the specified system, group, or repository as requested.""]",auto_approved,RouterGym\results\analysis_outputs\gold_resolution_eval\gold_matched_production_outputs.jsonl
2703,slm_only__base_slm2__mem_rag_bm25,slm_only,slm2,,rag_bm25,re access re hi please assist resolved asap thanks regards engineer friday november pm hello kindly ask help accessing next log active directory keep getting invalid please help thanks engineer,Hardware,Hardware,Access,Invalid credentials suggest a misconfiguration or account issue. Verify user details and try logging again.,"[""Verify user credentials and account status."", ""Check for recent changes affecting the account."", ""Ask user to log off and back in."", ""Confirm access to critical resources.""]","Request involves Active Directory access issues, typical of authentication problems requiring user verification and retry.",False,"{""needs_human"": false, ""needs_llm_escalation"": false, ""policy_gap"": false, ""reasons"": []}",,,True,True,True,1009,0.0007063,3090.4436600394547,0.6398104038338933,4,0,1,1,1,2,1,Low category alignment.,System F,Resolving invalid access issue to Active Directory,"[""Verify the identity of the requester and obtain necessary approval from manager or system owner."", ""Determine the exact system, group, or repository the user requires access to and the appropriate role level."", ""Review current access levels to prevent duplication of access rights."", ""Implement access changes through the IAM tool, AD group management, or application admin console."", ""Instruct the user to log out and log back in to refresh their permissions."", ""Test the access to ensure it functions correctly for key actions and document the groups/roles applied in the ticket."", ""If the issue persists, check for any account expiration or SSO login problems that might be affecting access.""]","[""The user is able to log in to Active Directory without encountering an 'invalid' message."", ""The user has been granted access to the specified system, group, or repository as requested.""]",auto_approved,RouterGym\results\analysis_outputs\gold_resolution_eval\gold_matched_production_outputs.jsonl
2740,llm_only__base_llm1__mem_rag_bm25,llm_only,llm1,,rag_bm25,replicate the color code updated calendar app hi please replicate color code categories well ones thank november re updated calendar app hi thank help calendar looks great noticed entries calendar displayed times please way keep colored ones thank november updated calendar app resolved fellow think query logged has resolved did well details reference summary calendar app description re logged calendar app resolution added colors good provided resolution response issue persist recur resolved please best provide assistance matter how how how warm regards ext ref msg,Miscellaneous,Miscellaneous,Miscellaneous,"To keep colored calendar entries displayed with times, ensure the color coding is correctly applied to each event. Check the settings to confirm that the time display is enabled for all events. If the issue persists, consult the user guide or contact support for further assistance.","[""Verify that color coding is correctly applied to each event."", ""Check the settings to ensure time display is enabled for all events."", ""Consult the user guide for detailed instructions."", ""Contact support if the issue persists."", ""Propose updated FAQ or quick-reference guides for recurring questions.""]",The user is experiencing an issue with the display of colored calendar entries and times in the updated calendar app. This is a user education request rather than an incident.,False,"{""needs_human"": false, ""needs_llm_escalation"": false, ""policy_gap"": false, ""reasons"": []}",,,True,True,True,1222,0.007332,4261.861253064126,0.6019067553867926,3,0,1,0,1,2,1,Low category alignment.; Misses key requirements from gold summary/criteria.,System D,Replicate Color Code Categories in Updated Calendar App,"[""Confirm that the calendar app's color code categories are functioning correctly and that there are no incidents reported."", ""Provide detailed instructions on how to apply and manage the new color code categories within the calendar app."", ""Offer links to existing guides or tutorials that cover the use of color code categories for better organization."", ""Instruct the user on how to check if their calendar entries are displaying the correct colors based on the categories."", ""Propose updates to the FAQ or quick-reference guides if similar queries recur frequently."", ""Encourage the user to explore additional features of the calendar app that might enhance their experience."", ""Follow up to ensure that the user understands how to use the color code categories effectively.""]","[""The user should be able to successfully apply and differentiate between the color code categories in the calendar app."", ""The user confirms understanding of how to use the color code categories and reports no further issues or questions regarding this feature.""]",auto_approved,RouterGym\results\analysis_outputs\gold_resolution_eval\gold_matched_production_outputs.jsonl
2740,llm_only__base_llm2__mem_rag_bm25,llm_only,llm2,,rag_bm25,replicate the color code updated calendar app hi please replicate color code categories well ones thank november re updated calendar app hi thank help calendar looks great noticed entries calendar displayed times please way keep colored ones thank november updated calendar app resolved fellow think query logged has resolved did well details reference summary calendar app description re logged calendar app resolution added colors good provided resolution response issue persist recur resolved please best provide assistance matter how how how warm regards ext ref msg,Miscellaneous,Miscellaneous,Miscellaneous,"To replicate color-coded categories in your updated calendar app, ensure you have the latest version installed, then manually assign colors to each category. If this doesn't work, check the app's settings or contact support for further assistance.","[""Ensure app is up-to-date."", ""Assign colors to each category manually."", ""Check app settings for color options."", ""Contact support if issue persists.""]","The user wants to replicate color-coded categories in their updated calendar app, which involves setting up color assignments for different categories within the app.",False,"{""needs_human"": false, ""needs_llm_escalation"": false, ""policy_gap"": false, ""reasons"": []}",,,True,True,True,1147,0.003441,4020.87221480906,0.5638120872026112,6,1,1,1,1,2,1,Low category alignment.,System B,Replicate Color Code Categories in Updated Calendar App,"[""Confirm that the calendar app's color code categories are functioning correctly and that there are no incidents reported."", ""Provide detailed instructions on how to apply and manage the new color code categories within the calendar app."", ""Offer links to existing guides or tutorials that cover the use of color code categories for better organization."", ""Instruct the user on how to check if their calendar entries are displaying the correct colors based on the categories."", ""Propose updates to the FAQ or quick-reference guides if similar queries recur frequently."", ""Encourage the user to explore additional features of the calendar app that might enhance their experience."", ""Follow up to ensure that the user understands how to use the color code categories effectively.""]","[""The user should be able to successfully apply and differentiate between the color code categories in the calendar app."", ""The user confirms understanding of how to use the color code categories and reports no further issues or questions regarding this feature.""]",auto_approved,RouterGym\results\analysis_outputs\gold_resolution_eval\gold_matched_production_outputs.jsonl
2740,slm_dominant__base_slm1__esc_llm2__mem_rag_bm25,slm_dominant,slm1,llm2,rag_bm25,replicate the color code updated calendar app hi please replicate color code categories well ones thank november re updated calendar app hi thank help calendar looks great noticed entries calendar displayed times please way keep colored ones thank november updated calendar app resolved fellow think query logged has resolved did well details reference summary calendar app description re logged calendar app resolution added colors good provided resolution response issue persist recur resolved please best provide assistance matter how how how warm regards ext ref msg,Miscellaneous,Miscellaneous,Miscellaneous,"To replicate color-coded categories in your updated calendar app, ensure you have the latest version installed. Then, assign colors to categories manually or through settings. If unsure, refer to the app's user guide or contact support for detailed instructions.","[""Install the latest calendar app version."", ""Assign colors to categories manually."", ""Refer to the app's user guide."", ""Contact support for detailed instructions.""]","The user wants to replicate color-coded categories in their updated calendar app, which involves setting up category colors either manually or via app settings. This request falls under user education and guidance.",True,"{""needs_human"": false, ""needs_llm_escalation"": true, ""policy_gap"": false, ""reasons"": [""long_ticket""]}",,,True,True,True,2594,0.004191999999999,4041.749371215701,0.5856803410464395,3,0,1,1,1,1,1,Low category alignment.; Unnecessary escalation flagged.,System C,Replicate Color Code Categories in Updated Calendar App,"[""Confirm that the calendar app's color code categories are functioning correctly and that there are no incidents reported."", ""Provide detailed instructions on how to apply and manage the new color code categories within the calendar app."", ""Offer links to existing guides or tutorials that cover the use of color code categories for better organization."", ""Instruct the user on how to check if their calendar entries are displaying the correct colors based on the categories."", ""Propose updates to the FAQ or quick-reference guides if similar queries recur frequently."", ""Encourage the user to explore additional features of the calendar app that might enhance their experience."", ""Follow up to ensure that the user understands how to use the color code categories effectively.""]","[""The user should be able to successfully apply and differentiate between the color code categories in the calendar app."", ""The user confirms understanding of how to use the color code categories and reports no further issues or questions regarding this feature.""]",auto_approved,RouterGym\results\analysis_outputs\gold_resolution_eval\gold_matched_production_outputs.jsonl
2740,slm_dominant__base_slm2__esc_llm2__mem_rag_bm25,slm_dominant,slm2,llm2,rag_bm25,replicate the color code updated calendar app hi please replicate color code categories well ones thank november re updated calendar app hi thank help calendar looks great noticed entries calendar displayed times please way keep colored ones thank november updated calendar app resolved fellow think query logged has resolved did well details reference summary calendar app description re logged calendar app resolution added colors good provided resolution response issue persist recur resolved please best provide assistance matter how how how warm regards ext ref msg,Miscellaneous,Miscellaneous,Miscellaneous,"To replicate color-coded categories in your updated calendar app, ensure you have the latest version installed, then manually assign colors to each category. If this doesn't work, check the app's settings or contact support for further assistance.","[""Ensure app is up-to-date."", ""Assign colors to each category manually."", ""Check app settings for color options."", ""Contact support if issue persists.""]","The user wants to replicate color-coded categories in their updated calendar app, which involves setting up color assignments for different categories within the app.",True,"{""needs_human"": false, ""needs_llm_escalation"": true, ""policy_gap"": false, ""reasons"": [""long_ticket""]}",,,True,True,True,2272,0.0042285,3067.6107110921293,0.5638120872026112,3,0,1,1,1,1,1,Low category alignment.; Unnecessary escalation flagged.,System E,Replicate Color Code Categories in Updated Calendar App,"[""Confirm that the calendar app's color code categories are functioning correctly and that there are no incidents reported."", ""Provide detailed instructions on how to apply and manage the new color code categories within the calendar app."", ""Offer links to existing guides or tutorials that cover the use of color code categories for better organization."", ""Instruct the user on how to check if their calendar entries are displaying the correct colors based on the categories."", ""Propose updates to the FAQ or quick-reference guides if similar queries recur frequently."", ""Encourage the user to explore additional features of the calendar app that might enhance their experience."", ""Follow up to ensure that the user understands how to use the color code categories effectively.""]","[""The user should be able to successfully apply and differentiate between the color code categories in the calendar app."", ""The user confirms understanding of how to use the color code categories and reports no further issues or questions regarding this feature.""]",auto_approved,RouterGym\results\analysis_outputs\gold_resolution_eval\gold_matched_production_outputs.jsonl
2740,slm_only__base_slm1__mem_rag_bm25,slm_only,slm1,,rag_bm25,replicate the color code updated calendar app hi please replicate color code categories well ones thank november re updated calendar app hi thank help calendar looks great noticed entries calendar displayed times please way keep colored ones thank november updated calendar app resolved fellow think query logged has resolved did well details reference summary calendar app description re logged calendar app resolution added colors good provided resolution response issue persist recur resolved please best provide assistance matter how how how warm regards ext ref msg,Miscellaneous,Miscellaneous,,"To replicate color-coded categories in the updated calendar app, follow these steps: 1. Identify the current color codes for each category. 2. Locate the calendar app's codebase or configuration file. 3. Update the code or file to map the new entries with the corresponding color codes. 4. Save and test the changes to ensure the new entries are displayed with the correct colors. 5. If needed, update the app documentation to reflect the new color-coding scheme.","[""Identify current color codes"", ""Locate calendar app's codebase"", ""Update code or file"", ""Test changes"", ""Update app documentation""]",The user is requesting assistance in replicating color-coded categories in an updated calendar app. This is a 'How-To' Guidance and User Education Request as it involves learning how to use an existing tool rather than fixing an incident.,False,"{""needs_human"": false, ""needs_llm_escalation"": false, ""policy_gap"": false, ""reasons"": []}",Model output is not valid JSON.,,True,False,True,1436,0.000717999999999,3741.937789134681,0.5583425135057358,5,0,2,1,1,2,1,Low category alignment.,System A,Replicate Color Code Categories in Updated Calendar App,"[""Confirm that the calendar app's color code categories are functioning correctly and that there are no incidents reported."", ""Provide detailed instructions on how to apply and manage the new color code categories within the calendar app."", ""Offer links to existing guides or tutorials that cover the use of color code categories for better organization."", ""Instruct the user on how to check if their calendar entries are displaying the correct colors based on the categories."", ""Propose updates to the FAQ or quick-reference guides if similar queries recur frequently."", ""Encourage the user to explore additional features of the calendar app that might enhance their experience."", ""Follow up to ensure that the user understands how to use the color code categories effectively.""]","[""The user should be able to successfully apply and differentiate between the color code categories in the calendar app."", ""The user confirms understanding of how to use the color code categories and reports no further issues or questions regarding this feature.""]",auto_approved,RouterGym\results\analysis_outputs\gold_resolution_eval\gold_matched_production_outputs.jsonl
2740,slm_only__base_slm2__mem_rag_bm25,slm_only,slm2,,rag_bm25,replicate the color code updated calendar app hi please replicate color code categories well ones thank november re updated calendar app hi thank help calendar looks great noticed entries calendar displayed times please way keep colored ones thank november updated calendar app resolved fellow think query logged has resolved did well details reference summary calendar app description re logged calendar app resolution added colors good provided resolution response issue persist recur resolved please best provide assistance matter how how how warm regards ext ref msg,Miscellaneous,Miscellaneous,Miscellaneous,"Your request to replicate color codes from the updated calendar app has been noted. Ensure the colors are consistent across all entries. If issues persist, refer to the provided resolution or seek further assistance.","[""Check current color settings in app."", ""Refer to provided resolution steps."", ""If issues persist, seek further assistance.""]","This request is for guidance on using an existing feature, fitting the 'how-to' category.",False,"{""needs_human"": false, ""needs_llm_escalation"": false, ""policy_gap"": false, ""reasons"": []}",,,True,True,True,1125,0.0007875,3308.7182932067662,0.5495541256731995,3,0,1,1,0,2,1,Low category alignment.; Low alignment with gold resolution steps.,System F,Replicate Color Code Categories in Updated Calendar App,"[""Confirm that the calendar app's color code categories are functioning correctly and that there are no incidents reported."", ""Provide detailed instructions on how to apply and manage the new color code categories within the calendar app."", ""Offer links to existing guides or tutorials that cover the use of color code categories for better organization."", ""Instruct the user on how to check if their calendar entries are displaying the correct colors based on the categories."", ""Propose updates to the FAQ or quick-reference guides if similar queries recur frequently."", ""Encourage the user to explore additional features of the calendar app that might enhance their experience."", ""Follow up to ensure that the user understands how to use the color code categories effectively.""]","[""The user should be able to successfully apply and differentiate between the color code categories in the calendar app."", ""The user confirms understanding of how to use the color code categories and reports no further issues or questions regarding this feature.""]",auto_approved,RouterGym\results\analysis_outputs\gold_resolution_eval\gold_matched_production_outputs.jsonl
2848,llm_only__base_llm1__mem_rag_bm25,llm_only,llm1,,rag_bm25,new purchase po purchase po dear purchased headset cable headset please log allocation after receive item please take consideration mandatory receipts section order receive item ordered how video link please receipt number item needed processed kind regards administrator,Purchase,Purchase,Purchase,"To log the allocation of the purchased headset cable, please follow these steps: 1. Log into the procurement system. 2. Locate the purchase order for the headset cable. 3. Update the status to 'received' and log the allocation details. 4. Ensure the receipt is uploaded in the mandatory receipts section. 5. Note the receipt number for future reference.","[""Log into the procurement system and locate the purchase order for the headset cable."", ""Update the status to 'received' and log the allocation details."", ""Ensure the receipt is uploaded in the mandatory receipts section."", ""Note the receipt number for future reference.""]",The request involves logging the allocation of a purchased item and ensuring the receipt is properly documented.,False,"{""needs_human"": false, ""needs_llm_escalation"": false, ""policy_gap"": false, ""reasons"": []}",,,True,True,True,1103,0.006618,5041.300381999463,0.6561784811084739,8,2,2,2,1,2,2,Acceptable scoring across all dimensions.,System D,Purchase Order and Allocation for Headset Cable,"[""Verify that the requester has access to the procurement system and can initiate a purchase order."", ""Create a new purchase order for the headset cable, ensuring all required fields are accurately filled, including the correct cost centre, GL code, and vendor."", ""Guide the user through any validation errors that may arise during the submission of the purchase order and assist in their resolution."", ""Monitor the PO status to confirm it transitions from 'draft' to 'awaiting approval', then 'approved', and finally 'closed'."", ""Upon PO approval, share the PO number with the requester and notify the vendor."", ""After receiving the item, log the allocation in the system and ensure compliance with the mandatory receipts section of the order."", ""Provide the receipt number to the requester and process the item according to internal procedures.""]","[""The purchase order for the headset cable is approved and the item is allocated without issues."", ""The receipt number is correctly recorded and the item processing is completed as per the mandatory receipts section.""]",auto_approved,RouterGym\results\analysis_outputs\gold_resolution_eval\gold_matched_production_outputs.jsonl
2848,llm_only__base_llm2__mem_rag_bm25,llm_only,llm2,,rag_bm25,new purchase po purchase po dear purchased headset cable headset please log allocation after receive item please take consideration mandatory receipts section order receive item ordered how video link please receipt number item needed processed kind regards administrator,Purchase,Purchase,Purchase,The request involves logging the allocation of a recently purchased headset cable and providing the receipt number and video link for further processing. The administrator should ensure that all necessary documentation is collected and submitted correctly.,"[""Verify access to procurement system."", ""Check PO status and details."", ""Collect and submit receipt number."", ""Provide video link for verification."", ""Log allocation upon item receipt.""]",The ticket pertains to the post-purchase activities of logging allocations and providing required documents for a headset cable. It aligns with the purchase category and tracking deliveries subcategory.,False,"{""needs_human"": false, ""needs_llm_escalation"": false, ""policy_gap"": false, ""reasons"": []}",,,True,True,True,983,0.0029490000000000002,4244.137366069481,0.6128956095901867,5,2,1,1,1,2,1,Acceptable scoring across all dimensions.,System B,Purchase Order and Allocation for Headset Cable,"[""Verify that the requester has access to the procurement system and can initiate a purchase order."", ""Create a new purchase order for the headset cable, ensuring all required fields are accurately filled, including the correct cost centre, GL code, and vendor."", ""Guide the user through any validation errors that may arise during the submission of the purchase order and assist in their resolution."", ""Monitor the PO status to confirm it transitions from 'draft' to 'awaiting approval', then 'approved', and finally 'closed'."", ""Upon PO approval, share the PO number with the requester and notify the vendor."", ""After receiving the item, log the allocation in the system and ensure compliance with the mandatory receipts section of the order."", ""Provide the receipt number to the requester and process the item according to internal procedures.""]","[""The purchase order for the headset cable is approved and the item is allocated without issues."", ""The receipt number is correctly recorded and the item processing is completed as per the mandatory receipts section.""]",auto_approved,RouterGym\results\analysis_outputs\gold_resolution_eval\gold_matched_production_outputs.jsonl
2848,slm_dominant__base_slm1__esc_llm2__mem_rag_bm25,slm_dominant,slm1,llm2,rag_bm25,new purchase po purchase po dear purchased headset cable headset please log allocation after receive item please take consideration mandatory receipts section order receive item ordered how video link please receipt number item needed processed kind regards administrator,Purchase,Purchase,Purchase,"After receiving the headset cable headset, please log the allocation in the procurement system. Here are the steps to do so:","[""Locate the purchase order number."", ""Update the order status to 'Received'."", ""Log the allocation details."", ""Confirm the update in the system.""]","The request is related to the Purchase Order Workflow and Tracking Orders and Deliveries, as it involves the receipt and allocation of a purchased item.",False,"{""needs_human"": false, ""needs_llm_escalation"": false, ""policy_gap"": false, ""reasons"": []}",,,True,True,True,1232,0.000615999999999,1734.9795189220458,0.6114073904471246,5,2,1,1,1,2,1,Acceptable scoring across all dimensions.,System C,Purchase Order and Allocation for Headset Cable,"[""Verify that the requester has access to the procurement system and can initiate a purchase order."", ""Create a new purchase order for the headset cable, ensuring all required fields are accurately filled, including the correct cost centre, GL code, and vendor."", ""Guide the user through any validation errors that may arise during the submission of the purchase order and assist in their resolution."", ""Monitor the PO status to confirm it transitions from 'draft' to 'awaiting approval', then 'approved', and finally 'closed'."", ""Upon PO approval, share the PO number with the requester and notify the vendor."", ""After receiving the item, log the allocation in the system and ensure compliance with the mandatory receipts section of the order."", ""Provide the receipt number to the requester and process the item according to internal procedures.""]","[""The purchase order for the headset cable is approved and the item is allocated without issues."", ""The receipt number is correctly recorded and the item processing is completed as per the mandatory receipts section.""]",auto_approved,RouterGym\results\analysis_outputs\gold_resolution_eval\gold_matched_production_outputs.jsonl
2848,slm_dominant__base_slm2__esc_llm2__mem_rag_bm25,slm_dominant,slm2,llm2,rag_bm25,new purchase po purchase po dear purchased headset cable headset please log allocation after receive item please take consideration mandatory receipts section order receive item ordered how video link please receipt number item needed processed kind regards administrator,Purchase,Purchase,Purchase,The ticket involves a purchase request for a headset cable that needs allocation post-receipt. The focus is on logging the allocation and ensuring mandatory receipt documentation is followed.,"[""Verify access to procurement system."", ""Check PO status and ensure correct details are entered."", ""Guide through fixing any validation errors."", ""Confirm PO approval and share PO number.""]","The request pertains to a purchase item needing allocation and receipt documentation, aligning with the purchase category and workflow described in KB Reference 2.",False,"{""needs_human"": false, ""needs_llm_escalation"": false, ""policy_gap"": false, ""reasons"": []}",,,True,True,True,961,0.0006726999999999999,1426.7456561792642,0.6406457218613314,7,2,1,2,1,2,2,Acceptable scoring across all dimensions.,System E,Purchase Order and Allocation for Headset Cable,"[""Verify that the requester has access to the procurement system and can initiate a purchase order."", ""Create a new purchase order for the headset cable, ensuring all required fields are accurately filled, including the correct cost centre, GL code, and vendor."", ""Guide the user through any validation errors that may arise during the submission of the purchase order and assist in their resolution."", ""Monitor the PO status to confirm it transitions from 'draft' to 'awaiting approval', then 'approved', and finally 'closed'."", ""Upon PO approval, share the PO number with the requester and notify the vendor."", ""After receiving the item, log the allocation in the system and ensure compliance with the mandatory receipts section of the order."", ""Provide the receipt number to the requester and process the item according to internal procedures.""]","[""The purchase order for the headset cable is approved and the item is allocated without issues."", ""The receipt number is correctly recorded and the item processing is completed as per the mandatory receipts section.""]",auto_approved,RouterGym\results\analysis_outputs\gold_resolution_eval\gold_matched_production_outputs.jsonl
2848,slm_only__base_slm1__mem_rag_bm25,slm_only,slm1,,rag_bm25,new purchase po purchase po dear purchased headset cable headset please log allocation after receive item please take consideration mandatory receipts section order receive item ordered how video link please receipt number item needed processed kind regards administrator,Purchase,Purchase,Purchase,"After receiving the headset cable headset, please log the allocation in the procurement system. Here are the steps to do so:","[""Locate the purchase order number."", ""Update the order status to 'Received'."", ""Log the allocation details."", ""Confirm the update in the system.""]","The request is related to the Purchase Order Workflow and Tracking Orders and Deliveries, as it involves the receipt and allocation of a purchased item.",False,"{""needs_human"": false, ""needs_llm_escalation"": false, ""policy_gap"": false, ""reasons"": []}",,,True,True,True,1232,0.000615999999999,3597.971251932904,0.6114073904471246,5,2,1,1,1,2,1,Acceptable scoring across all dimensions.,System A,Purchase Order and Allocation for Headset Cable,"[""Verify that the requester has access to the procurement system and can initiate a purchase order."", ""Create a new purchase order for the headset cable, ensuring all required fields are accurately filled, including the correct cost centre, GL code, and vendor."", ""Guide the user through any validation errors that may arise during the submission of the purchase order and assist in their resolution."", ""Monitor the PO status to confirm it transitions from 'draft' to 'awaiting approval', then 'approved', and finally 'closed'."", ""Upon PO approval, share the PO number with the requester and notify the vendor."", ""After receiving the item, log the allocation in the system and ensure compliance with the mandatory receipts section of the order."", ""Provide the receipt number to the requester and process the item according to internal procedures.""]","[""The purchase order for the headset cable is approved and the item is allocated without issues."", ""The receipt number is correctly recorded and the item processing is completed as per the mandatory receipts section.""]",auto_approved,RouterGym\results\analysis_outputs\gold_resolution_eval\gold_matched_production_outputs.jsonl
2848,slm_only__base_slm2__mem_rag_bm25,slm_only,slm2,,rag_bm25,new purchase po purchase po dear purchased headset cable headset please log allocation after receive item please take consideration mandatory receipts section order receive item ordered how video link please receipt number item needed processed kind regards administrator,Purchase,Purchase,Purchase,The ticket involves a purchase request for a headset cable that needs allocation post-receipt. The focus is on logging the allocation and ensuring mandatory receipt documentation is followed.,"[""Verify access to procurement system."", ""Check PO status and ensure correct details are entered."", ""Guide through fixing any validation errors."", ""Confirm PO approval and share PO number.""]","The request pertains to a purchase item needing allocation and receipt documentation, aligning with the purchase category and workflow described in KB Reference 2.",False,"{""needs_human"": false, ""needs_llm_escalation"": false, ""policy_gap"": false, ""reasons"": []}",,,True,True,True,961,0.0006726999999999999,3204.1183221153915,0.6406457218613314,7,2,1,2,1,2,2,Acceptable scoring across all dimensions.,System F,Purchase Order and Allocation for Headset Cable,"[""Verify that the requester has access to the procurement system and can initiate a purchase order."", ""Create a new purchase order for the headset cable, ensuring all required fields are accurately filled, including the correct cost centre, GL code, and vendor."", ""Guide the user through any validation errors that may arise during the submission of the purchase order and assist in their resolution."", ""Monitor the PO status to confirm it transitions from 'draft' to 'awaiting approval', then 'approved', and finally 'closed'."", ""Upon PO approval, share the PO number with the requester and notify the vendor."", ""After receiving the item, log the allocation in the system and ensure compliance with the mandatory receipts section of the order."", ""Provide the receipt number to the requester and process the item according to internal procedures.""]","[""The purchase order for the headset cable is approved and the item is allocated without issues."", ""The receipt number is correctly recorded and the item processing is completed as per the mandatory receipts section.""]",auto_approved,RouterGym\results\analysis_outputs\gold_resolution_eval\gold_matched_production_outputs.jsonl
3036,llm_only__base_llm1__mem_rag_bm25,llm_only,llm1,,rag_bm25,please action direct reports missing time please action reports hello guys please take relevant actions order submit rest he left thank november please action reports dear part established processes each required submit his weekly basis each friday past must submitted receiving because reports haven followed process please help cascade accordingly gets possible breakdown reports please note refers has left maternity other absence leave please update person record otherwise please person directly submit country date total days,HR Support,HR Support,HR Support,Please ensure all direct reports submit their time reports weekly by Friday. Update records for those on leave and cascade instructions to maintain compliance.,"[""Remind direct reports to submit their time reports weekly by Friday."", ""Update records for employees on maternity or other leave."", ""Cascade instructions to all relevant parties to ensure compliance."", ""Break down reports to identify any missing submissions."", ""Follow up with any direct reports who have not submitted their reports.""]","The request involves missing time reports from direct reports, requiring action to ensure compliance with established processes.",False,"{""needs_human"": false, ""needs_llm_escalation"": false, ""policy_gap"": false, ""reasons"": []}",,,True,True,True,1190,0.0071400000000000005,4126.543736085296,0.6049932199126584,5,0,1,2,1,2,2,Low category alignment.,System D,Address missing time reports and update personnel records for maternity and other leaves,"[""Review and confirm the current time-reporting system and the specific reporting period (weekly, monthly)."", ""Verify that all direct reports are correctly assigned to their respective cost centres or projects."", ""Ensure that the timesheet system is accessible for edits and not locked due to payroll processing."", ""Instruct direct reports on how to correct their time entries or initiate an administrative correction if necessary."", ""Reconcile the recalculated totals and ensure that all timesheets have been properly approved."", ""Update the personnel records for individuals on maternity or other forms of leave, ensuring accurate dates and total days are recorded."", ""Notify affected individuals directly to submit their timesheets if they have not done so.""]","[""All direct reports have submitted their timesheets for the current period."", ""Personnel records are accurately updated to reflect maternity and other leaves.""]",auto_approved,RouterGym\results\analysis_outputs\gold_resolution_eval\gold_matched_production_outputs.jsonl
3036,llm_only__base_llm2__mem_rag_bm25,llm_only,llm2,,rag_bm25,please action direct reports missing time please action reports hello guys please take relevant actions order submit rest he left thank november please action reports dear part established processes each required submit his weekly basis each friday past must submitted receiving because reports haven followed process please help cascade accordingly gets possible breakdown reports please note refers has left maternity other absence leave please update person record otherwise please person directly submit country date total days,HR Support,HR Support,HR Support,Ensure all direct reports submit their missing time reports and establish a process for weekly submissions on Fridays. Update records for those on leave and ensure continued compliance with reporting requirements.,"[""Identify missing time reports."", ""Establish weekly submission process."", ""Update records for employees on leave."", ""Directly submit reports for non-compliant individuals."", ""Confirm all reports are submitted.""]","The request pertains to ensuring timely submission of time reports from direct reports, establishing a regular submission process, and handling absences properly.",False,"{""needs_human"": false, ""needs_llm_escalation"": false, ""policy_gap"": false, ""reasons"": []}",,,True,True,True,1118,0.0033539999999999998,3975.1124989707023,0.569450398738187,5,0,1,2,1,2,2,Acceptable scoring across all dimensions.,System B,Address missing time reports and update personnel records for maternity and other leaves,"[""Review and confirm the current time-reporting system and the specific reporting period (weekly, monthly)."", ""Verify that all direct reports are correctly assigned to their respective cost centres or projects."", ""Ensure that the timesheet system is accessible for edits and not locked due to payroll processing."", ""Instruct direct reports on how to correct their time entries or initiate an administrative correction if necessary."", ""Reconcile the recalculated totals and ensure that all timesheets have been properly approved."", ""Update the personnel records for individuals on maternity or other forms of leave, ensuring accurate dates and total days are recorded."", ""Notify affected individuals directly to submit their timesheets if they have not done so.""]","[""All direct reports have submitted their timesheets for the current period."", ""Personnel records are accurately updated to reflect maternity and other leaves.""]",auto_approved,RouterGym\results\analysis_outputs\gold_resolution_eval\gold_matched_production_outputs.jsonl
3036,slm_dominant__base_slm1__esc_llm2__mem_rag_bm25,slm_dominant,slm1,llm2,rag_bm25,please action direct reports missing time please action reports hello guys please take relevant actions order submit rest he left thank november please action reports dear part established processes each required submit his weekly basis each friday past must submitted receiving because reports haven followed process please help cascade accordingly gets possible breakdown reports please note refers has left maternity other absence leave please update person record otherwise please person directly submit country date total days,HR Support,HR Support,HR Support,Ensure all direct reports submit their missing time reports and establish a process for weekly submissions on Fridays. Update records for those on leave and ensure continued compliance with reporting requirements.,"[""Identify missing time reports."", ""Establish weekly submission process."", ""Update records for employees on leave."", ""Directly submit reports for non-compliant individuals."", ""Confirm all reports are submitted.""]","The request pertains to ensuring timely submission of time reports from direct reports, establishing a regular submission process, and handling absences properly.",True,"{""needs_human"": false, ""needs_llm_escalation"": true, ""policy_gap"": false, ""reasons"": [""long_ticket""]}",,,True,True,True,2584,0.0040869999999999995,4157.543759094551,0.569450398738187,5,0,1,2,1,1,2,Low category alignment.; Unnecessary escalation flagged.,System C,Address missing time reports and update personnel records for maternity and other leaves,"[""Review and confirm the current time-reporting system and the specific reporting period (weekly, monthly)."", ""Verify that all direct reports are correctly assigned to their respective cost centres or projects."", ""Ensure that the timesheet system is accessible for edits and not locked due to payroll processing."", ""Instruct direct reports on how to correct their time entries or initiate an administrative correction if necessary."", ""Reconcile the recalculated totals and ensure that all timesheets have been properly approved."", ""Update the personnel records for individuals on maternity or other forms of leave, ensuring accurate dates and total days are recorded."", ""Notify affected individuals directly to submit their timesheets if they have not done so.""]","[""All direct reports have submitted their timesheets for the current period."", ""Personnel records are accurately updated to reflect maternity and other leaves.""]",auto_approved,RouterGym\results\analysis_outputs\gold_resolution_eval\gold_matched_production_outputs.jsonl
3036,slm_dominant__base_slm2__esc_llm2__mem_rag_bm25,slm_dominant,slm2,llm2,rag_bm25,please action direct reports missing time please action reports hello guys please take relevant actions order submit rest he left thank november please action reports dear part established processes each required submit his weekly basis each friday past must submitted receiving because reports haven followed process please help cascade accordingly gets possible breakdown reports please note refers has left maternity other absence leave please update person record otherwise please person directly submit country date total days,HR Support,HR Support,HR Support,Ensure all direct reports submit their missing time reports and establish a process for weekly submissions on Fridays. Update records for those on leave and ensure continued compliance with reporting requirements.,"[""Identify missing time reports."", ""Establish weekly submission process."", ""Update records for employees on leave."", ""Directly submit reports for non-compliant individuals."", ""Confirm all reports are submitted.""]","The request pertains to ensuring timely submission of time reports from direct reports, establishing a regular submission process, and handling absences properly.",True,"{""needs_human"": false, ""needs_llm_escalation"": true, ""policy_gap"": false, ""reasons"": [""long_ticket""]}",,,True,True,True,2227,0.0041303,3072.349629132077,0.569450398738187,5,0,1,2,1,1,2,Low category alignment.; Unnecessary escalation flagged.,System E,Address missing time reports and update personnel records for maternity and other leaves,"[""Review and confirm the current time-reporting system and the specific reporting period (weekly, monthly)."", ""Verify that all direct reports are correctly assigned to their respective cost centres or projects."", ""Ensure that the timesheet system is accessible for edits and not locked due to payroll processing."", ""Instruct direct reports on how to correct their time entries or initiate an administrative correction if necessary."", ""Reconcile the recalculated totals and ensure that all timesheets have been properly approved."", ""Update the personnel records for individuals on maternity or other forms of leave, ensuring accurate dates and total days are recorded."", ""Notify affected individuals directly to submit their timesheets if they have not done so.""]","[""All direct reports have submitted their timesheets for the current period."", ""Personnel records are accurately updated to reflect maternity and other leaves.""]",auto_approved,RouterGym\results\analysis_outputs\gold_resolution_eval\gold_matched_production_outputs.jsonl
3036,slm_only__base_slm1__mem_rag_bm25,slm_only,slm1,,rag_bm25,please action direct reports missing time please action reports hello guys please take relevant actions order submit rest he left thank november please action reports dear part established processes each required submit his weekly basis each friday past must submitted receiving because reports haven followed process please help cascade accordingly gets possible breakdown reports please note refers has left maternity other absence leave please update person record otherwise please person directly submit country date total days,HR Support,HR Support,HR Support,"Please ensure all direct reports submit their timesheets and weekly reports as per the established process. If there are any issues, guide them through correcting entries or raise a request for admin correction. Confirm the recalculated totals and approval status.","[""Confirm the correct time-reporting system and period"", ""Check that the users are assigned to the correct cost centre/project"", ""Validate that the timesheets are open for editing and not locked by payroll"", ""Guide the users through correcting entries or raise a request for admin correction"", ""Confirm the recalculated totals and approval status""]","The ticket refers to missing time submissions and overdue weekly reports from direct reports. This issue can be resolved by guiding the users to submit their timesheets and weekly reports, or by raising a request for admin correction.",False,"{""needs_human"": false, ""needs_llm_escalation"": false, ""policy_gap"": false, ""reasons"": []}",,,True,True,True,1466,0.0007329999999990001,4063.158120959997,0.6413228064181292,4,0,1,1,1,2,1,Low category alignment.,System A,Address missing time reports and update personnel records for maternity and other leaves,"[""Review and confirm the current time-reporting system and the specific reporting period (weekly, monthly)."", ""Verify that all direct reports are correctly assigned to their respective cost centres or projects."", ""Ensure that the timesheet system is accessible for edits and not locked due to payroll processing."", ""Instruct direct reports on how to correct their time entries or initiate an administrative correction if necessary."", ""Reconcile the recalculated totals and ensure that all timesheets have been properly approved."", ""Update the personnel records for individuals on maternity or other forms of leave, ensuring accurate dates and total days are recorded."", ""Notify affected individuals directly to submit their timesheets if they have not done so.""]","[""All direct reports have submitted their timesheets for the current period."", ""Personnel records are accurately updated to reflect maternity and other leaves.""]",auto_approved,RouterGym\results\analysis_outputs\gold_resolution_eval\gold_matched_production_outputs.jsonl
3036,slm_only__base_slm2__mem_rag_bm25,slm_only,slm2,,rag_bm25,please action direct reports missing time please action reports hello guys please take relevant actions order submit rest he left thank november please action reports dear part established processes each required submit his weekly basis each friday past must submitted receiving because reports haven followed process please help cascade accordingly gets possible breakdown reports please note refers has left maternity other absence leave please update person record otherwise please person directly submit country date total days,HR Support,HR Support,HR Support,"Direct reports are not submitting their weekly timesheets, which should be due on Fridays. Ensure they follow the established process and submit their reports promptly.","[""Verify direct reports' submission process."", ""Remind them to submit by Friday."", ""Check for any absences or leaves."", ""Update records if necessary.""]","The issue is related to time sheet submission, a common HR support concern. The request needs clear steps to address the non-submission of timesheets.",False,"{""needs_human"": false, ""needs_llm_escalation"": false, ""policy_gap"": false, ""reasons"": []}",,,True,True,True,1109,0.0007763,3133.887422969565,0.5554769498393466,5,2,1,1,1,2,1,Acceptable scoring across all dimensions.,System F,Address missing time reports and update personnel records for maternity and other leaves,"[""Review and confirm the current time-reporting system and the specific reporting period (weekly, monthly)."", ""Verify that all direct reports are correctly assigned to their respective cost centres or projects."", ""Ensure that the timesheet system is accessible for edits and not locked due to payroll processing."", ""Instruct direct reports on how to correct their time entries or initiate an administrative correction if necessary."", ""Reconcile the recalculated totals and ensure that all timesheets have been properly approved."", ""Update the personnel records for individuals on maternity or other forms of leave, ensuring accurate dates and total days are recorded."", ""Notify affected individuals directly to submit their timesheets if they have not done so.""]","[""All direct reports have submitted their timesheets for the current period."", ""Personnel records are accurately updated to reflect maternity and other leaves.""]",auto_approved,RouterGym\results\analysis_outputs\gold_resolution_eval\gold_matched_production_outputs.jsonl
3154,llm_only__base_llm1__mem_rag_bm25,llm_only,llm1,,rag_bm25,needs to be progressed needs progressed hello please create assign sn help progress change title cr pending thanks,Miscellaneous,Miscellaneous,Miscellaneous,"To assign a new ServiceNow (SN) ticket and change its title, follow these steps: 1. Create a new ticket in ServiceNow. 2. Assign the ticket to the appropriate team or individual. 3. Update the ticket title to reflect the current progress status. 4. Ensure the ticket is marked as pending if further action is required.","[""Create a new ticket in ServiceNow."", ""Assign the ticket to the appropriate team or individual."", ""Update the ticket title to reflect the current progress status."", ""Ensure the ticket is marked as pending if further action is required.""]","The request involves creating and updating a ServiceNow ticket, which falls under IT support tasks.",False,"{""needs_human"": false, ""needs_llm_escalation"": false, ""policy_gap"": false, ""reasons"": []}",,,True,True,True,1032,0.0061920000000000005,4240.206024842337,0.5926548690103084,4,0,2,0,1,1,1,Low category alignment.; Misses key requirements from gold summary/criteria.; Escalation expected but not flagged.,System D,Progress IT ticket for miscellaneous request related to internal project support,"[""Gather detailed information about the project including sponsor, manager, and expected duration."", ""Identify and document the required systems such as repositories, CI/CD tools, databases, and test/stage environments."", ""Assign a primary IT contact or support group responsible for the project."", ""Define clear support hours, incident severity levels, and escalation contacts for the project."", ""Document the entire project setup and support model in a shared and accessible location."", ""Review the documentation with the project team to ensure accuracy and completeness."", ""Update the ticket with the progress and next steps for the requester.""]","[""Documentation of project setup and support model is complete and accurate."", ""A primary IT contact or support group is assigned and confirmed by the project team."", ""The ticket is updated with clear next steps and the requester acknowledges the progress.""]",auto_approved,RouterGym\results\analysis_outputs\gold_resolution_eval\gold_matched_production_outputs.jsonl
3154,llm_only__base_llm2__mem_rag_bm25,llm_only,llm2,,rag_bm25,needs to be progressed needs progressed hello please create assign sn help progress change title cr pending thanks,Miscellaneous,Miscellaneous,Miscellaneous,A ServiceNow ticket will be created and assigned to progress the pending change request. The ticket will be monitored until the request is resolved.,"[""Create a new ServiceNow ticket."", ""Assign the ticket to the relevant team."", ""Monitor the ticket status."", ""Ensure the change request is progressed."", ""Close the ticket once resolved.""]",The request indicates a need to initiate and track a change request through a ticketing system like ServiceNow.,False,"{""needs_human"": false, ""needs_llm_escalation"": false, ""policy_gap"": false, ""reasons"": []}",,,True,True,True,951,0.002853,3894.4878159090877,0.5700503838579705,3,0,1,1,1,1,1,Low category alignment.; Escalation expected but not flagged.,System B,Progress IT ticket for miscellaneous request related to internal project support,"[""Gather detailed information about the project including sponsor, manager, and expected duration."", ""Identify and document the required systems such as repositories, CI/CD tools, databases, and test/stage environments."", ""Assign a primary IT contact or support group responsible for the project."", ""Define clear support hours, incident severity levels, and escalation contacts for the project."", ""Document the entire project setup and support model in a shared and accessible location."", ""Review the documentation with the project team to ensure accuracy and completeness."", ""Update the ticket with the progress and next steps for the requester.""]","[""Documentation of project setup and support model is complete and accurate."", ""A primary IT contact or support group is assigned and confirmed by the project team."", ""The ticket is updated with clear next steps and the requester acknowledges the progress.""]",auto_approved,RouterGym\results\analysis_outputs\gold_resolution_eval\gold_matched_production_outputs.jsonl
3154,slm_dominant__base_slm1__esc_llm2__mem_rag_bm25,slm_dominant,slm1,llm2,rag_bm25,needs to be progressed needs progressed hello please create assign sn help progress change title cr pending thanks,Miscellaneous,Miscellaneous,HR Support,"To progress your request, please follow these steps: Confirm HR has recorded the change and effective date. Map new role to standard IT access profile. Add or remove applications, distribution lists, and HR permissions. Validate new permissions with the user and manager. Remove temporary or probationary access that is no longer required.","[""Confirm HR has recorded the change and effective date"", ""Map new role to standard IT access profile"", ""Add or remove applications, distribution lists, and HR permissions"", ""Validate new permissions with the user and manager"", ""Remove temporary or probationary access that is no longer required""]","The ticket refers to a role change, which typically requires an update to the employee's IT access. The provided pattern matches the 'Probation, Promotion and Role Change IT Updates' knowledge base article.",False,"{""needs_human"": false, ""needs_llm_escalation"": false, ""policy_gap"": false, ""reasons"": []}",,,True,True,True,1277,0.0006385,2164.059642003849,0.5893918255619124,2,0,1,0,1,1,0,Low category alignment.; Misses key requirements from gold summary/criteria.; Escalation expected but not flagged.; Low policy/gold grounding.,System C,Progress IT ticket for miscellaneous request related to internal project support,"[""Gather detailed information about the project including sponsor, manager, and expected duration."", ""Identify and document the required systems such as repositories, CI/CD tools, databases, and test/stage environments."", ""Assign a primary IT contact or support group responsible for the project."", ""Define clear support hours, incident severity levels, and escalation contacts for the project."", ""Document the entire project setup and support model in a shared and accessible location."", ""Review the documentation with the project team to ensure accuracy and completeness."", ""Update the ticket with the progress and next steps for the requester.""]","[""Documentation of project setup and support model is complete and accurate."", ""A primary IT contact or support group is assigned and confirmed by the project team."", ""The ticket is updated with clear next steps and the requester acknowledges the progress.""]",auto_approved,RouterGym\results\analysis_outputs\gold_resolution_eval\gold_matched_production_outputs.jsonl
3154,slm_dominant__base_slm2__esc_llm2__mem_rag_bm25,slm_dominant,slm2,llm2,rag_bm25,needs to be progressed needs progressed hello please create assign sn help progress change title cr pending thanks,Miscellaneous,Miscellaneous,HR Support,IT will update access based on HR records and standard procedures.,"[""Confirm HR records and effective date."", ""Map new role to IT access profile."", ""Update access and validate with user."", ""Document changes in shared location.""]","The request aligns with typical patterns for probation updates, requiring IT to follow standard procedures for access changes.",False,"{""needs_human"": false, ""needs_llm_escalation"": false, ""policy_gap"": false, ""reasons"": []}",,,True,True,True,925,0.0006475000000000001,1074.0319530013949,0.5793131726874621,2,0,1,0,1,1,0,Low category alignment.; Misses key requirements from gold summary/criteria.; Escalation expected but not flagged.; Low policy/gold grounding.; Very short answer.,System E,Progress IT ticket for miscellaneous request related to internal project support,"[""Gather detailed information about the project including sponsor, manager, and expected duration."", ""Identify and document the required systems such as repositories, CI/CD tools, databases, and test/stage environments."", ""Assign a primary IT contact or support group responsible for the project."", ""Define clear support hours, incident severity levels, and escalation contacts for the project."", ""Document the entire project setup and support model in a shared and accessible location."", ""Review the documentation with the project team to ensure accuracy and completeness."", ""Update the ticket with the progress and next steps for the requester.""]","[""Documentation of project setup and support model is complete and accurate."", ""A primary IT contact or support group is assigned and confirmed by the project team."", ""The ticket is updated with clear next steps and the requester acknowledges the progress.""]",auto_approved,RouterGym\results\analysis_outputs\gold_resolution_eval\gold_matched_production_outputs.jsonl
3154,slm_only__base_slm1__mem_rag_bm25,slm_only,slm1,,rag_bm25,needs to be progressed needs progressed hello please create assign sn help progress change title cr pending thanks,Miscellaneous,Miscellaneous,HR Support,"To progress your request, please follow these steps: Confirm HR has recorded the change and effective date. Map new role to standard IT access profile. Add or remove applications, distribution lists, and HR permissions. Validate new permissions with the user and manager. Remove temporary or probationary access that is no longer required.","[""Confirm HR has recorded the change and effective date"", ""Map new role to standard IT access profile"", ""Add or remove applications, distribution lists, and HR permissions"", ""Validate new permissions with the user and manager"", ""Remove temporary or probationary access that is no longer required""]","The ticket refers to a role change, which typically requires an update to the employee's IT access. The provided pattern matches the 'Probation, Promotion and Role Change IT Updates' knowledge base article.",False,"{""needs_human"": false, ""needs_llm_escalation"": false, ""policy_gap"": false, ""reasons"": []}",,,True,True,True,1277,0.0006385,3988.140462199226,0.5893918255619124,2,0,1,0,1,1,0,Low category alignment.; Misses key requirements from gold summary/criteria.; Escalation expected but not flagged.; Low policy/gold grounding.,System A,Progress IT ticket for miscellaneous request related to internal project support,"[""Gather detailed information about the project including sponsor, manager, and expected duration."", ""Identify and document the required systems such as repositories, CI/CD tools, databases, and test/stage environments."", ""Assign a primary IT contact or support group responsible for the project."", ""Define clear support hours, incident severity levels, and escalation contacts for the project."", ""Document the entire project setup and support model in a shared and accessible location."", ""Review the documentation with the project team to ensure accuracy and completeness."", ""Update the ticket with the progress and next steps for the requester.""]","[""Documentation of project setup and support model is complete and accurate."", ""A primary IT contact or support group is assigned and confirmed by the project team."", ""The ticket is updated with clear next steps and the requester acknowledges the progress.""]",auto_approved,RouterGym\results\analysis_outputs\gold_resolution_eval\gold_matched_production_outputs.jsonl
3154,slm_only__base_slm2__mem_rag_bm25,slm_only,slm2,,rag_bm25,needs to be progressed needs progressed hello please create assign sn help progress change title cr pending thanks,Miscellaneous,Miscellaneous,HR Support,IT will update access based on HR records and standard procedures.,"[""Confirm HR records and effective date."", ""Map new role to IT access profile."", ""Update access and validate with user."", ""Document changes in shared location.""]","The request aligns with typical patterns for probation updates, requiring IT to follow standard procedures for access changes.",False,"{""needs_human"": false, ""needs_llm_escalation"": false, ""policy_gap"": false, ""reasons"": []}",,,True,True,True,925,0.0006475000000000001,2900.215543806553,0.5793131726874621,2,0,1,0,1,1,0,Low category alignment.; Misses key requirements from gold summary/criteria.; Escalation expected but not flagged.; Low policy/gold grounding.; Very short answer.,System F,Progress IT ticket for miscellaneous request related to internal project support,"[""Gather detailed information about the project including sponsor, manager, and expected duration."", ""Identify and document the required systems such as repositories, CI/CD tools, databases, and test/stage environments."", ""Assign a primary IT contact or support group responsible for the project."", ""Define clear support hours, incident severity levels, and escalation contacts for the project."", ""Document the entire project setup and support model in a shared and accessible location."", ""Review the documentation with the project team to ensure accuracy and completeness."", ""Update the ticket with the progress and next steps for the requester.""]","[""Documentation of project setup and support model is complete and accurate."", ""A primary IT contact or support group is assigned and confirmed by the project team."", ""The ticket is updated with clear next steps and the requester acknowledges the progress.""]",auto_approved,RouterGym\results\analysis_outputs\gold_resolution_eval\gold_matched_production_outputs.jsonl
3155,llm_only__base_llm1__mem_rag_bm25,llm_only,llm1,,rag_bm25,please access to confluence for please confluence dear please confluence thank best regards agile safe agile methodology next annual leave november,Access,Access,Access,"To grant access to Confluence, verify the requester's identity and approval, identify the required system and role, check for existing access, apply the change via the appropriate tool, and confirm the access works.","[""Verify requester identity and approval from manager or system owner."", ""Identify the exact system and role level required for Confluence access."", ""Check for existing access to avoid duplicates."", ""Apply the change via the IAM tool or application admin console."", ""Ask the user to log off and back in to refresh permissions.""]","The request is for access to Confluence, which fits the Access Request Flow category. The steps involve verifying identity, identifying the system, checking for duplicates, applying changes, and confirming access.",False,"{""needs_human"": false, ""needs_llm_escalation"": false, ""policy_gap"": false, ""reasons"": []}",,,True,True,True,1133,0.006797999999999999,4695.93219505623,0.6852145834401865,6,2,1,1,2,2,1,Acceptable scoring across all dimensions.,System D,Grant access to Confluence,"[""Verify the identity of the requester and obtain approval from their manager or the system owner."", ""Determine the specific Confluence space(s) or group(s) required and the appropriate role level."", ""Review current access levels to prevent granting duplicate permissions."", ""Execute the access change through the IAM tool, AD group management, or the Confluence admin console."", ""Instruct the user to sign out and sign back in to update their session permissions."", ""Test the access by performing key actions within Confluence; document the groups and roles applied in the ticket.""]","[""The user demonstrates successful login and navigation within the specified Confluence spaces."", ""The assigned role level and permissions match the requirements for the user's role within the organization.""]",auto_approved,RouterGym\results\analysis_outputs\gold_resolution_eval\gold_matched_production_outputs.jsonl
3155,llm_only__base_llm2__mem_rag_bm25,llm_only,llm2,,rag_bm25,please access to confluence for please confluence dear please confluence thank best regards agile safe agile methodology next annual leave november,Access,Access,Access,"To grant access to Confluence, we need to verify your identity and confirm the required access level. We will then apply the necessary changes through our IAM tool and ensure the permissions are correctly set.","[""Verify requester's identity and approval."", ""Identify required Confluence access level."", ""Check for existing access to avoid duplication."", ""Apply access changes via IAM tool."", ""Confirm access works for key actions.""]","The request clearly indicates a need for Confluence access related to agile methodologies, aligning with typical access requests.",False,"{""needs_human"": false, ""needs_llm_escalation"": false, ""policy_gap"": false, ""reasons"": []}",,,True,True,True,1032,0.0030960000000000002,3990.9907181281596,0.6006507305253646,5,2,1,1,1,2,1,Acceptable scoring across all dimensions.,System B,Grant access to Confluence,"[""Verify the identity of the requester and obtain approval from their manager or the system owner."", ""Determine the specific Confluence space(s) or group(s) required and the appropriate role level."", ""Review current access levels to prevent granting duplicate permissions."", ""Execute the access change through the IAM tool, AD group management, or the Confluence admin console."", ""Instruct the user to sign out and sign back in to update their session permissions."", ""Test the access by performing key actions within Confluence; document the groups and roles applied in the ticket.""]","[""The user demonstrates successful login and navigation within the specified Confluence spaces."", ""The assigned role level and permissions match the requirements for the user's role within the organization.""]",auto_approved,RouterGym\results\analysis_outputs\gold_resolution_eval\gold_matched_production_outputs.jsonl
3155,slm_dominant__base_slm1__esc_llm2__mem_rag_bm25,slm_dominant,slm1,llm2,rag_bm25,please access to confluence for please confluence dear please confluence thank best regards agile safe agile methodology next annual leave november,Access,Access,Access,Your Confluence access has been granted. Please log off and back in to refresh permissions.,"[""Verify requester identity and approval"", ""Identify exact system and role level"", ""Apply change via IAM tool or application admin console"", ""Ask user to log off and back in to refresh permissions""]","The request matches the Access Request Flow pattern for creating user access to systems, in this case, Confluence.",False,"{""needs_human"": false, ""needs_llm_escalation"": false, ""policy_gap"": false, ""reasons"": []}",,,True,True,True,1278,0.0006389999999999999,1977.1929590497166,0.6327780282235448,2,2,1,1,0,2,0,Unsafe: answer claims action completed without process.,System C,Grant access to Confluence,"[""Verify the identity of the requester and obtain approval from their manager or the system owner."", ""Determine the specific Confluence space(s) or group(s) required and the appropriate role level."", ""Review current access levels to prevent granting duplicate permissions."", ""Execute the access change through the IAM tool, AD group management, or the Confluence admin console."", ""Instruct the user to sign out and sign back in to update their session permissions."", ""Test the access by performing key actions within Confluence; document the groups and roles applied in the ticket.""]","[""The user demonstrates successful login and navigation within the specified Confluence spaces."", ""The assigned role level and permissions match the requirements for the user's role within the organization.""]",auto_approved,RouterGym\results\analysis_outputs\gold_resolution_eval\gold_matched_production_outputs.jsonl
3155,slm_dominant__base_slm2__esc_llm2__mem_rag_bm25,slm_dominant,slm2,llm2,rag_bm25,please access to confluence for please confluence dear please confluence thank best regards agile safe agile methodology next annual leave november,Access,Access,Access,Access granted to Confluence for agile safe methodology documentation. Verify access and log off then back in.,"[""Verify requester identity and approval."", ""Identify exact Confluence access needed."", ""Check for existing access."", ""Apply change via IAM tool."", ""Confirm access works.""]","The request is for system access, matching the 'Access' category pattern.",False,"{""needs_human"": false, ""needs_llm_escalation"": false, ""policy_gap"": false, ""reasons"": []}",,,True,True,True,999,0.0006992999999990001,1124.9233989510685,0.5804249944439844,5,2,1,1,1,2,1,Acceptable scoring across all dimensions.,System E,Grant access to Confluence,"[""Verify the identity of the requester and obtain approval from their manager or the system owner."", ""Determine the specific Confluence space(s) or group(s) required and the appropriate role level."", ""Review current access levels to prevent granting duplicate permissions."", ""Execute the access change through the IAM tool, AD group management, or the Confluence admin console."", ""Instruct the user to sign out and sign back in to update their session permissions."", ""Test the access by performing key actions within Confluence; document the groups and roles applied in the ticket.""]","[""The user demonstrates successful login and navigation within the specified Confluence spaces."", ""The assigned role level and permissions match the requirements for the user's role within the organization.""]",auto_approved,RouterGym\results\analysis_outputs\gold_resolution_eval\gold_matched_production_outputs.jsonl
3155,slm_only__base_slm1__mem_rag_bm25,slm_only,slm1,,rag_bm25,please access to confluence for please confluence dear please confluence thank best regards agile safe agile methodology next annual leave november,Access,Access,Access,Your Confluence access has been granted. Please log off and back in to refresh permissions.,"[""Verify requester identity and approval"", ""Identify exact system and role level"", ""Apply change via IAM tool or application admin console"", ""Ask user to log off and back in to refresh permissions""]","The request matches the Access Request Flow pattern for creating user access to systems, in this case, Confluence.",False,"{""needs_human"": false, ""needs_llm_escalation"": false, ""policy_gap"": false, ""reasons"": []}",,,True,True,True,1278,0.0006389999999999999,3507.564120925963,0.6327780282235448,2,2,1,1,0,2,0,Unsafe: answer claims action completed without process.,System A,Grant access to Confluence,"[""Verify the identity of the requester and obtain approval from their manager or the system owner."", ""Determine the specific Confluence space(s) or group(s) required and the appropriate role level."", ""Review current access levels to prevent granting duplicate permissions."", ""Execute the access change through the IAM tool, AD group management, or the Confluence admin console."", ""Instruct the user to sign out and sign back in to update their session permissions."", ""Test the access by performing key actions within Confluence; document the groups and roles applied in the ticket.""]","[""The user demonstrates successful login and navigation within the specified Confluence spaces."", ""The assigned role level and permissions match the requirements for the user's role within the organization.""]",auto_approved,RouterGym\results\analysis_outputs\gold_resolution_eval\gold_matched_production_outputs.jsonl
3155,slm_only__base_slm2__mem_rag_bm25,slm_only,slm2,,rag_bm25,please access to confluence for please confluence dear please confluence thank best regards agile safe agile methodology next annual leave november,Access,Access,Access,Access granted to Confluence for agile safe methodology documentation. Verify access and log off then back in.,"[""Verify requester identity and approval."", ""Identify exact Confluence access needed."", ""Check for existing access."", ""Apply change via IAM tool."", ""Confirm access works.""]","The request is for system access, matching the 'Access' category pattern.",False,"{""needs_human"": false, ""needs_llm_escalation"": false, ""policy_gap"": false, ""reasons"": []}",,,True,True,True,999,0.0006992999999990001,3085.1223058998585,0.5804249944439844,5,2,1,1,1,2,1,Acceptable scoring across all dimensions.,System F,Grant access to Confluence,"[""Verify the identity of the requester and obtain approval from their manager or the system owner."", ""Determine the specific Confluence space(s) or group(s) required and the appropriate role level."", ""Review current access levels to prevent granting duplicate permissions."", ""Execute the access change through the IAM tool, AD group management, or the Confluence admin console."", ""Instruct the user to sign out and sign back in to update their session permissions."", ""Test the access by performing key actions within Confluence; document the groups and roles applied in the ticket.""]","[""The user demonstrates successful login and navigation within the specified Confluence spaces."", ""The assigned role level and permissions match the requirements for the user's role within the organization.""]",auto_approved,RouterGym\results\analysis_outputs\gold_resolution_eval\gold_matched_production_outputs.jsonl
3380,llm_only__base_llm1__mem_rag_bm25,llm_only,llm1,,rag_bm25,lazar wants to access shopping list it wants shopping please provide accept decline requests,Storage,Storage,Storage,"Lazar can access the shopping list by logging into the corporate system. To accept or decline requests, Lazar should use the designated request management tool within the system.","[""Instruct Lazar to log into the corporate system to access the shopping list."", ""Guide Lazar to use the request management tool within the system to accept or decline requests.""]","The request involves accessing a corporate shopping list and managing requests, which falls under storage and access management.",False,"{""needs_human"": false, ""needs_llm_escalation"": false, ""policy_gap"": false, ""reasons"": []}",,,True,True,True,1008,0.006047999999999,3799.695358145982,0.6175420951117809,5,2,1,1,1,2,1,Acceptable scoring across all dimensions.,System D,Access request for shopping list,"[""Verify lazars identity and confirm approval from manager or system owner"", ""Determine if the shopping list is part of a corporate system or a personal request"", ""If corporate, identify the exact system or application where the shopping list is located"", ""Check for existing access to the shopping list to avoid granting duplicate permissions"", ""Grant access via IAM tool, AD group, or application admin console if the request is within scope"", ""Instruct lazars to log off and back in to refresh permissions"", ""Test access with lazars to ensure they can view and edit the shopping list""]","[""Lazar has confirmed access to the shopping list"", ""Lazar can perform all necessary actions on the shopping list without encountering any issues""]",auto_approved,RouterGym\results\analysis_outputs\gold_resolution_eval\gold_matched_production_outputs.jsonl
3380,llm_only__base_llm2__mem_rag_bm25,llm_only,llm2,,rag_bm25,lazar wants to access shopping list it wants shopping please provide accept decline requests,Storage,Storage,Storage,Access to the shopping list has been requested by Lazar. Please review and either approve or deny this request based on company policy regarding data access.,"[""Review Lazar's request for shopping list access."", ""Determine if Lazar's role justifies access."", ""Approve or deny request based on findings."", ""Document decision for audit purposes."", ""Notify Lazar of the outcome.""]","The request pertains to accessing a specific list, likely containing sensitive information, thus requiring administrative oversight.",False,"{""needs_human"": true, ""needs_llm_escalation"": false, ""policy_gap"": false, ""reasons"": []}",,,True,True,True,954,0.0028620000000000004,4276.953898835927,0.5600696777774394,3,0,1,1,1,1,1,Low category alignment.; Unnecessary escalation flagged.,System B,Access request for shopping list,"[""Verify lazars identity and confirm approval from manager or system owner"", ""Determine if the shopping list is part of a corporate system or a personal request"", ""If corporate, identify the exact system or application where the shopping list is located"", ""Check for existing access to the shopping list to avoid granting duplicate permissions"", ""Grant access via IAM tool, AD group, or application admin console if the request is within scope"", ""Instruct lazars to log off and back in to refresh permissions"", ""Test access with lazars to ensure they can view and edit the shopping list""]","[""Lazar has confirmed access to the shopping list"", ""Lazar can perform all necessary actions on the shopping list without encountering any issues""]",auto_approved,RouterGym\results\analysis_outputs\gold_resolution_eval\gold_matched_production_outputs.jsonl
3380,slm_dominant__base_slm1__esc_llm2__mem_rag_bm25,slm_dominant,slm1,llm2,rag_bm25,lazar wants to access shopping list it wants shopping please provide accept decline requests,Storage,Storage,Miscellaneous,"I'm sorry for any confusion, but our system does not provide shopping list access or shopping services. You can create a shopping list on your own and use it for your shopping needs.","[""Explain the support boundaries for personal shopping."", ""Provide guidance for creating and managing a personal shopping list.""]",The request is outside the scope of our IT services as it pertains to personal shopping rather than administrative access or system-related tasks.,False,"{""needs_human"": false, ""needs_llm_escalation"": false, ""policy_gap"": false, ""reasons"": []}",,,True,True,True,1174,0.000587,1462.449864950031,0.5600317361931065,4,0,1,1,1,2,1,Low category alignment.,System C,Access request for shopping list,"[""Verify lazars identity and confirm approval from manager or system owner"", ""Determine if the shopping list is part of a corporate system or a personal request"", ""If corporate, identify the exact system or application where the shopping list is located"", ""Check for existing access to the shopping list to avoid granting duplicate permissions"", ""Grant access via IAM tool, AD group, or application admin console if the request is within scope"", ""Instruct lazars to log off and back in to refresh permissions"", ""Test access with lazars to ensure they can view and edit the shopping list""]","[""Lazar has confirmed access to the shopping list"", ""Lazar can perform all necessary actions on the shopping list without encountering any issues""]",auto_approved,RouterGym\results\analysis_outputs\gold_resolution_eval\gold_matched_production_outputs.jsonl
3380,slm_dominant__base_slm2__esc_llm2__mem_rag_bm25,slm_dominant,slm2,llm2,rag_bm25,lazar wants to access shopping list it wants shopping please provide accept decline requests,Storage,Storage,Miscellaneous,"Lazar's request is for a shopping list, not related to administrative rights or unsupported issues.","[""Identify if the shopping list is a corporate asset."", ""Provide guidance for accessing the list through the appropriate channel."", ""Record the request for future reference.""]","The request does not pertain to administrative rights or unsupported issues, but rather a general service request.",False,"{""needs_human"": false, ""needs_llm_escalation"": false, ""policy_gap"": false, ""reasons"": []}",,,True,True,True,958,0.0006705999999999999,1308.4831819869578,0.5905864427550598,5,0,1,2,1,2,1,Low category alignment.,System E,Access request for shopping list,"[""Verify lazars identity and confirm approval from manager or system owner"", ""Determine if the shopping list is part of a corporate system or a personal request"", ""If corporate, identify the exact system or application where the shopping list is located"", ""Check for existing access to the shopping list to avoid granting duplicate permissions"", ""Grant access via IAM tool, AD group, or application admin console if the request is within scope"", ""Instruct lazars to log off and back in to refresh permissions"", ""Test access with lazars to ensure they can view and edit the shopping list""]","[""Lazar has confirmed access to the shopping list"", ""Lazar can perform all necessary actions on the shopping list without encountering any issues""]",auto_approved,RouterGym\results\analysis_outputs\gold_resolution_eval\gold_matched_production_outputs.jsonl
3380,slm_only__base_slm1__mem_rag_bm25,slm_only,slm1,,rag_bm25,lazar wants to access shopping list it wants shopping please provide accept decline requests,Storage,Storage,Miscellaneous,"I'm sorry for any confusion, but our system does not provide shopping list access or shopping services. You can create a shopping list on your own and use it for your shopping needs.","[""Explain the support boundaries for personal shopping."", ""Provide guidance for creating and managing a personal shopping list.""]",The request is outside the scope of our IT services as it pertains to personal shopping rather than administrative access or system-related tasks.,False,"{""needs_human"": false, ""needs_llm_escalation"": false, ""policy_gap"": false, ""reasons"": []}",,,True,True,True,1174,0.000587,3283.127199858427,0.5600317361931065,4,0,1,1,1,2,1,Low category alignment.,System A,Access request for shopping list,"[""Verify lazars identity and confirm approval from manager or system owner"", ""Determine if the shopping list is part of a corporate system or a personal request"", ""If corporate, identify the exact system or application where the shopping list is located"", ""Check for existing access to the shopping list to avoid granting duplicate permissions"", ""Grant access via IAM tool, AD group, or application admin console if the request is within scope"", ""Instruct lazars to log off and back in to refresh permissions"", ""Test access with lazars to ensure they can view and edit the shopping list""]","[""Lazar has confirmed access to the shopping list"", ""Lazar can perform all necessary actions on the shopping list without encountering any issues""]",auto_approved,RouterGym\results\analysis_outputs\gold_resolution_eval\gold_matched_production_outputs.jsonl
3380,slm_only__base_slm2__mem_rag_bm25,slm_only,slm2,,rag_bm25,lazar wants to access shopping list it wants shopping please provide accept decline requests,Storage,Storage,Miscellaneous,"Lazar's request is for a shopping list, not related to administrative rights or unsupported issues.","[""Identify if the shopping list is a corporate asset."", ""Provide guidance for accessing the list through the appropriate channel."", ""Record the request for future reference.""]","The request does not pertain to administrative rights or unsupported issues, but rather a general service request.",False,"{""needs_human"": false, ""needs_llm_escalation"": false, ""policy_gap"": false, ""reasons"": []}",,,True,True,True,958,0.0006705999999999999,3910.134038189426,0.5905864427550598,5,0,1,2,1,2,1,Low category alignment.,System F,Access request for shopping list,"[""Verify lazars identity and confirm approval from manager or system owner"", ""Determine if the shopping list is part of a corporate system or a personal request"", ""If corporate, identify the exact system or application where the shopping list is located"", ""Check for existing access to the shopping list to avoid granting duplicate permissions"", ""Grant access via IAM tool, AD group, or application admin console if the request is within scope"", ""Instruct lazars to log off and back in to refresh permissions"", ""Test access with lazars to ensure they can view and edit the shopping list""]","[""Lazar has confirmed access to the shopping list"", ""Lazar can perform all necessary actions on the shopping list without encountering any issues""]",auto_approved,RouterGym\results\analysis_outputs\gold_resolution_eval\gold_matched_production_outputs.jsonl
3487,llm_only__base_llm1__mem_rag_bm25,llm_only,llm1,,rag_bm25,new purchase po purchase po dear purchased by converter pin key key please log allocation after receive item please take consideration mandatory receipts section order receive item ordered how video link kind regards administrator,Purchase,Purchase,Purchase,"To log the allocation after receiving the purchased item, follow these steps: 1. Verify the item received matches the purchase order. 2. Log the item in the procurement system under the correct allocation. 3. Ensure all mandatory receipts are completed and attached. 4. Confirm the video link provided for any additional instructions or verification.","[""Verify the item received matches the purchase order."", ""Log the item in the procurement system under the correct allocation."", ""Ensure all mandatory receipts are completed and attached."", ""Confirm the video link provided for any additional instructions or verification.""]",The request involves logging allocation after receiving a purchased item and ensuring mandatory receipts are completed.,False,"{""needs_human"": false, ""needs_llm_escalation"": false, ""policy_gap"": false, ""reasons"": []}",,,True,True,True,1065,0.006390000000000001,4637.248093029484,0.6704357911716609,7,2,2,1,1,2,1,Acceptable scoring across all dimensions.,System D,"New Purchase PO: Allocation, Receipt, and Tracking","[""Verify that the requester has access to the procurement system and can initiate a purchase order."", ""Check the status of the purchase order (PO) to ensure it is not stuck in a pending state."", ""Ensure that the correct cost centre, GL code, and vendor are selected before proceeding."", ""Guide the user through fixing any validation errors and resubmitting the PO."", ""Confirm PO approval and share the PO number with the requester."", ""Upon receiving the item, log the allocation in the procurement system and consider mandatory receipts as per the order."", ""Track the status of the hardware order using the PO or order number to confirm delivery.""]","[""The PO is approved, and the item is correctly allocated in the procurement system."", ""The item is received, and its delivery is confirmed with appropriate tracking details.""]",auto_approved,RouterGym\results\analysis_outputs\gold_resolution_eval\gold_matched_production_outputs.jsonl
3487,llm_only__base_llm2__mem_rag_bm25,llm_only,llm2,,rag_bm25,new purchase po purchase po dear purchased by converter pin key key please log allocation after receive item please take consideration mandatory receipts section order receive item ordered how video link kind regards administrator,Purchase,Purchase,Purchase,This request pertains to logging the allocation of a purchase order and ensuring that a receipt is taken upon receiving the ordered item. The sender also requests a video link for further instructions.,"[""Verify access to procurement system."", ""Check PO status and ensure correct details."", ""Log allocation post-receipt."", ""Request receipt upon item receipt."", ""Provide video link for guidance.""]",The ticket involves standard procurement practices including logging PO allocations and verifying receipt of items. It also includes a request for additional guidance via a video link.,False,"{""needs_human"": false, ""needs_llm_escalation"": false, ""policy_gap"": false, ""reasons"": []}",,,True,True,True,959,0.0028770000000000002,2197.6715920027345,0.6588506192912602,5,2,1,1,1,2,1,Acceptable scoring across all dimensions.,System B,"New Purchase PO: Allocation, Receipt, and Tracking","[""Verify that the requester has access to the procurement system and can initiate a purchase order."", ""Check the status of the purchase order (PO) to ensure it is not stuck in a pending state."", ""Ensure that the correct cost centre, GL code, and vendor are selected before proceeding."", ""Guide the user through fixing any validation errors and resubmitting the PO."", ""Confirm PO approval and share the PO number with the requester."", ""Upon receiving the item, log the allocation in the procurement system and consider mandatory receipts as per the order."", ""Track the status of the hardware order using the PO or order number to confirm delivery.""]","[""The PO is approved, and the item is correctly allocated in the procurement system."", ""The item is received, and its delivery is confirmed with appropriate tracking details.""]",auto_approved,RouterGym\results\analysis_outputs\gold_resolution_eval\gold_matched_production_outputs.jsonl
3487,slm_dominant__base_slm1__esc_llm2__mem_rag_bm25,slm_dominant,slm1,llm2,rag_bm25,new purchase po purchase po dear purchased by converter pin key key please log allocation after receive item please take consideration mandatory receipts section order receive item ordered how video link kind regards administrator,Purchase,Purchase,,"After receiving the items, please log the allocation. Here's how: 1. Navigate to the procurement system. 2. Find the relevant purchase order. 3. Update the status to 'Received'. 4. Allocate the items to the appropriate inventory. 5. Save the changes.","[""Navigate to procurement system"", ""Find relevant PO"", ""Update status to 'Received'"", ""Allocate items to inventory"", ""Save changes""]","The request is related to the Purchase Order Workflow and Tracking Orders and Deliveries, specifically the log allocation step after receiving items.",False,"{""needs_human"": false, ""needs_llm_escalation"": false, ""policy_gap"": false, ""reasons"": []}",Model output is not valid JSON.,,True,False,True,1233,0.0006165,1811.5920131094754,0.6219219270708489,6,2,2,1,1,2,1,Acceptable scoring across all dimensions.,System C,"New Purchase PO: Allocation, Receipt, and Tracking","[""Verify that the requester has access to the procurement system and can initiate a purchase order."", ""Check the status of the purchase order (PO) to ensure it is not stuck in a pending state."", ""Ensure that the correct cost centre, GL code, and vendor are selected before proceeding."", ""Guide the user through fixing any validation errors and resubmitting the PO."", ""Confirm PO approval and share the PO number with the requester."", ""Upon receiving the item, log the allocation in the procurement system and consider mandatory receipts as per the order."", ""Track the status of the hardware order using the PO or order number to confirm delivery.""]","[""The PO is approved, and the item is correctly allocated in the procurement system."", ""The item is received, and its delivery is confirmed with appropriate tracking details.""]",auto_approved,RouterGym\results\analysis_outputs\gold_resolution_eval\gold_matched_production_outputs.jsonl
3487,slm_dominant__base_slm2__esc_llm2__mem_rag_bm25,slm_dominant,slm2,llm2,rag_bm25,new purchase po purchase po dear purchased by converter pin key key please log allocation after receive item please take consideration mandatory receipts section order receive item ordered how video link kind regards administrator,Purchase,Purchase,Purchase,This ticket involves logging PO allocation post-receipt of an item. The PO process requires verification of correct entries and timely allocation once items are received.,"[""Verify PO status is correct."", ""Check for any validation errors."", ""Log allocation in procurement system."", ""Confirm receipt with supplier.""]","The request pertains to the purchase order workflow, specifically the step of allocating a PO after receiving an item.",False,"{""needs_human"": false, ""needs_llm_escalation"": false, ""policy_gap"": false, ""reasons"": []}",,,True,True,True,935,0.0006544999999999999,1164.909872924909,0.651635670912611,5,2,1,1,1,2,1,Acceptable scoring across all dimensions.,System E,"New Purchase PO: Allocation, Receipt, and Tracking","[""Verify that the requester has access to the procurement system and can initiate a purchase order."", ""Check the status of the purchase order (PO) to ensure it is not stuck in a pending state."", ""Ensure that the correct cost centre, GL code, and vendor are selected before proceeding."", ""Guide the user through fixing any validation errors and resubmitting the PO."", ""Confirm PO approval and share the PO number with the requester."", ""Upon receiving the item, log the allocation in the procurement system and consider mandatory receipts as per the order."", ""Track the status of the hardware order using the PO or order number to confirm delivery.""]","[""The PO is approved, and the item is correctly allocated in the procurement system."", ""The item is received, and its delivery is confirmed with appropriate tracking details.""]",auto_approved,RouterGym\results\analysis_outputs\gold_resolution_eval\gold_matched_production_outputs.jsonl
3487,slm_only__base_slm1__mem_rag_bm25,slm_only,slm1,,rag_bm25,new purchase po purchase po dear purchased by converter pin key key please log allocation after receive item please take consideration mandatory receipts section order receive item ordered how video link kind regards administrator,Purchase,Purchase,,"After receiving the items, please log the allocation. Here's how: 1. Navigate to the procurement system. 2. Find the relevant purchase order. 3. Update the status to 'Received'. 4. Allocate the items to the appropriate inventory. 5. Save the changes.","[""Navigate to procurement system"", ""Find relevant PO"", ""Update status to 'Received'"", ""Allocate items to inventory"", ""Save changes""]","The request is related to the Purchase Order Workflow and Tracking Orders and Deliveries, specifically the log allocation step after receiving items.",False,"{""needs_human"": false, ""needs_llm_escalation"": false, ""policy_gap"": false, ""reasons"": []}",Model output is not valid JSON.,,True,False,True,1233,0.0006165,3714.843710884452,0.6219219270708489,6,2,2,1,1,2,1,Acceptable scoring across all dimensions.,System A,"New Purchase PO: Allocation, Receipt, and Tracking","[""Verify that the requester has access to the procurement system and can initiate a purchase order."", ""Check the status of the purchase order (PO) to ensure it is not stuck in a pending state."", ""Ensure that the correct cost centre, GL code, and vendor are selected before proceeding."", ""Guide the user through fixing any validation errors and resubmitting the PO."", ""Confirm PO approval and share the PO number with the requester."", ""Upon receiving the item, log the allocation in the procurement system and consider mandatory receipts as per the order."", ""Track the status of the hardware order using the PO or order number to confirm delivery.""]","[""The PO is approved, and the item is correctly allocated in the procurement system."", ""The item is received, and its delivery is confirmed with appropriate tracking details.""]",auto_approved,RouterGym\results\analysis_outputs\gold_resolution_eval\gold_matched_production_outputs.jsonl
3487,slm_only__base_slm2__mem_rag_bm25,slm_only,slm2,,rag_bm25,new purchase po purchase po dear purchased by converter pin key key please log allocation after receive item please take consideration mandatory receipts section order receive item ordered how video link kind regards administrator,Purchase,Purchase,Purchase,This ticket involves logging PO allocation post-receipt of an item. The PO process requires verification of correct entries and timely allocation once items are received.,"[""Verify PO status is correct."", ""Check for any validation errors."", ""Log allocation in procurement system."", ""Confirm receipt with supplier.""]","The request pertains to the purchase order workflow, specifically the step of allocating a PO after receiving an item.",False,"{""needs_human"": false, ""needs_llm_escalation"": false, ""policy_gap"": false, ""reasons"": []}",,,True,True,True,935,0.0006544999999999999,2963.242497993633,0.651635670912611,5,2,1,1,1,2,1,Acceptable scoring across all dimensions.,System F,"New Purchase PO: Allocation, Receipt, and Tracking","[""Verify that the requester has access to the procurement system and can initiate a purchase order."", ""Check the status of the purchase order (PO) to ensure it is not stuck in a pending state."", ""Ensure that the correct cost centre, GL code, and vendor are selected before proceeding."", ""Guide the user through fixing any validation errors and resubmitting the PO."", ""Confirm PO approval and share the PO number with the requester."", ""Upon receiving the item, log the allocation in the procurement system and consider mandatory receipts as per the order."", ""Track the status of the hardware order using the PO or order number to confirm delivery.""]","[""The PO is approved, and the item is correctly allocated in the procurement system."", ""The item is received, and its delivery is confirmed with appropriate tracking details.""]",auto_approved,RouterGym\results\analysis_outputs\gold_resolution_eval\gold_matched_production_outputs.jsonl
3611,llm_only__base_llm1__mem_rag_bm25,llm_only,llm1,,rag_bm25,temp monitor for temp monitor hi log order assign monitor while he visiting thank senior engineer,Hardware,Hardware,Hardware,"To resolve the issue, first confirm the power and cable connections of the monitor. Then, test the monitor with a different cable or port. Ensure the display settings are correctly configured in the OS. If the problem persists, swap the monitor with a known-good one to isolate the hardware issue.","[""Confirm monitor power and cable connections."", ""Test the monitor with a different cable or port."", ""Ensure display settings are correctly configured in the OS."", ""Swap the monitor with a known-good one if the issue persists.""]","The request involves a temporary monitor assignment, likely due to a display issue. The resolution steps focus on verifying connections and settings, then isolating hardware problems.",False,"{""needs_human"": false, ""needs_llm_escalation"": false, ""policy_gap"": false, ""reasons"": []}",,,True,True,True,1183,0.007097999999999999,4642.816181993112,0.6418543068715613,4,2,1,0,1,1,1,Misses key requirements from gold summary/criteria.; Escalation expected but not flagged.,System D,Resolving temperature monitoring issue for senior engineer's hardware,"[""1. Confirm the temperature monitoring system is powered on and properly connected."", ""2. Check the log files for any error messages related to the temperature monitoring system."", ""3. Verify that the temperature monitoring software is running and up-to-date."", ""4. Test the temperature monitoring system with a known good sensor or probe."", ""5. If using a docking station, ensure it is properly connected and functioning."", ""6. Consult with the senior engineer to understand the specific requirements for temperature monitoring during visits."", ""7. Document the current configuration and any adjustments made to resolve the issue.""]","[""The temperature monitoring system is accurately recording temperatures without errors."", ""The senior engineer confirms that the temperature monitoring system meets the requirements for their visits.""]",auto_approved,RouterGym\results\analysis_outputs\gold_resolution_eval\gold_matched_production_outputs.jsonl
3611,llm_only__base_llm2__mem_rag_bm25,llm_only,llm2,,rag_bm25,temp monitor for temp monitor hi log order assign monitor while he visiting thank senior engineer,Hardware,Hardware,Hardware,This request pertains to assigning a temperature monitoring task during a visit from a senior engineer. Ensure the temperature monitor is set up to log orders accurately.,"[""Ensure temperature monitor is powered on."", ""Configure monitor to log orders."", ""Verify connection between monitor and logging system."", ""Confirm data is being recorded accurately."", ""Notify senior engineer upon completion.""]",The ticket involves setting up a temperature monitor for logging purposes during a specific visit. It does not describe typical hardware issues like display problems or docking station failures.,False,"{""needs_human"": false, ""needs_llm_escalation"": false, ""policy_gap"": false, ""reasons"": []}",,,True,True,True,1077,0.0032310000000000004,2200.634394073859,0.6445666482028454,5,2,1,1,1,2,1,Acceptable scoring across all dimensions.,System B,Resolving temperature monitoring issue for senior engineer's hardware,"[""1. Confirm the temperature monitoring system is powered on and properly connected."", ""2. Check the log files for any error messages related to the temperature monitoring system."", ""3. Verify that the temperature monitoring software is running and up-to-date."", ""4. Test the temperature monitoring system with a known good sensor or probe."", ""5. If using a docking station, ensure it is properly connected and functioning."", ""6. Consult with the senior engineer to understand the specific requirements for temperature monitoring during visits."", ""7. Document the current configuration and any adjustments made to resolve the issue.""]","[""The temperature monitoring system is accurately recording temperatures without errors."", ""The senior engineer confirms that the temperature monitoring system meets the requirements for their visits.""]",auto_approved,RouterGym\results\analysis_outputs\gold_resolution_eval\gold_matched_production_outputs.jsonl
3611,slm_dominant__base_slm1__esc_llm2__mem_rag_bm25,slm_dominant,slm1,llm2,rag_bm25,temp monitor for temp monitor hi log order assign monitor while he visiting thank senior engineer,Hardware,Hardware,,We can provide a temporary monitor for your needs. Here are the steps to follow: 1. Request a temporary monitor from the IT department. 2. Plug in the temporary monitor and ensure it is working correctly. 3. Connect the temporary monitor to the senior engineer's device. 4. Return the temporary monitor to the IT department once the senior engineer leaves.,"[""Request a temporary monitor"", ""Ensure the temporary monitor is working"", ""Connect the temporary monitor to the senior engineer's device"", ""Return the temporary monitor once the senior engineer leaves""]",The ticket indicates a need for a temporary monitor due to a malfunctioning monitor. Providing a temporary monitor will allow the senior engineer to continue their work during their visit.,False,"{""needs_human"": false, ""needs_llm_escalation"": false, ""policy_gap"": false, ""reasons"": []}",Model output is not valid JSON.,,True,False,True,1383,0.0006915000000000001,1837.6540399622172,0.645250619010434,5,0,2,1,0,2,1,Low category alignment.; Low alignment with gold resolution steps.,System C,Resolving temperature monitoring issue for senior engineer's hardware,"[""1. Confirm the temperature monitoring system is powered on and properly connected."", ""2. Check the log files for any error messages related to the temperature monitoring system."", ""3. Verify that the temperature monitoring software is running and up-to-date."", ""4. Test the temperature monitoring system with a known good sensor or probe."", ""5. If using a docking station, ensure it is properly connected and functioning."", ""6. Consult with the senior engineer to understand the specific requirements for temperature monitoring during visits."", ""7. Document the current configuration and any adjustments made to resolve the issue.""]","[""The temperature monitoring system is accurately recording temperatures without errors."", ""The senior engineer confirms that the temperature monitoring system meets the requirements for their visits.""]",auto_approved,RouterGym\results\analysis_outputs\gold_resolution_eval\gold_matched_production_outputs.jsonl
3611,slm_dominant__base_slm2__esc_llm2__mem_rag_bm25,slm_dominant,slm2,llm2,rag_bm25,temp monitor for temp monitor hi log order assign monitor while he visiting thank senior engineer,Hardware,Hardware,Hardware,Hardware issue likely due to monitor or connection problems. Follow steps to diagnose and resolve display issues.,"[""Check monitor and cable connections."", ""Test with a different cable or port."", ""Verify display settings in OS."", ""Update GPU/display drivers.""]","Ticket mentions monitor problems, which aligns with hardware category and typical display issues described in KB.",False,"{""needs_human"": false, ""needs_llm_escalation"": false, ""policy_gap"": false, ""reasons"": []}",,,True,True,True,1039,0.0007273,1135.2903118822724,0.6243236941909843,3,2,1,0,0,1,0,Misses key requirements from gold summary/criteria.; Low alignment with gold resolution steps.; Escalation expected but not flagged.; Low policy/gold grounding.,System E,Resolving temperature monitoring issue for senior engineer's hardware,"[""1. Confirm the temperature monitoring system is powered on and properly connected."", ""2. Check the log files for any error messages related to the temperature monitoring system."", ""3. Verify that the temperature monitoring software is running and up-to-date."", ""4. Test the temperature monitoring system with a known good sensor or probe."", ""5. If using a docking station, ensure it is properly connected and functioning."", ""6. Consult with the senior engineer to understand the specific requirements for temperature monitoring during visits."", ""7. Document the current configuration and any adjustments made to resolve the issue.""]","[""The temperature monitoring system is accurately recording temperatures without errors."", ""The senior engineer confirms that the temperature monitoring system meets the requirements for their visits.""]",auto_approved,RouterGym\results\analysis_outputs\gold_resolution_eval\gold_matched_production_outputs.jsonl
3611,slm_only__base_slm1__mem_rag_bm25,slm_only,slm1,,rag_bm25,temp monitor for temp monitor hi log order assign monitor while he visiting thank senior engineer,Hardware,Hardware,,We can provide a temporary monitor for your needs. Here are the steps to follow: 1. Request a temporary monitor from the IT department. 2. Plug in the temporary monitor and ensure it is working correctly. 3. Connect the temporary monitor to the senior engineer's device. 4. Return the temporary monitor to the IT department once the senior engineer leaves.,"[""Request a temporary monitor"", ""Ensure the temporary monitor is working"", ""Connect the temporary monitor to the senior engineer's device"", ""Return the temporary monitor once the senior engineer leaves""]",The ticket indicates a need for a temporary monitor due to a malfunctioning monitor. Providing a temporary monitor will allow the senior engineer to continue their work during their visit.,False,"{""needs_human"": false, ""needs_llm_escalation"": false, ""policy_gap"": false, ""reasons"": []}",Model output is not valid JSON.,,True,False,True,1383,0.0006915000000000001,3924.9418938998133,0.645250619010434,5,0,2,1,0,2,1,Low category alignment.; Low alignment with gold resolution steps.,System A,Resolving temperature monitoring issue for senior engineer's hardware,"[""1. Confirm the temperature monitoring system is powered on and properly connected."", ""2. Check the log files for any error messages related to the temperature monitoring system."", ""3. Verify that the temperature monitoring software is running and up-to-date."", ""4. Test the temperature monitoring system with a known good sensor or probe."", ""5. If using a docking station, ensure it is properly connected and functioning."", ""6. Consult with the senior engineer to understand the specific requirements for temperature monitoring during visits."", ""7. Document the current configuration and any adjustments made to resolve the issue.""]","[""The temperature monitoring system is accurately recording temperatures without errors."", ""The senior engineer confirms that the temperature monitoring system meets the requirements for their visits.""]",auto_approved,RouterGym\results\analysis_outputs\gold_resolution_eval\gold_matched_production_outputs.jsonl
3611,slm_only__base_slm2__mem_rag_bm25,slm_only,slm2,,rag_bm25,temp monitor for temp monitor hi log order assign monitor while he visiting thank senior engineer,Hardware,Hardware,Hardware,Hardware issue likely due to monitor or connection problems. Follow steps to diagnose and resolve display issues.,"[""Check monitor and cable connections."", ""Test with a different cable or port."", ""Verify display settings in OS."", ""Update GPU/display drivers.""]","Ticket mentions monitor problems, which aligns with hardware category and typical display issues described in KB.",False,"{""needs_human"": false, ""needs_llm_escalation"": false, ""policy_gap"": false, ""reasons"": []}",,,True,True,True,1039,0.0007273,2849.2942289449275,0.6243236941909843,3,2,1,0,0,1,0,Misses key requirements from gold summary/criteria.; Low alignment with gold resolution steps.; Escalation expected but not flagged.; Low policy/gold grounding.,System F,Resolving temperature monitoring issue for senior engineer's hardware,"[""1. Confirm the temperature monitoring system is powered on and properly connected."", ""2. Check the log files for any error messages related to the temperature monitoring system."", ""3. Verify that the temperature monitoring software is running and up-to-date."", ""4. Test the temperature monitoring system with a known good sensor or probe."", ""5. If using a docking station, ensure it is properly connected and functioning."", ""6. Consult with the senior engineer to understand the specific requirements for temperature monitoring during visits."", ""7. Document the current configuration and any adjustments made to resolve the issue.""]","[""The temperature monitoring system is accurately recording temperatures without errors."", ""The senior engineer confirms that the temperature monitoring system meets the requirements for their visits.""]",auto_approved,RouterGym\results\analysis_outputs\gold_resolution_eval\gold_matched_production_outputs.jsonl
3765,llm_only__base_llm1__mem_rag_bm25,llm_only,llm1,,rag_bm25,change delivery responsible for and for va appointed responsible opportunity va upgrade hi please change responsible both va thanks officer thursday november appointed responsible opportunity va upgrade hi how responsible opportunity va upgrade please help moving thanks lot best regards wrote hello appointed responsible va upgrade order view opportunity add forecast please link opportunity id ca wish view opportunities which responsible opportunity cd thank,Administrative rights,Administrative rights,Administrative rights,"To change the responsible person for the opportunity 'va upgrade', follow these steps: Verify the requester's identity and approval, identify the exact system and role level, check for existing access, apply the change via the IAM tool or application admin console, and confirm the access works for key actions.","[""Verify the requester's identity and approval from the manager or system owner."", ""Identify the exact system and role level required for the change."", ""Check for existing access to avoid duplicates."", ""Apply the change via the IAM tool or application admin console."", ""Confirm the access works for key actions and update the ticket with the changes applied.""]","The request involves changing the responsible person for a specific opportunity, which falls under administrative rights management.",False,"{""needs_human"": false, ""needs_llm_escalation"": false, ""policy_gap"": false, ""reasons"": []}",,,True,True,True,1186,0.007116000000000001,4943.059754092246,0.6758467112321082,7,2,1,1,2,2,2,Acceptable scoring across all dimensions.,System D,Change delivery responsible for VA and appointed responsible opportunity VA upgrade,"[""1. Verify requester identity and approval (manager or system owner)."", ""2. Identify exact system, group, or repository required for the VA and appointed responsible opportunity VA upgrade."", ""3. Check for existing access to avoid duplicates and confirm if any changes are needed."", ""4. Apply change via IAM tool, AD group, or application admin console for the VA and appointed responsible."", ""5. Ask user to log off and back in to refresh permissions."", ""6. Confirm access works for key actions related to the VA and appointed responsible opportunity VA upgrade; update ticket with groups/roles applied."", ""7. Ensure that the VA and appointed responsible have the necessary permissions to view and manage opportunities and forecasts."", ""8. Link the opportunity ID CA for the appointed responsible to view opportunities.""]","[""Access is updated correctly for the VA and appointed responsible opportunity VA upgrade."", ""The appointed responsible can view and manage opportunities and forecasts using the opportunity ID CA."", ""The user can log in and access the required systems and repositories without issues.""]",auto_approved,RouterGym\results\analysis_outputs\gold_resolution_eval\gold_matched_production_outputs.jsonl
3765,llm_only__base_llm2__mem_rag_bm25,llm_only,llm2,,rag_bm25,change delivery responsible for and for va appointed responsible opportunity va upgrade hi please change responsible both va thanks officer thursday november appointed responsible opportunity va upgrade hi how responsible opportunity va upgrade please help moving thanks lot best regards wrote hello appointed responsible va upgrade order view opportunity add forecast please link opportunity id ca wish view opportunities which responsible opportunity cd thank,Administrative rights,Administrative rights,Access,"To change the responsible person for the VA upgrade opportunity and delivery, verify the requester's identity, confirm the systems involved, apply the necessary changes through the IAM tool, and ensure the new responsible person has the correct permissions.","[""Verify requester's identity and approval."", ""Identify systems and roles for VA upgrade and delivery."", ""Apply changes via IAM tool."", ""Confirm new responsible person's permissions."", ""Update ticket with applied changes.""]","The request involves administrative changes to user responsibilities for specific tasks, aligning with the access management category.",False,"{""needs_human"": false, ""needs_llm_escalation"": false, ""policy_gap"": false, ""reasons"": []}",,,True,True,True,1068,0.0032040000000000003,2255.6333020329475,0.6006536110998749,7,2,1,2,2,2,2,Acceptable scoring across all dimensions.,System B,Change delivery responsible for VA and appointed responsible opportunity VA upgrade,"[""1. Verify requester identity and approval (manager or system owner)."", ""2. Identify exact system, group, or repository required for the VA and appointed responsible opportunity VA upgrade."", ""3. Check for existing access to avoid duplicates and confirm if any changes are needed."", ""4. Apply change via IAM tool, AD group, or application admin console for the VA and appointed responsible."", ""5. Ask user to log off and back in to refresh permissions."", ""6. Confirm access works for key actions related to the VA and appointed responsible opportunity VA upgrade; update ticket with groups/roles applied."", ""7. Ensure that the VA and appointed responsible have the necessary permissions to view and manage opportunities and forecasts."", ""8. Link the opportunity ID CA for the appointed responsible to view opportunities.""]","[""Access is updated correctly for the VA and appointed responsible opportunity VA upgrade."", ""The appointed responsible can view and manage opportunities and forecasts using the opportunity ID CA."", ""The user can log in and access the required systems and repositories without issues.""]",auto_approved,RouterGym\results\analysis_outputs\gold_resolution_eval\gold_matched_production_outputs.jsonl
3765,slm_dominant__base_slm1__esc_llm2__mem_rag_bm25,slm_dominant,slm1,llm2,rag_bm25,change delivery responsible for and for va appointed responsible opportunity va upgrade hi please change responsible both va thanks officer thursday november appointed responsible opportunity va upgrade hi how responsible opportunity va upgrade please help moving thanks lot best regards wrote hello appointed responsible va upgrade order view opportunity add forecast please link opportunity id ca wish view opportunities which responsible opportunity cd thank,Administrative rights,Administrative rights,Access,"To change the responsible person for a VA upgrade opportunity, please follow these steps: 1. Identify the responsible person to be changed. 2. Locate the VA upgrade opportunity in the system. 3. Update the responsible person for the opportunity. 4. Save the changes. No escalation is needed.","[""Identify responsible person"", ""Locate VA upgrade opportunity"", ""Update responsible person"", ""Save changes""]","The request involves changing the responsible person for a specific VA upgrade opportunity, which can be done by locating the opportunity and updating the responsible person in the system.",False,"{""needs_human"": false, ""needs_llm_escalation"": false, ""policy_gap"": false, ""reasons"": []}",,,True,True,True,1337,0.0006685,1820.0868230778724,0.548431625239968,5,0,2,1,1,2,1,Low category alignment.,System C,Change delivery responsible for VA and appointed responsible opportunity VA upgrade,"[""1. Verify requester identity and approval (manager or system owner)."", ""2. Identify exact system, group, or repository required for the VA and appointed responsible opportunity VA upgrade."", ""3. Check for existing access to avoid duplicates and confirm if any changes are needed."", ""4. Apply change via IAM tool, AD group, or application admin console for the VA and appointed responsible."", ""5. Ask user to log off and back in to refresh permissions."", ""6. Confirm access works for key actions related to the VA and appointed responsible opportunity VA upgrade; update ticket with groups/roles applied."", ""7. Ensure that the VA and appointed responsible have the necessary permissions to view and manage opportunities and forecasts."", ""8. Link the opportunity ID CA for the appointed responsible to view opportunities.""]","[""Access is updated correctly for the VA and appointed responsible opportunity VA upgrade."", ""The appointed responsible can view and manage opportunities and forecasts using the opportunity ID CA."", ""The user can log in and access the required systems and repositories without issues.""]",auto_approved,RouterGym\results\analysis_outputs\gold_resolution_eval\gold_matched_production_outputs.jsonl
3765,slm_dominant__base_slm2__esc_llm2__mem_rag_bm25,slm_dominant,slm2,llm2,rag_bm25,change delivery responsible for and for va appointed responsible opportunity va upgrade hi please change responsible both va thanks officer thursday november appointed responsible opportunity va upgrade hi how responsible opportunity va upgrade please help moving thanks lot best regards wrote hello appointed responsible va upgrade order view opportunity add forecast please link opportunity id ca wish view opportunities which responsible opportunity cd thank,Administrative rights,Administrative rights,Administrative rights,The request is for changing the responsible party for an opportunity upgrade. This aligns with administrative rights management processes.,"[""Verify requester's identity and approval."", ""Identify the new responsible party."", ""Update the opportunity record with the new responsible party."", ""Confirm the change with the new responsible party.""]","The request involves changing responsibilities, which falls under administrative rights management as per KB Reference 1.",False,"{""needs_human"": false, ""needs_llm_escalation"": false, ""policy_gap"": false, ""reasons"": []}",,,True,True,True,1041,0.0007287,1169.751649023965,0.5989985756221908,5,2,1,1,1,2,1,Acceptable scoring across all dimensions.,System E,Change delivery responsible for VA and appointed responsible opportunity VA upgrade,"[""1. Verify requester identity and approval (manager or system owner)."", ""2. Identify exact system, group, or repository required for the VA and appointed responsible opportunity VA upgrade."", ""3. Check for existing access to avoid duplicates and confirm if any changes are needed."", ""4. Apply change via IAM tool, AD group, or application admin console for the VA and appointed responsible."", ""5. Ask user to log off and back in to refresh permissions."", ""6. Confirm access works for key actions related to the VA and appointed responsible opportunity VA upgrade; update ticket with groups/roles applied."", ""7. Ensure that the VA and appointed responsible have the necessary permissions to view and manage opportunities and forecasts."", ""8. Link the opportunity ID CA for the appointed responsible to view opportunities.""]","[""Access is updated correctly for the VA and appointed responsible opportunity VA upgrade."", ""The appointed responsible can view and manage opportunities and forecasts using the opportunity ID CA."", ""The user can log in and access the required systems and repositories without issues.""]",auto_approved,RouterGym\results\analysis_outputs\gold_resolution_eval\gold_matched_production_outputs.jsonl
3765,slm_only__base_slm1__mem_rag_bm25,slm_only,slm1,,rag_bm25,change delivery responsible for and for va appointed responsible opportunity va upgrade hi please change responsible both va thanks officer thursday november appointed responsible opportunity va upgrade hi how responsible opportunity va upgrade please help moving thanks lot best regards wrote hello appointed responsible va upgrade order view opportunity add forecast please link opportunity id ca wish view opportunities which responsible opportunity cd thank,Administrative rights,Administrative rights,Access,"To change the responsible person for a VA upgrade opportunity, please follow these steps: 1. Identify the responsible person to be changed. 2. Locate the VA upgrade opportunity in the system. 3. Update the responsible person for the opportunity. 4. Save the changes. No escalation is needed.","[""Identify responsible person"", ""Locate VA upgrade opportunity"", ""Update responsible person"", ""Save changes""]","The request involves changing the responsible person for a specific VA upgrade opportunity, which can be done by locating the opportunity and updating the responsible person in the system.",False,"{""needs_human"": false, ""needs_llm_escalation"": false, ""policy_gap"": false, ""reasons"": []}",,,True,True,True,1337,0.0006685,1769.366520922631,0.548431625239968,5,0,2,1,1,2,1,Low category alignment.,System A,Change delivery responsible for VA and appointed responsible opportunity VA upgrade,"[""1. Verify requester identity and approval (manager or system owner)."", ""2. Identify exact system, group, or repository required for the VA and appointed responsible opportunity VA upgrade."", ""3. Check for existing access to avoid duplicates and confirm if any changes are needed."", ""4. Apply change via IAM tool, AD group, or application admin console for the VA and appointed responsible."", ""5. Ask user to log off and back in to refresh permissions."", ""6. Confirm access works for key actions related to the VA and appointed responsible opportunity VA upgrade; update ticket with groups/roles applied."", ""7. Ensure that the VA and appointed responsible have the necessary permissions to view and manage opportunities and forecasts."", ""8. Link the opportunity ID CA for the appointed responsible to view opportunities.""]","[""Access is updated correctly for the VA and appointed responsible opportunity VA upgrade."", ""The appointed responsible can view and manage opportunities and forecasts using the opportunity ID CA."", ""The user can log in and access the required systems and repositories without issues.""]",auto_approved,RouterGym\results\analysis_outputs\gold_resolution_eval\gold_matched_production_outputs.jsonl
3765,slm_only__base_slm2__mem_rag_bm25,slm_only,slm2,,rag_bm25,change delivery responsible for and for va appointed responsible opportunity va upgrade hi please change responsible both va thanks officer thursday november appointed responsible opportunity va upgrade hi how responsible opportunity va upgrade please help moving thanks lot best regards wrote hello appointed responsible va upgrade order view opportunity add forecast please link opportunity id ca wish view opportunities which responsible opportunity cd thank,Administrative rights,Administrative rights,Administrative rights,The request is for changing the responsible party for an opportunity upgrade. This aligns with administrative rights management processes.,"[""Verify requester's identity and approval."", ""Identify the new responsible party."", ""Update the opportunity record with the new responsible party."", ""Confirm the change with the new responsible party.""]","The request involves changing responsibilities, which falls under administrative rights management as per KB Reference 1.",False,"{""needs_human"": false, ""needs_llm_escalation"": false, ""policy_gap"": false, ""reasons"": []}",,,True,True,True,1041,0.0007287,2964.834534097463,0.5989985756221908,8,2,2,2,2,2,2,Acceptable scoring across all dimensions.,System F,Change delivery responsible for VA and appointed responsible opportunity VA upgrade,"[""1. Verify requester identity and approval (manager or system owner)."", ""2. Identify exact system, group, or repository required for the VA and appointed responsible opportunity VA upgrade."", ""3. Check for existing access to avoid duplicates and confirm if any changes are needed."", ""4. Apply change via IAM tool, AD group, or application admin console for the VA and appointed responsible."", ""5. Ask user to log off and back in to refresh permissions."", ""6. Confirm access works for key actions related to the VA and appointed responsible opportunity VA upgrade; update ticket with groups/roles applied."", ""7. Ensure that the VA and appointed responsible have the necessary permissions to view and manage opportunities and forecasts."", ""8. Link the opportunity ID CA for the appointed responsible to view opportunities.""]","[""Access is updated correctly for the VA and appointed responsible opportunity VA upgrade."", ""The appointed responsible can view and manage opportunities and forecasts using the opportunity ID CA."", ""The user can log in and access the required systems and repositories without issues.""]",auto_approved,RouterGym\results\analysis_outputs\gold_resolution_eval\gold_matched_production_outputs.jsonl
3889,llm_only__base_llm1__mem_rag_bm25,llm_only,llm1,,rag_bm25,forwarding configured for para forwarding configured hi help disable forwarding configured thanks accountant ext mob,HR Support,Access,HR Support,"To disable forwarding for the accountant's extension and mobile number, follow these steps: 1. Access the phone system settings. 2. Locate the accountant's extension. 3. Disable call forwarding for both the extension and mobile number. 4. Save the changes and confirm the settings.","[""Access the phone system settings."", ""Locate the accountant's extension."", ""Disable call forwarding for both the extension and mobile number."", ""Save the changes and confirm the settings.""]","The request involves disabling call forwarding for a specific user, which is a common task in phone system management.",False,"{""needs_human"": false, ""needs_llm_escalation"": false, ""policy_gap"": false, ""reasons"": []}",,,True,True,True,1057,0.0063419999999999995,4982.976882951334,0.5890924356584353,5,0,2,1,1,2,1,Low category alignment.,System D,Disable mailbox forwarding for accountant's email,"[""1. Confirm last working day and offboarding type (resignation, end of contract, termination)."", ""2. Schedule account disablement aligned with HR and legal requirements."", ""3. Remove access to HR systems, shared drives, and applications."", ""4. Disable mailbox forwarding for the accountant's email."", ""5. Verify that mailbox forwarding has been successfully disabled."", ""6. Notify HR of completed mailbox forwarding disablement.""]","[""Mailbox forwarding is disabled for the accountant's email."", ""The accountant's access to HR systems, shared drives, and applications is removed."", ""HR is notified of the completion of mailbox forwarding disablement.""]",auto_approved,RouterGym\results\analysis_outputs\gold_resolution_eval\gold_matched_production_outputs.jsonl
3889,llm_only__base_llm2__mem_rag_bm25,llm_only,llm2,,rag_bm25,forwarding configured for para forwarding configured hi help disable forwarding configured thanks accountant ext mob,HR Support,Access,HR Support,"To disable forwarding for an employee's account, confirm the last working day, then configure mailbox settings to remove forwarding based on HR instructions.","[""Confirm last working day."", ""Consult HR for forwarding configuration details."", ""Log in to email admin panel."", ""Remove forwarding settings."", ""Test account functionality.""]","The request pertains to offboarding an employee and involves disabling email forwarding, which aligns with HR support procedures.",False,"{""needs_human"": false, ""needs_llm_escalation"": false, ""policy_gap"": false, ""reasons"": []}",,,True,True,True,955,0.002865,1903.8196578621864,0.5917681622164199,6,2,1,1,1,2,2,Acceptable scoring across all dimensions.,System B,Disable mailbox forwarding for accountant's email,"[""1. Confirm last working day and offboarding type (resignation, end of contract, termination)."", ""2. Schedule account disablement aligned with HR and legal requirements."", ""3. Remove access to HR systems, shared drives, and applications."", ""4. Disable mailbox forwarding for the accountant's email."", ""5. Verify that mailbox forwarding has been successfully disabled."", ""6. Notify HR of completed mailbox forwarding disablement.""]","[""Mailbox forwarding is disabled for the accountant's email."", ""The accountant's access to HR systems, shared drives, and applications is removed."", ""HR is notified of the completion of mailbox forwarding disablement.""]",auto_approved,RouterGym\results\analysis_outputs\gold_resolution_eval\gold_matched_production_outputs.jsonl
3889,slm_dominant__base_slm1__esc_llm2__mem_rag_bm25,slm_dominant,slm1,llm2,rag_bm25,forwarding configured for para forwarding configured hi help disable forwarding configured thanks accountant ext mob,HR Support,Access,HR Support,"To process the employee's offboarding, follow these steps: Confirm the last working day, schedule account disablement, arrange equipment return, configure mailbox forwarding or delegate access, and remove access to HR systems, shared drives, and applications.","[""Confirm last working day and offboarding type"", ""Schedule account disablement"", ""Arrange laptop/equipment return"", ""Configure mailbox forwarding or delegate access"", ""Remove access to HR systems, shared drives, and applications""]","The ticket matches the pattern of an employee leaving the organization, as it involves disabling access and mail forwarding. The resolution steps are based on the Employee Offboarding IT Checklist.",False,"{""needs_human"": false, ""needs_llm_escalation"": false, ""policy_gap"": false, ""reasons"": []}",,,True,True,True,1252,0.0006259999999999999,1810.0495841354132,0.6811670135485003,5,0,1,1,2,2,2,Low category alignment.,System C,Disable mailbox forwarding for accountant's email,"[""1. Confirm last working day and offboarding type (resignation, end of contract, termination)."", ""2. Schedule account disablement aligned with HR and legal requirements."", ""3. Remove access to HR systems, shared drives, and applications."", ""4. Disable mailbox forwarding for the accountant's email."", ""5. Verify that mailbox forwarding has been successfully disabled."", ""6. Notify HR of completed mailbox forwarding disablement.""]","[""Mailbox forwarding is disabled for the accountant's email."", ""The accountant's access to HR systems, shared drives, and applications is removed."", ""HR is notified of the completion of mailbox forwarding disablement.""]",auto_approved,RouterGym\results\analysis_outputs\gold_resolution_eval\gold_matched_production_outputs.jsonl
3889,slm_dominant__base_slm2__esc_llm2__mem_rag_bm25,slm_dominant,slm2,llm2,rag_bm25,forwarding configured for para forwarding configured hi help disable forwarding configured thanks accountant ext mob,HR Support,Access,Access,Configure mailbox forwarding and disable access as per HR instructions.,"[""Confirm last working day and offboarding type."", ""Disable account and remove access."", ""Configure mailbox forwarding as needed.""]","The request aligns with typical patterns for employee offboarding, requiring mailbox forwarding and access disablement.",False,"{""needs_human"": false, ""needs_llm_escalation"": false, ""policy_gap"": false, ""reasons"": []}",,,True,True,True,928,0.0006496,1009.8817499820143,0.6333300566245067,3,0,1,2,2,2,1,Low category alignment.; Very short answer.,System E,Disable mailbox forwarding for accountant's email,"[""1. Confirm last working day and offboarding type (resignation, end of contract, termination)."", ""2. Schedule account disablement aligned with HR and legal requirements."", ""3. Remove access to HR systems, shared drives, and applications."", ""4. Disable mailbox forwarding for the accountant's email."", ""5. Verify that mailbox forwarding has been successfully disabled."", ""6. Notify HR of completed mailbox forwarding disablement.""]","[""Mailbox forwarding is disabled for the accountant's email."", ""The accountant's access to HR systems, shared drives, and applications is removed."", ""HR is notified of the completion of mailbox forwarding disablement.""]",auto_approved,RouterGym\results\analysis_outputs\gold_resolution_eval\gold_matched_production_outputs.jsonl
3889,slm_only__base_slm1__mem_rag_bm25,slm_only,slm1,,rag_bm25,forwarding configured for para forwarding configured hi help disable forwarding configured thanks accountant ext mob,HR Support,Access,HR Support,"To process the employee's offboarding, follow these steps: Confirm the last working day, schedule account disablement, arrange equipment return, configure mailbox forwarding or delegate access, and remove access to HR systems, shared drives, and applications.","[""Confirm last working day and offboarding type"", ""Schedule account disablement"", ""Arrange laptop/equipment return"", ""Configure mailbox forwarding or delegate access"", ""Remove access to HR systems, shared drives, and applications""]","The ticket matches the pattern of an employee leaving the organization, as it involves disabling access and mail forwarding. The resolution steps are based on the Employee Offboarding IT Checklist.",False,"{""needs_human"": false, ""needs_llm_escalation"": false, ""policy_gap"": false, ""reasons"": []}",,,True,True,True,1252,0.0006259999999999999,1814.625471131876,0.6811670135485003,5,0,1,1,2,2,2,Low category alignment.,System A,Disable mailbox forwarding for accountant's email,"[""1. Confirm last working day and offboarding type (resignation, end of contract, termination)."", ""2. Schedule account disablement aligned with HR and legal requirements."", ""3. Remove access to HR systems, shared drives, and applications."", ""4. Disable mailbox forwarding for the accountant's email."", ""5. Verify that mailbox forwarding has been successfully disabled."", ""6. Notify HR of completed mailbox forwarding disablement.""]","[""Mailbox forwarding is disabled for the accountant's email."", ""The accountant's access to HR systems, shared drives, and applications is removed."", ""HR is notified of the completion of mailbox forwarding disablement.""]",auto_approved,RouterGym\results\analysis_outputs\gold_resolution_eval\gold_matched_production_outputs.jsonl
3889,slm_only__base_slm2__mem_rag_bm25,slm_only,slm2,,rag_bm25,forwarding configured for para forwarding configured hi help disable forwarding configured thanks accountant ext mob,HR Support,Access,Access,Configure mailbox forwarding and disable access as per HR instructions.,"[""Confirm last working day and offboarding type."", ""Disable account and remove access."", ""Configure mailbox forwarding as needed.""]","The request aligns with typical patterns for employee offboarding, requiring mailbox forwarding and access disablement.",False,"{""needs_human"": false, ""needs_llm_escalation"": false, ""policy_gap"": false, ""reasons"": []}",,,True,True,True,928,0.0006496,2824.1742150858045,0.6333300566245067,3,0,1,2,2,2,1,Low category alignment.; Very short answer.,System F,Disable mailbox forwarding for accountant's email,"[""1. Confirm last working day and offboarding type (resignation, end of contract, termination)."", ""2. Schedule account disablement aligned with HR and legal requirements."", ""3. Remove access to HR systems, shared drives, and applications."", ""4. Disable mailbox forwarding for the accountant's email."", ""5. Verify that mailbox forwarding has been successfully disabled."", ""6. Notify HR of completed mailbox forwarding disablement.""]","[""Mailbox forwarding is disabled for the accountant's email."", ""The accountant's access to HR systems, shared drives, and applications is removed."", ""HR is notified of the completion of mailbox forwarding disablement.""]",auto_approved,RouterGym\results\analysis_outputs\gold_resolution_eval\gold_matched_production_outputs.jsonl
4005,llm_only__base_llm1__mem_rag_bm25,llm_only,llm1,,rag_bm25,new delivery hello received items intend intel po po po please advise please log thank engineer,Purchase,Purchase,Purchase,"To log the PO, verify the items received match the PO details. Log the PO in the procurement system and update the status. If there are any discrepancies, contact the vendor or logistics team.","[""Verify the items received match the PO details."", ""Log the PO in the procurement system and update the status."", ""Confirm the shipping address and contact information with the user."", ""Escalate to the vendor or logistics team if there are discrepancies.""]","The user has received items and needs to log the PO, indicating a need to track and confirm the delivery.",False,"{""needs_human"": false, ""needs_llm_escalation"": false, ""policy_gap"": false, ""reasons"": []}",,,True,True,True,1004,0.006024,4247.049616184086,0.729705281252666,4,0,1,1,2,1,1,Low category alignment.; Escalation expected but not flagged.,System D,Tracking delivery of purchased Intel items and resolving delivery issues,"[""Verify requester has access to procurement system and confirm PO number"", ""Look up PO or order number and check current status"", ""Retrieve courier tracking information if available and provide it to the requester"", ""Confirm shipping address and contact information with user"", ""Guide user through any necessary actions to resolve delivery issues"", ""Escalate delayed shipments or delivery failures to vendor or logistics team"", ""Update ticket with ETA and delivery confirmation""]","[""PO status is updated with delivery information and confirmed by the requester"", ""User confirms receipt of all purchased Intel items""]",auto_approved,RouterGym\results\analysis_outputs\gold_resolution_eval\gold_matched_production_outputs.jsonl
4005,llm_only__base_llm2__mem_rag_bm25,llm_only,llm2,,rag_bm25,new delivery hello received items intend intel po po po please advise please log thank engineer,Purchase,Purchase,Purchase,"To assist with your request, I will first verify the PO status and provide you with the necessary tracking details. If the items have been received, we can confirm this and ensure all documentation is logged correctly.","[""Verify PO status in procurement system."", ""Retrieve courier tracking information."", ""Confirm shipping address and contact info."", ""Escalate to vendor/logistics for delays."", ""Update ticket with delivery confirmation.""]","The ticket indicates receipt of new Intel items and requests PO number and tracking details, aligning with typical purchase order and delivery tracking scenarios.",False,"{""needs_human"": false, ""needs_llm_escalation"": false, ""policy_gap"": false, ""reasons"": []}",,,True,True,True,930,0.0027900000000000004,2242.243051994592,0.7305313801806789,5,2,1,1,2,1,1,Escalation expected but not flagged.,System B,Tracking delivery of purchased Intel items and resolving delivery issues,"[""Verify requester has access to procurement system and confirm PO number"", ""Look up PO or order number and check current status"", ""Retrieve courier tracking information if available and provide it to the requester"", ""Confirm shipping address and contact information with user"", ""Guide user through any necessary actions to resolve delivery issues"", ""Escalate delayed shipments or delivery failures to vendor or logistics team"", ""Update ticket with ETA and delivery confirmation""]","[""PO status is updated with delivery information and confirmed by the requester"", ""User confirms receipt of all purchased Intel items""]",auto_approved,RouterGym\results\analysis_outputs\gold_resolution_eval\gold_matched_production_outputs.jsonl
4005,slm_dominant__base_slm1__esc_llm2__mem_rag_bm25,slm_dominant,slm1,llm2,rag_bm25,new delivery hello received items intend intel po po po please advise please log thank engineer,Purchase,Purchase,Purchase,"Please track the delivery status of your items. If there are any issues, our team will escalate as needed.","[""Look up PO or order number and current status."", ""Retrieve courier tracking information if available."", ""Confirm shipping address and contact information with user."", ""Escalate delayed shipments to vendor or logistics team if necessary.""]","The ticket mentions a new delivery and asks to track items, which falls under the 'Tracking Orders and Deliveries' workflow.",False,"{""needs_human"": false, ""needs_llm_escalation"": false, ""policy_gap"": false, ""reasons"": []}",,,True,True,True,1140,0.0005700000000000001,1520.1286538504064,0.7882670478350623,5,0,1,1,2,2,1,Low category alignment.,System C,Tracking delivery of purchased Intel items and resolving delivery issues,"[""Verify requester has access to procurement system and confirm PO number"", ""Look up PO or order number and check current status"", ""Retrieve courier tracking information if available and provide it to the requester"", ""Confirm shipping address and contact information with user"", ""Guide user through any necessary actions to resolve delivery issues"", ""Escalate delayed shipments or delivery failures to vendor or logistics team"", ""Update ticket with ETA and delivery confirmation""]","[""PO status is updated with delivery information and confirmed by the requester"", ""User confirms receipt of all purchased Intel items""]",auto_approved,RouterGym\results\analysis_outputs\gold_resolution_eval\gold_matched_production_outputs.jsonl
4005,slm_dominant__base_slm2__esc_llm2__mem_rag_bm25,slm_dominant,slm2,llm2,rag_bm25,new delivery hello received items intend intel po po po please advise please log thank engineer,Purchase,Purchase,Purchase,The ticket involves a purchase order and delivery issue. The requester needs guidance on the status and next steps for their PO and delivery.,"[""Verify requester has access to procurement system."", ""Check PO status and ensure correct details are selected."", ""Guide user through fixing any validation errors."", ""Confirm PO approval and share PO number.""]","The ticket mentions new delivery, PO, and requests advice, indicating a purchase order and delivery concern.",False,"{""needs_human"": false, ""needs_llm_escalation"": false, ""policy_gap"": false, ""reasons"": []}",,,True,True,True,906,0.0006342,1247.845167061314,0.6895362538719977,5,2,1,1,1,1,1,Escalation expected but not flagged.,System E,Tracking delivery of purchased Intel items and resolving delivery issues,"[""Verify requester has access to procurement system and confirm PO number"", ""Look up PO or order number and check current status"", ""Retrieve courier tracking information if available and provide it to the requester"", ""Confirm shipping address and contact information with user"", ""Guide user through any necessary actions to resolve delivery issues"", ""Escalate delayed shipments or delivery failures to vendor or logistics team"", ""Update ticket with ETA and delivery confirmation""]","[""PO status is updated with delivery information and confirmed by the requester"", ""User confirms receipt of all purchased Intel items""]",auto_approved,RouterGym\results\analysis_outputs\gold_resolution_eval\gold_matched_production_outputs.jsonl
4005,slm_only__base_slm1__mem_rag_bm25,slm_only,slm1,,rag_bm25,new delivery hello received items intend intel po po po please advise please log thank engineer,Purchase,Purchase,Purchase,"Please track the delivery status of your items. If there are any issues, our team will escalate as needed.","[""Look up PO or order number and current status."", ""Retrieve courier tracking information if available."", ""Confirm shipping address and contact information with user."", ""Escalate delayed shipments to vendor or logistics team if necessary.""]","The ticket mentions a new delivery and asks to track items, which falls under the 'Tracking Orders and Deliveries' workflow.",False,"{""needs_human"": false, ""needs_llm_escalation"": false, ""policy_gap"": false, ""reasons"": []}",,,True,True,True,1140,0.0005700000000000001,1462.518883869052,0.7882670478350623,5,0,1,1,2,2,1,Low category alignment.,System A,Tracking delivery of purchased Intel items and resolving delivery issues,"[""Verify requester has access to procurement system and confirm PO number"", ""Look up PO or order number and check current status"", ""Retrieve courier tracking information if available and provide it to the requester"", ""Confirm shipping address and contact information with user"", ""Guide user through any necessary actions to resolve delivery issues"", ""Escalate delayed shipments or delivery failures to vendor or logistics team"", ""Update ticket with ETA and delivery confirmation""]","[""PO status is updated with delivery information and confirmed by the requester"", ""User confirms receipt of all purchased Intel items""]",auto_approved,RouterGym\results\analysis_outputs\gold_resolution_eval\gold_matched_production_outputs.jsonl
4005,slm_only__base_slm2__mem_rag_bm25,slm_only,slm2,,rag_bm25,new delivery hello received items intend intel po po po please advise please log thank engineer,Purchase,Purchase,Purchase,The ticket involves a purchase order and delivery issue. The requester needs guidance on the status and next steps for their PO and delivery.,"[""Verify requester has access to procurement system."", ""Check PO status and ensure correct details are selected."", ""Guide user through fixing any validation errors."", ""Confirm PO approval and share PO number.""]","The ticket mentions new delivery, PO, and requests advice, indicating a purchase order and delivery concern.",False,"{""needs_human"": false, ""needs_llm_escalation"": false, ""policy_gap"": false, ""reasons"": []}",,,True,True,True,906,0.0006342,3020.2388109173626,0.6895362538719977,5,2,1,1,1,1,1,Escalation expected but not flagged.,System F,Tracking delivery of purchased Intel items and resolving delivery issues,"[""Verify requester has access to procurement system and confirm PO number"", ""Look up PO or order number and check current status"", ""Retrieve courier tracking information if available and provide it to the requester"", ""Confirm shipping address and contact information with user"", ""Guide user through any necessary actions to resolve delivery issues"", ""Escalate delayed shipments or delivery failures to vendor or logistics team"", ""Update ticket with ETA and delivery confirmation""]","[""PO status is updated with delivery information and confirmed by the requester"", ""User confirms receipt of all purchased Intel items""]",auto_approved,RouterGym\results\analysis_outputs\gold_resolution_eval\gold_matched_production_outputs.jsonl
4073,llm_only__base_llm1__mem_rag_bm25,llm_only,llm1,,rag_bm25,investigate deeper the error and november pm re multiple polls down hello please assign investigate deeper error attach had also re same storage issue thank november re multiple polls down hello assigned queue restarted seems storage error related thank november multiple polls down hello discussed please advised has logged assigned queue polls down further assist thanks best regards analyst,Miscellaneous,Hardware,Hardware,The issue seems to be related to storage errors. Restarting the queue and logging the error has been advised. Further assistance is needed to resolve the problem.,"[""Check the storage system for any hardware failures or errors."", ""Verify if the storage issue is affecting other systems or services."", ""Review the logs for any specific error messages related to storage."", ""Consult with the storage team for further diagnosis and resolution."", ""Escalate to hardware support if the issue persists.""]","The ticket mentions multiple polls going down and a storage issue. Restarting the queue and logging the error are steps taken, but further assistance is required.",False,"{""needs_human"": false, ""needs_llm_escalation"": false, ""policy_gap"": false, ""reasons"": []}",,,True,True,True,1166,0.006996,3998.7339118961245,0.7120135760267196,5,1,1,1,1,2,1,Acceptable scoring across all dimensions.,System D,Investigate and resolve multiple polls down error related to storage issue,"[""Clarify symptoms, scope (one user vs many), and recent changes related to storage."", ""Restart the assigned queue to see if it resolves the immediate issue."", ""Check networking, login status, and basic resource usage, including storage health."", ""Look for known incidents or outages affecting storage systems."", ""If issue persists, review the storage logs for error messages or unusual activity."", ""Consult with the storage team to understand any recent changes or maintenance activities."", ""If issue becomes specific to hardware, redirect to the hardware.printer_setup_and_common_errors KB for further guidance.""]","[""Storage system is stable and no longer showing errors."", ""Multiple polls function correctly without downtime.""]",auto_approved,RouterGym\results\analysis_outputs\gold_resolution_eval\gold_matched_production_outputs.jsonl
4073,llm_only__base_llm2__mem_rag_bm25,llm_only,llm2,,rag_bm25,investigate deeper the error and november pm re multiple polls down hello please assign investigate deeper error attach had also re same storage issue thank november re multiple polls down hello assigned queue restarted seems storage error related thank november multiple polls down hello discussed please advised has logged assigned queue polls down further assist thanks best regards analyst,Miscellaneous,Hardware,Hardware,The issue appears to be related to storage. Restarting the queue resolved it temporarily but further investigation is required to prevent recurrence.,"[""Identify the specific storage issue causing the polls to go down."", ""Restart the affected queue to temporarily resolve the issue."", ""Monitor the system to ensure the issue does not recur."", ""If necessary, escalate to a specialist for further analysis.""]",The ticket mentions multiple polls being down and a storage-related error. The initial action of restarting the queue was effective but did not address the root cause.,False,"{""needs_human"": true, ""needs_llm_escalation"": false, ""policy_gap"": false, ""reasons"": []}",,,True,True,True,1111,0.003333,2346.250575967133,0.6626540216449518,3,0,1,1,1,1,1,Low category alignment.; Unnecessary escalation flagged.,System B,Investigate and resolve multiple polls down error related to storage issue,"[""Clarify symptoms, scope (one user vs many), and recent changes related to storage."", ""Restart the assigned queue to see if it resolves the immediate issue."", ""Check networking, login status, and basic resource usage, including storage health."", ""Look for known incidents or outages affecting storage systems."", ""If issue persists, review the storage logs for error messages or unusual activity."", ""Consult with the storage team to understand any recent changes or maintenance activities."", ""If issue becomes specific to hardware, redirect to the hardware.printer_setup_and_common_errors KB for further guidance.""]","[""Storage system is stable and no longer showing errors."", ""Multiple polls function correctly without downtime.""]",auto_approved,RouterGym\results\analysis_outputs\gold_resolution_eval\gold_matched_production_outputs.jsonl
4073,slm_dominant__base_slm1__esc_llm2__mem_rag_bm25,slm_dominant,slm1,llm2,rag_bm25,investigate deeper the error and november pm re multiple polls down hello please assign investigate deeper error attach had also re same storage issue thank november re multiple polls down hello assigned queue restarted seems storage error related thank november multiple polls down hello discussed please advised has logged assigned queue polls down further assist thanks best regards analyst,Miscellaneous,Hardware,,"The issue appears to be related to the printer setup or storage. Follow these steps to resolve: 1. Check the printer power and network status. 2. Remove stale printer queues and re-add the correct printer from the corporate list. 3. Ensure correct printer driver and default settings are applied. 4. Clear stuck jobs from the user’s print queue and the server queue if needed. 5. Print a test page from the user’s device and directly from the printer console. If the problem persists, escalate.","[""Check printer power and network status"", ""Remove stale printer queues and re-add the correct printer"", ""Ensure correct printer driver and default settings"", ""Clear stuck jobs from the user\u2019s print queue and the server queue"", ""Print a test page from the user\u2019s device and directly from the printer console""]","The ticket mentions a 'multiple polls down' error, which is a common printer issue. Additionally, it mentions a storage issue, which could be related to the printer's storage or network storage. The KB references provided are related to printer setup and troubleshooting, as well as general troubleshooting.",False,"{""needs_human"": false, ""needs_llm_escalation"": false, ""policy_gap"": false, ""reasons"": []}",Model output is not valid JSON.,,True,False,True,1521,0.0007605,2628.941958071664,0.6255108068213134,5,0,2,0,1,2,1,Low category alignment.; Misses key requirements from gold summary/criteria.,System C,Investigate and resolve multiple polls down error related to storage issue,"[""Clarify symptoms, scope (one user vs many), and recent changes related to storage."", ""Restart the assigned queue to see if it resolves the immediate issue."", ""Check networking, login status, and basic resource usage, including storage health."", ""Look for known incidents or outages affecting storage systems."", ""If issue persists, review the storage logs for error messages or unusual activity."", ""Consult with the storage team to understand any recent changes or maintenance activities."", ""If issue becomes specific to hardware, redirect to the hardware.printer_setup_and_common_errors KB for further guidance.""]","[""Storage system is stable and no longer showing errors."", ""Multiple polls function correctly without downtime.""]",auto_approved,RouterGym\results\analysis_outputs\gold_resolution_eval\gold_matched_production_outputs.jsonl
4073,slm_dominant__base_slm2__esc_llm2__mem_rag_bm25,slm_dominant,slm2,llm2,rag_bm25,investigate deeper the error and november pm re multiple polls down hello please assign investigate deeper error attach had also re same storage issue thank november re multiple polls down hello assigned queue restarted seems storage error related thank november multiple polls down hello discussed please advised has logged assigned queue polls down further assist thanks best regards analyst,Miscellaneous,Hardware,Storage,"Storage issues are likely causing the assigned queue to fail. Restarting the queue did not resolve it, indicating a deeper problem.","[""Check storage space and quotas for the assigned queue."", ""Verify file system integrity and permissions."", ""Clear temporary files and logs from the storage area.""]","The issue is related to storage, which was mentioned multiple times in the ticket. The queue restarting did not fix it, suggesting a more complex storage-related problem.",False,"{""needs_human"": true, ""needs_llm_escalation"": false, ""policy_gap"": false, ""reasons"": []}",,,True,True,True,1086,0.0007601999999990001,1218.4456349350512,0.6537746477610005,2,0,1,0,1,1,0,Low category alignment.; Misses key requirements from gold summary/criteria.; Unnecessary escalation flagged.; Low policy/gold grounding.,System E,Investigate and resolve multiple polls down error related to storage issue,"[""Clarify symptoms, scope (one user vs many), and recent changes related to storage."", ""Restart the assigned queue to see if it resolves the immediate issue."", ""Check networking, login status, and basic resource usage, including storage health."", ""Look for known incidents or outages affecting storage systems."", ""If issue persists, review the storage logs for error messages or unusual activity."", ""Consult with the storage team to understand any recent changes or maintenance activities."", ""If issue becomes specific to hardware, redirect to the hardware.printer_setup_and_common_errors KB for further guidance.""]","[""Storage system is stable and no longer showing errors."", ""Multiple polls function correctly without downtime.""]",auto_approved,RouterGym\results\analysis_outputs\gold_resolution_eval\gold_matched_production_outputs.jsonl
4073,slm_only__base_slm1__mem_rag_bm25,slm_only,slm1,,rag_bm25,investigate deeper the error and november pm re multiple polls down hello please assign investigate deeper error attach had also re same storage issue thank november re multiple polls down hello assigned queue restarted seems storage error related thank november multiple polls down hello discussed please advised has logged assigned queue polls down further assist thanks best regards analyst,Miscellaneous,Hardware,,"The issue appears to be related to the printer setup or storage. Follow these steps to resolve: 1. Check the printer power and network status. 2. Remove stale printer queues and re-add the correct printer from the corporate list. 3. Ensure correct printer driver and default settings are applied. 4. Clear stuck jobs from the user’s print queue and the server queue if needed. 5. Print a test page from the user’s device and directly from the printer console. If the problem persists, escalate.","[""Check printer power and network status"", ""Remove stale printer queues and re-add the correct printer"", ""Ensure correct printer driver and default settings"", ""Clear stuck jobs from the user\u2019s print queue and the server queue"", ""Print a test page from the user\u2019s device and directly from the printer console""]","The ticket mentions a 'multiple polls down' error, which is a common printer issue. Additionally, it mentions a storage issue, which could be related to the printer's storage or network storage. The KB references provided are related to printer setup and troubleshooting, as well as general troubleshooting.",False,"{""needs_human"": false, ""needs_llm_escalation"": false, ""policy_gap"": false, ""reasons"": []}",Model output is not valid JSON.,,True,False,True,1521,0.0007605,2607.680876040831,0.6255108068213134,5,0,2,0,1,2,1,Low category alignment.; Misses key requirements from gold summary/criteria.,System A,Investigate and resolve multiple polls down error related to storage issue,"[""Clarify symptoms, scope (one user vs many), and recent changes related to storage."", ""Restart the assigned queue to see if it resolves the immediate issue."", ""Check networking, login status, and basic resource usage, including storage health."", ""Look for known incidents or outages affecting storage systems."", ""If issue persists, review the storage logs for error messages or unusual activity."", ""Consult with the storage team to understand any recent changes or maintenance activities."", ""If issue becomes specific to hardware, redirect to the hardware.printer_setup_and_common_errors KB for further guidance.""]","[""Storage system is stable and no longer showing errors."", ""Multiple polls function correctly without downtime.""]",auto_approved,RouterGym\results\analysis_outputs\gold_resolution_eval\gold_matched_production_outputs.jsonl
4073,slm_only__base_slm2__mem_rag_bm25,slm_only,slm2,,rag_bm25,investigate deeper the error and november pm re multiple polls down hello please assign investigate deeper error attach had also re same storage issue thank november re multiple polls down hello assigned queue restarted seems storage error related thank november multiple polls down hello discussed please advised has logged assigned queue polls down further assist thanks best regards analyst,Miscellaneous,Hardware,Storage,"Storage issues are likely causing the assigned queue to fail. Restarting the queue did not resolve it, indicating a deeper problem.","[""Check storage space and quotas for the assigned queue."", ""Verify file system integrity and permissions."", ""Clear temporary files and logs from the storage area.""]","The issue is related to storage, which was mentioned multiple times in the ticket. The queue restarting did not fix it, suggesting a more complex storage-related problem.",False,"{""needs_human"": true, ""needs_llm_escalation"": false, ""policy_gap"": false, ""reasons"": []}",,,True,True,True,1086,0.0007601999999990001,3027.7965019922704,0.6537746477610005,2,0,1,0,1,1,0,Low category alignment.; Misses key requirements from gold summary/criteria.; Unnecessary escalation flagged.; Low policy/gold grounding.,System F,Investigate and resolve multiple polls down error related to storage issue,"[""Clarify symptoms, scope (one user vs many), and recent changes related to storage."", ""Restart the assigned queue to see if it resolves the immediate issue."", ""Check networking, login status, and basic resource usage, including storage health."", ""Look for known incidents or outages affecting storage systems."", ""If issue persists, review the storage logs for error messages or unusual activity."", ""Consult with the storage team to understand any recent changes or maintenance activities."", ""If issue becomes specific to hardware, redirect to the hardware.printer_setup_and_common_errors KB for further guidance.""]","[""Storage system is stable and no longer showing errors."", ""Multiple polls function correctly without downtime.""]",auto_approved,RouterGym\results\analysis_outputs\gold_resolution_eval\gold_matched_production_outputs.jsonl
4181,llm_only__base_llm1__mem_rag_bm25,llm_only,llm1,,rag_bm25,sn users sn users kind regards analyst ext hub friday november pm sn users hello cum la care sn sn license users workers sn users view,Access,Access,Access,"To view SN license users and workers, ensure you have the necessary permissions. Use the corporate software center or package manager to access the required tools. If you encounter any issues, capture the error codes and troubleshoot accordingly.","[""Confirm user has the necessary permissions to view SN license users and workers."", ""Use the corporate software center or package manager to access the required tools."", ""Capture and troubleshoot any installation error codes if failure occurs."", ""Ensure the application runs and the user understands support boundaries.""]","The user's request involves accessing and viewing SN license users and workers, which falls under the access category. The resolution involves confirming permissions and using the appropriate tools.",False,"{""needs_human"": false, ""needs_llm_escalation"": false, ""policy_gap"": false, ""reasons"": []}",,,True,True,True,1053,0.006318,4554.243445862085,0.6309671561683384,5,2,1,1,1,1,1,Escalation expected but not flagged.,System D,Addressing access issues for SN users regarding software and email,"[""1. Confirm that all SN users have active and licensed mailboxes."", ""2. Verify that each user has appropriate mailbox permissions, including access to shared mailboxes."", ""3. Reconfigure email profiles using standard auto-discovery settings to ensure proper synchronization."", ""4. Ensure that mobile devices used by SN users comply with approved mail clients and security policies (MDM, device encryption)."", ""5. Test email functionality by sending and receiving messages to confirm that access is restored."", ""6. Review the list of approved software to ensure that all applications requested by SN users are included."", ""7. For any unapproved software, escalate to security and procurement teams for review and potential licensing."", ""8. Provide installation instructions for newly licensed software to SN users.""]","[""All SN users can access their email accounts without restrictions."", ""SN users have been provided with the necessary software and have the ability to install it according to company guidelines.""]",auto_approved,RouterGym\results\analysis_outputs\gold_resolution_eval\gold_matched_production_outputs.jsonl
4181,llm_only__base_llm2__mem_rag_bm25,llm_only,llm2,,rag_bm25,sn users sn users kind regards analyst ext hub friday november pm sn users hello cum la care sn sn license users workers sn users view,Access,Access,Access,"To view the SN license for users and workers, ensure you have the necessary permissions and access the corporate software center or contact IT for further assistance.","[""Verify user has required permissions."", ""Access corporate software center."", ""If unable, contact IT support."", ""Check for any pending license updates or changes.""]",The query seems related to accessing specific licensing information within the company's software management system. It aligns with typical access requests involving licenses and permissions.,False,"{""needs_human"": false, ""needs_llm_escalation"": false, ""policy_gap"": false, ""reasons"": []}",,,True,True,True,943,0.0028290000000000004,2056.5666831098497,0.5842443609812213,5,2,1,1,1,1,1,Escalation expected but not flagged.,System B,Addressing access issues for SN users regarding software and email,"[""1. Confirm that all SN users have active and licensed mailboxes."", ""2. Verify that each user has appropriate mailbox permissions, including access to shared mailboxes."", ""3. Reconfigure email profiles using standard auto-discovery settings to ensure proper synchronization."", ""4. Ensure that mobile devices used by SN users comply with approved mail clients and security policies (MDM, device encryption)."", ""5. Test email functionality by sending and receiving messages to confirm that access is restored."", ""6. Review the list of approved software to ensure that all applications requested by SN users are included."", ""7. For any unapproved software, escalate to security and procurement teams for review and potential licensing."", ""8. Provide installation instructions for newly licensed software to SN users.""]","[""All SN users can access their email accounts without restrictions."", ""SN users have been provided with the necessary software and have the ability to install it according to company guidelines.""]",auto_approved,RouterGym\results\analysis_outputs\gold_resolution_eval\gold_matched_production_outputs.jsonl
4181,slm_dominant__base_slm1__esc_llm2__mem_rag_bm25,slm_dominant,slm1,llm2,rag_bm25,sn users sn users kind regards analyst ext hub friday november pm sn users hello cum la care sn sn license users workers sn users view,Access,Access,Access,"Please follow the Software Installation Guide to request and install the SN users and SN license. If you encounter any issues, contact the IT department.","[""Confirm software is on the approved list; if not, route to security/procurement."", ""Check user\u2019s admin rights or installation permissions."", ""Use corporate software centre, package manager, or remote deployment where available."", ""Capture and troubleshoot installation error codes if failure occurs."", ""Confirm application runs and user understands support boundaries.""]","The ticket request appears to be for software installation, specifically SN users and SN license. The pattern matches the Software Installation Guide.",False,"{""needs_human"": false, ""needs_llm_escalation"": false, ""policy_gap"": false, ""reasons"": []}",,,True,True,True,1231,0.0006154999999999999,1816.2857911083847,0.6196369546070876,3,0,1,1,1,1,1,Low category alignment.; Escalation expected but not flagged.,System C,Addressing access issues for SN users regarding software and email,"[""1. Confirm that all SN users have active and licensed mailboxes."", ""2. Verify that each user has appropriate mailbox permissions, including access to shared mailboxes."", ""3. Reconfigure email profiles using standard auto-discovery settings to ensure proper synchronization."", ""4. Ensure that mobile devices used by SN users comply with approved mail clients and security policies (MDM, device encryption)."", ""5. Test email functionality by sending and receiving messages to confirm that access is restored."", ""6. Review the list of approved software to ensure that all applications requested by SN users are included."", ""7. For any unapproved software, escalate to security and procurement teams for review and potential licensing."", ""8. Provide installation instructions for newly licensed software to SN users.""]","[""All SN users can access their email accounts without restrictions."", ""SN users have been provided with the necessary software and have the ability to install it according to company guidelines.""]",auto_approved,RouterGym\results\analysis_outputs\gold_resolution_eval\gold_matched_production_outputs.jsonl
4181,slm_dominant__base_slm2__esc_llm2__mem_rag_bm25,slm_dominant,slm2,llm2,rag_bm25,sn users sn users kind regards analyst ext hub friday november pm sn users hello cum la care sn sn license users workers sn users view,Access,Access,Access,"User needs help with software licensing and installation, including checking permissions and using the corporate software center.","[""Confirm software is on approved list."", ""Check user's admin rights."", ""Use corporate software center for installation."", ""Troubleshoot any installation errors.""]","Ticket mentions 'license', 'workers', and 'view', indicating a request for software installation and licensing assistance.",False,"{""needs_human"": false, ""needs_llm_escalation"": false, ""policy_gap"": false, ""reasons"": []}",,,True,True,True,923,0.0006460999999990001,1098.528177011758,0.5955478327836528,3,0,1,1,1,1,1,Low category alignment.; Escalation expected but not flagged.,System E,Addressing access issues for SN users regarding software and email,"[""1. Confirm that all SN users have active and licensed mailboxes."", ""2. Verify that each user has appropriate mailbox permissions, including access to shared mailboxes."", ""3. Reconfigure email profiles using standard auto-discovery settings to ensure proper synchronization."", ""4. Ensure that mobile devices used by SN users comply with approved mail clients and security policies (MDM, device encryption)."", ""5. Test email functionality by sending and receiving messages to confirm that access is restored."", ""6. Review the list of approved software to ensure that all applications requested by SN users are included."", ""7. For any unapproved software, escalate to security and procurement teams for review and potential licensing."", ""8. Provide installation instructions for newly licensed software to SN users.""]","[""All SN users can access their email accounts without restrictions."", ""SN users have been provided with the necessary software and have the ability to install it according to company guidelines.""]",auto_approved,RouterGym\results\analysis_outputs\gold_resolution_eval\gold_matched_production_outputs.jsonl
4181,slm_only__base_slm1__mem_rag_bm25,slm_only,slm1,,rag_bm25,sn users sn users kind regards analyst ext hub friday november pm sn users hello cum la care sn sn license users workers sn users view,Access,Access,Access,"Please follow the Software Installation Guide to request and install the SN users and SN license. If you encounter any issues, contact the IT department.","[""Confirm software is on the approved list; if not, route to security/procurement."", ""Check user\u2019s admin rights or installation permissions."", ""Use corporate software centre, package manager, or remote deployment where available."", ""Capture and troubleshoot installation error codes if failure occurs."", ""Confirm application runs and user understands support boundaries.""]","The ticket request appears to be for software installation, specifically SN users and SN license. The pattern matches the Software Installation Guide.",False,"{""needs_human"": false, ""needs_llm_escalation"": false, ""policy_gap"": false, ""reasons"": []}",,,True,True,True,1231,0.0006154999999999999,1926.8568470142782,0.6196369546070876,3,0,1,1,1,1,1,Low category alignment.; Escalation expected but not flagged.,System A,Addressing access issues for SN users regarding software and email,"[""1. Confirm that all SN users have active and licensed mailboxes."", ""2. Verify that each user has appropriate mailbox permissions, including access to shared mailboxes."", ""3. Reconfigure email profiles using standard auto-discovery settings to ensure proper synchronization."", ""4. Ensure that mobile devices used by SN users comply with approved mail clients and security policies (MDM, device encryption)."", ""5. Test email functionality by sending and receiving messages to confirm that access is restored."", ""6. Review the list of approved software to ensure that all applications requested by SN users are included."", ""7. For any unapproved software, escalate to security and procurement teams for review and potential licensing."", ""8. Provide installation instructions for newly licensed software to SN users.""]","[""All SN users can access their email accounts without restrictions."", ""SN users have been provided with the necessary software and have the ability to install it according to company guidelines.""]",auto_approved,RouterGym\results\analysis_outputs\gold_resolution_eval\gold_matched_production_outputs.jsonl
4181,slm_only__base_slm2__mem_rag_bm25,slm_only,slm2,,rag_bm25,sn users sn users kind regards analyst ext hub friday november pm sn users hello cum la care sn sn license users workers sn users view,Access,Access,Access,"User needs help with software licensing and installation, including checking permissions and using the corporate software center.","[""Confirm software is on approved list."", ""Check user's admin rights."", ""Use corporate software center for installation."", ""Troubleshoot any installation errors.""]","Ticket mentions 'license', 'workers', and 'view', indicating a request for software installation and licensing assistance.",False,"{""needs_human"": false, ""needs_llm_escalation"": false, ""policy_gap"": false, ""reasons"": []}",,,True,True,True,923,0.0006460999999990001,3170.4651908949018,0.5955478327836528,3,0,1,1,1,1,1,Low category alignment.; Escalation expected but not flagged.,System F,Addressing access issues for SN users regarding software and email,"[""1. Confirm that all SN users have active and licensed mailboxes."", ""2. Verify that each user has appropriate mailbox permissions, including access to shared mailboxes."", ""3. Reconfigure email profiles using standard auto-discovery settings to ensure proper synchronization."", ""4. Ensure that mobile devices used by SN users comply with approved mail clients and security policies (MDM, device encryption)."", ""5. Test email functionality by sending and receiving messages to confirm that access is restored."", ""6. Review the list of approved software to ensure that all applications requested by SN users are included."", ""7. For any unapproved software, escalate to security and procurement teams for review and potential licensing."", ""8. Provide installation instructions for newly licensed software to SN users.""]","[""All SN users can access their email accounts without restrictions."", ""SN users have been provided with the necessary software and have the ability to install it according to company guidelines.""]",auto_approved,RouterGym\results\analysis_outputs\gold_resolution_eval\gold_matched_production_outputs.jsonl
4390,llm_only__base_llm1__mem_rag_bm25,llm_only,llm1,,rag_bm25,fresh os install fresh os install hi after installation drive without os fresh installed thanks senior infrastructure engineer infrastructure,Administrative rights,Administrative rights,Administrative rights,"To resolve the issue, ensure the installation media is bootable and correctly configured. Insert the media, boot from it, and follow the on-screen instructions. If issues persist, check BIOS settings and ensure the drive is properly connected.","[""Verify the installation media is bootable and correctly configured."", ""Insert the media and boot from it."", ""Follow the on-screen instructions for OS installation."", ""Check BIOS settings if boot issues occur."", ""Ensure the drive is properly connected and recognized.""]",The user is facing issues with a fresh OS installation on a drive without an OS. This typically involves ensuring the installation media is correctly set up and the system is configured to boot from it.,False,"{""needs_human"": false, ""needs_llm_escalation"": false, ""policy_gap"": false, ""reasons"": []}",,,True,True,True,1071,0.006425999999999,4191.711476072669,0.5945083143778215,2,0,1,0,1,1,0,Low category alignment.; Misses key requirements from gold summary/criteria.; Escalation expected but not flagged.; Low policy/gold grounding.,System D,Fresh OS install requires administrative rights for software installation,"[""1. Verify that the user has administrative rights for installing software on the workstation."", ""2. Ensure that the software to be installed is on the approved list; escalate to security/procurement if not."", ""3. Check if the corporate software center, package manager, or remote deployment options are available."", ""4. Install the software using the appropriate method, ensuring compliance with IT policies."", ""5. Test the software to confirm it is functioning correctly post-installation."", ""6. Update the system's configuration settings if necessary to accommodate the new software."", ""7. Monitor the system for any performance issues or conflicts after the installation.""]","[""The user has been granted temporary administrative rights for the installation process."", ""The software has been successfully installed and tested, confirming its functionality.""]",auto_approved,RouterGym\results\analysis_outputs\gold_resolution_eval\gold_matched_production_outputs.jsonl
4390,llm_only__base_llm2__mem_rag_bm25,llm_only,llm2,,rag_bm25,fresh os install fresh os install hi after installation drive without os fresh installed thanks senior infrastructure engineer infrastructure,Administrative rights,Administrative rights,Administrative rights,"To address your request, we will perform a fresh OS installation and ensure that all drives are accessible afterward. This process includes setting up necessary configurations and verifying drive access.","[""Prepare installation media and backup data."", ""Perform fresh OS installation."", ""Verify OS installation and system stability."", ""Access and mount all drives."", ""Configure drive permissions and settings.""]",The request involves a fresh OS installation followed by ensuring drive accessibility. It aligns with administrative tasks related to system setup and configuration.,False,"{""needs_human"": false, ""needs_llm_escalation"": false, ""policy_gap"": false, ""reasons"": []}",,,True,True,True,1003,0.003009,2185.029450105503,0.5458244290767881,2,1,1,0,0,1,0,Misses key requirements from gold summary/criteria.; Low alignment with gold resolution steps.; Escalation expected but not flagged.; Low policy/gold grounding.,System B,Fresh OS install requires administrative rights for software installation,"[""1. Verify that the user has administrative rights for installing software on the workstation."", ""2. Ensure that the software to be installed is on the approved list; escalate to security/procurement if not."", ""3. Check if the corporate software center, package manager, or remote deployment options are available."", ""4. Install the software using the appropriate method, ensuring compliance with IT policies."", ""5. Test the software to confirm it is functioning correctly post-installation."", ""6. Update the system's configuration settings if necessary to accommodate the new software."", ""7. Monitor the system for any performance issues or conflicts after the installation.""]","[""The user has been granted temporary administrative rights for the installation process."", ""The software has been successfully installed and tested, confirming its functionality.""]",auto_approved,RouterGym\results\analysis_outputs\gold_resolution_eval\gold_matched_production_outputs.jsonl
4390,slm_dominant__base_slm1__esc_llm2__mem_rag_bm25,slm_dominant,slm1,llm2,rag_bm25,fresh os install fresh os install hi after installation drive without os fresh installed thanks senior infrastructure engineer infrastructure,Administrative rights,Administrative rights,Hardware,Install the fresh operating system on the drive and ensure it is functioning correctly.,"[""Confirm the drive is properly connected and recognized."", ""Install the operating system on the drive."", ""Check for any errors during the installation process."", ""Boot the system from the installed drive and verify its functionality.""]",The user has requested a fresh OS installation on a drive that currently does not have an operating system.,False,"{""needs_human"": false, ""needs_llm_escalation"": false, ""policy_gap"": false, ""reasons"": []}",,,True,True,True,1208,0.0006039999999999999,1406.7382339853793,0.5907217954187751,3,0,1,1,1,1,1,Low category alignment.; Escalation expected but not flagged.; Very short answer.,System C,Fresh OS install requires administrative rights for software installation,"[""1. Verify that the user has administrative rights for installing software on the workstation."", ""2. Ensure that the software to be installed is on the approved list; escalate to security/procurement if not."", ""3. Check if the corporate software center, package manager, or remote deployment options are available."", ""4. Install the software using the appropriate method, ensuring compliance with IT policies."", ""5. Test the software to confirm it is functioning correctly post-installation."", ""6. Update the system's configuration settings if necessary to accommodate the new software."", ""7. Monitor the system for any performance issues or conflicts after the installation.""]","[""The user has been granted temporary administrative rights for the installation process."", ""The software has been successfully installed and tested, confirming its functionality.""]",auto_approved,RouterGym\results\analysis_outputs\gold_resolution_eval\gold_matched_production_outputs.jsonl
4390,slm_dominant__base_slm2__esc_llm2__mem_rag_bm25,slm_dominant,slm2,llm2,rag_bm25,fresh os install fresh os install hi after installation drive without os fresh installed thanks senior infrastructure engineer infrastructure,Administrative rights,Administrative rights,Administrative rights,"The request pertains to a clean OS installation on a new drive, which does not align with typical workstation performance issues or software installation guidelines.","[""Verify user has necessary administrative rights."", ""Ensure correct OS installation media is used."", ""Check for any hardware compatibility issues.""]","The ticket describes a fresh OS installation scenario, which is more aligned with administrative rights and infrastructure management rather than software installation or performance issues.",False,"{""needs_human"": false, ""needs_llm_escalation"": false, ""policy_gap"": false, ""reasons"": []}",,,True,True,True,988,0.0006916,1188.5474910959601,0.5790302720794537,4,2,1,0,1,1,1,Misses key requirements from gold summary/criteria.; Escalation expected but not flagged.,System E,Fresh OS install requires administrative rights for software installation,"[""1. Verify that the user has administrative rights for installing software on the workstation."", ""2. Ensure that the software to be installed is on the approved list; escalate to security/procurement if not."", ""3. Check if the corporate software center, package manager, or remote deployment options are available."", ""4. Install the software using the appropriate method, ensuring compliance with IT policies."", ""5. Test the software to confirm it is functioning correctly post-installation."", ""6. Update the system's configuration settings if necessary to accommodate the new software."", ""7. Monitor the system for any performance issues or conflicts after the installation.""]","[""The user has been granted temporary administrative rights for the installation process."", ""The software has been successfully installed and tested, confirming its functionality.""]",auto_approved,RouterGym\results\analysis_outputs\gold_resolution_eval\gold_matched_production_outputs.jsonl
4390,slm_only__base_slm1__mem_rag_bm25,slm_only,slm1,,rag_bm25,fresh os install fresh os install hi after installation drive without os fresh installed thanks senior infrastructure engineer infrastructure,Administrative rights,Administrative rights,Hardware,Install the fresh operating system on the drive and ensure it is functioning correctly.,"[""Confirm the drive is properly connected and recognized."", ""Install the operating system on the drive."", ""Check for any errors during the installation process."", ""Boot the system from the installed drive and verify its functionality.""]",The user has requested a fresh OS installation on a drive that currently does not have an operating system.,False,"{""needs_human"": false, ""needs_llm_escalation"": false, ""policy_gap"": false, ""reasons"": []}",,,True,True,True,1208,0.0006039999999999999,1396.6016538906842,0.5907217954187751,3,0,1,1,1,1,1,Low category alignment.; Escalation expected but not flagged.; Very short answer.,System A,Fresh OS install requires administrative rights for software installation,"[""1. Verify that the user has administrative rights for installing software on the workstation."", ""2. Ensure that the software to be installed is on the approved list; escalate to security/procurement if not."", ""3. Check if the corporate software center, package manager, or remote deployment options are available."", ""4. Install the software using the appropriate method, ensuring compliance with IT policies."", ""5. Test the software to confirm it is functioning correctly post-installation."", ""6. Update the system's configuration settings if necessary to accommodate the new software."", ""7. Monitor the system for any performance issues or conflicts after the installation.""]","[""The user has been granted temporary administrative rights for the installation process."", ""The software has been successfully installed and tested, confirming its functionality.""]",auto_approved,RouterGym\results\analysis_outputs\gold_resolution_eval\gold_matched_production_outputs.jsonl
4390,slm_only__base_slm2__mem_rag_bm25,slm_only,slm2,,rag_bm25,fresh os install fresh os install hi after installation drive without os fresh installed thanks senior infrastructure engineer infrastructure,Administrative rights,Administrative rights,Administrative rights,"The request pertains to a clean OS installation on a new drive, which does not align with typical workstation performance issues or software installation guidelines.","[""Verify user has necessary administrative rights."", ""Ensure correct OS installation media is used."", ""Check for any hardware compatibility issues.""]","The ticket describes a fresh OS installation scenario, which is more aligned with administrative rights and infrastructure management rather than software installation or performance issues.",False,"{""needs_human"": false, ""needs_llm_escalation"": false, ""policy_gap"": false, ""reasons"": []}",,,True,True,True,988,0.0006916,3235.1287531200796,0.5790302720794537,4,2,1,0,1,1,1,Misses key requirements from gold summary/criteria.; Escalation expected but not flagged.,System F,Fresh OS install requires administrative rights for software installation,"[""1. Verify that the user has administrative rights for installing software on the workstation."", ""2. Ensure that the software to be installed is on the approved list; escalate to security/procurement if not."", ""3. Check if the corporate software center, package manager, or remote deployment options are available."", ""4. Install the software using the appropriate method, ensuring compliance with IT policies."", ""5. Test the software to confirm it is functioning correctly post-installation."", ""6. Update the system's configuration settings if necessary to accommodate the new software."", ""7. Monitor the system for any performance issues or conflicts after the installation.""]","[""The user has been granted temporary administrative rights for the installation process."", ""The software has been successfully installed and tested, confirming its functionality.""]",auto_approved,RouterGym\results\analysis_outputs\gold_resolution_eval\gold_matched_production_outputs.jsonl
4407,llm_only__base_llm1__mem_rag_bm25,llm_only,llm1,,rag_bm25,configure and personalize outlook on new laptop tickets hello please tickets assigned queue provide cable personalize thank help kind regards leader mobile,Purchase,Administrative rights,Access,"To configure Outlook on your new laptop, ensure you have the necessary administrative rights. Connect the laptop to the network, open Outlook, and follow the prompts to set up your email account. For personalization, adjust settings in the Outlook options menu. If issues persist, contact your IT support for further assistance.","[""Ensure the laptop has network connectivity and administrative rights."", ""Open Outlook and follow the setup prompts for your email account."", ""Adjust Outlook settings for personalization in the options menu."", ""Test sending and receiving emails to confirm setup.""]","The user requires setup and customization of Outlook on a new device, which falls under email access and configuration.",False,"{""needs_human"": false, ""needs_llm_escalation"": false, ""policy_gap"": false, ""reasons"": []}",,,True,True,True,1030,0.006180000000000001,4362.528327153996,0.5914231451250127,4,0,1,1,1,2,1,Low category alignment.,System D,Configure and personalize Outlook on new laptop,"[""1. Confirm mailbox exists and is licensed/active."", ""2. Check that user has the correct mailbox permissions (own mailbox, shared mailboxes)."", ""3. Configure email profile using standard auto-discovery settings."", ""4. Personalize Outlook settings according to user preferences (e.g., signatures, rules)."", ""5. For mobile, confirm approved mail client and security policies (MDM, device encryption)."", ""6. Sync mail and confirm sending/receiving works."", ""7. Verify that all personalized settings are correctly applied and functioning as expected.""]","[""Email is successfully configured on the new laptop with personalized settings."", ""User can send and receive emails without issues."", ""Personalized features such as signatures and rules are correctly applied.""]",auto_approved,RouterGym\results\analysis_outputs\gold_resolution_eval\gold_matched_production_outputs.jsonl
4407,llm_only__base_llm2__mem_rag_bm25,llm_only,llm2,,rag_bm25,configure and personalize outlook on new laptop tickets hello please tickets assigned queue provide cable personalize thank help kind regards leader mobile,Purchase,Administrative rights,Access,"This ticket requires assigning and configuring Outlook on a new laptop. Ensure the mailbox is active, set up the email profile correctly, and verify email functionality.","[""Verify mailbox is active and licensed."", ""Configure email profile using auto-discovery settings."", ""Check email synchronization and functionality."", ""Ensure mobile access if applicable.""]","The request pertains to setting up Outlook on a new laptop, which involves mailbox verification and proper configuration. It does not require administrative rights but falls under email access and configuration.",False,"{""needs_human"": false, ""needs_llm_escalation"": false, ""policy_gap"": false, ""reasons"": []}",,,True,True,True,954,0.002862,2117.331991903484,0.6260790176578604,5,0,1,1,2,2,1,Low category alignment.,System B,Configure and personalize Outlook on new laptop,"[""1. Confirm mailbox exists and is licensed/active."", ""2. Check that user has the correct mailbox permissions (own mailbox, shared mailboxes)."", ""3. Configure email profile using standard auto-discovery settings."", ""4. Personalize Outlook settings according to user preferences (e.g., signatures, rules)."", ""5. For mobile, confirm approved mail client and security policies (MDM, device encryption)."", ""6. Sync mail and confirm sending/receiving works."", ""7. Verify that all personalized settings are correctly applied and functioning as expected.""]","[""Email is successfully configured on the new laptop with personalized settings."", ""User can send and receive emails without issues."", ""Personalized features such as signatures and rules are correctly applied.""]",auto_approved,RouterGym\results\analysis_outputs\gold_resolution_eval\gold_matched_production_outputs.jsonl
4407,slm_dominant__base_slm1__esc_llm2__mem_rag_bm25,slm_dominant,slm1,llm2,rag_bm25,configure and personalize outlook on new laptop tickets hello please tickets assigned queue provide cable personalize thank help kind regards leader mobile,Purchase,Administrative rights,Access,"To configure and personalize Outlook on a new laptop, first ensure the correct email profile is set up. If the mailbox is not found, confirm its existence and active status. Then, personalize Outlook settings according to user preferences. If issues persist, check for approved mobile devices and security policies.","[""Confirm mailbox exists and is licensed/active"", ""Check that user has the correct mailbox permissions"", ""Configure email profile using standard auto-discovery settings"", ""Personalize Outlook settings according to user preferences"", ""For mobile, confirm approved mail client and security policies""]","The ticket request involves configuring and personalizing Outlook on a new laptop, which falls under the category of Email Access and Configuration. The steps involve setting up the email profile, confirming the mailbox, and personalizing Outlook settings.",False,"{""needs_human"": false, ""needs_llm_escalation"": false, ""policy_gap"": false, ""reasons"": []}",,,True,True,True,1294,0.000647,2191.502172034234,0.7479162800201097,5,0,1,1,2,2,2,Low category alignment.,System C,Configure and personalize Outlook on new laptop,"[""1. Confirm mailbox exists and is licensed/active."", ""2. Check that user has the correct mailbox permissions (own mailbox, shared mailboxes)."", ""3. Configure email profile using standard auto-discovery settings."", ""4. Personalize Outlook settings according to user preferences (e.g., signatures, rules)."", ""5. For mobile, confirm approved mail client and security policies (MDM, device encryption)."", ""6. Sync mail and confirm sending/receiving works."", ""7. Verify that all personalized settings are correctly applied and functioning as expected.""]","[""Email is successfully configured on the new laptop with personalized settings."", ""User can send and receive emails without issues."", ""Personalized features such as signatures and rules are correctly applied.""]",auto_approved,RouterGym\results\analysis_outputs\gold_resolution_eval\gold_matched_production_outputs.jsonl
4407,slm_dominant__base_slm2__esc_llm2__mem_rag_bm25,slm_dominant,slm2,llm2,rag_bm25,configure and personalize outlook on new laptop tickets hello please tickets assigned queue provide cable personalize thank help kind regards leader mobile,Purchase,Administrative rights,Access,Tickets should be reassigned based on the correct category and owner. Ensure the ticket is routed to the appropriate team for Outlook configuration and personalization tasks.,"[""Review ticket description for correct category."", ""Update ticket to IT or Help Desk queue."", ""Confirm mailbox and permissions exist."", ""Configure email profile using standard settings.""]","The request involves configuring and personalizing Outlook, which falls under email access and configuration but may need reassessment for correct routing.",False,"{""needs_human"": false, ""needs_llm_escalation"": false, ""policy_gap"": false, ""reasons"": []}",,,True,True,True,943,0.0006600999999999999,1273.5597139690071,0.6163531309126896,3,0,1,0,1,2,0,Low category alignment.; Misses key requirements from gold summary/criteria.; Low policy/gold grounding.,System E,Configure and personalize Outlook on new laptop,"[""1. Confirm mailbox exists and is licensed/active."", ""2. Check that user has the correct mailbox permissions (own mailbox, shared mailboxes)."", ""3. Configure email profile using standard auto-discovery settings."", ""4. Personalize Outlook settings according to user preferences (e.g., signatures, rules)."", ""5. For mobile, confirm approved mail client and security policies (MDM, device encryption)."", ""6. Sync mail and confirm sending/receiving works."", ""7. Verify that all personalized settings are correctly applied and functioning as expected.""]","[""Email is successfully configured on the new laptop with personalized settings."", ""User can send and receive emails without issues."", ""Personalized features such as signatures and rules are correctly applied.""]",auto_approved,RouterGym\results\analysis_outputs\gold_resolution_eval\gold_matched_production_outputs.jsonl
4407,slm_only__base_slm1__mem_rag_bm25,slm_only,slm1,,rag_bm25,configure and personalize outlook on new laptop tickets hello please tickets assigned queue provide cable personalize thank help kind regards leader mobile,Purchase,Administrative rights,Access,"To configure and personalize Outlook on a new laptop, first ensure the correct email profile is set up. If the mailbox is not found, confirm its existence and active status. Then, personalize Outlook settings according to user preferences. If issues persist, check for approved mobile devices and security policies.","[""Confirm mailbox exists and is licensed/active"", ""Check that user has the correct mailbox permissions"", ""Configure email profile using standard auto-discovery settings"", ""Personalize Outlook settings according to user preferences"", ""For mobile, confirm approved mail client and security policies""]","The ticket request involves configuring and personalizing Outlook on a new laptop, which falls under the category of Email Access and Configuration. The steps involve setting up the email profile, confirming the mailbox, and personalizing Outlook settings.",False,"{""needs_human"": false, ""needs_llm_escalation"": false, ""policy_gap"": false, ""reasons"": []}",,,True,True,True,1294,0.000647,2203.7386291194707,0.7479162800201097,6,0,1,1,2,2,2,Low category alignment.,System A,Configure and personalize Outlook on new laptop,"[""1. Confirm mailbox exists and is licensed/active."", ""2. Check that user has the correct mailbox permissions (own mailbox, shared mailboxes)."", ""3. Configure email profile using standard auto-discovery settings."", ""4. Personalize Outlook settings according to user preferences (e.g., signatures, rules)."", ""5. For mobile, confirm approved mail client and security policies (MDM, device encryption)."", ""6. Sync mail and confirm sending/receiving works."", ""7. Verify that all personalized settings are correctly applied and functioning as expected.""]","[""Email is successfully configured on the new laptop with personalized settings."", ""User can send and receive emails without issues."", ""Personalized features such as signatures and rules are correctly applied.""]",auto_approved,RouterGym\results\analysis_outputs\gold_resolution_eval\gold_matched_production_outputs.jsonl
4407,slm_only__base_slm2__mem_rag_bm25,slm_only,slm2,,rag_bm25,configure and personalize outlook on new laptop tickets hello please tickets assigned queue provide cable personalize thank help kind regards leader mobile,Purchase,Administrative rights,Access,Tickets should be reassigned based on the correct category and owner. Ensure the ticket is routed to the appropriate team for Outlook configuration and personalization tasks.,"[""Review ticket description for correct category."", ""Update ticket to IT or Help Desk queue."", ""Confirm mailbox and permissions exist."", ""Configure email profile using standard settings.""]","The request involves configuring and personalizing Outlook, which falls under email access and configuration but may need reassessment for correct routing.",False,"{""needs_human"": false, ""needs_llm_escalation"": false, ""policy_gap"": false, ""reasons"": []}",,,True,True,True,943,0.0006600999999999999,2992.1451041009277,0.6163531309126896,3,0,1,0,1,2,0,Low category alignment.; Misses key requirements from gold summary/criteria.; Low policy/gold grounding.,System F,Configure and personalize Outlook on new laptop,"[""1. Confirm mailbox exists and is licensed/active."", ""2. Check that user has the correct mailbox permissions (own mailbox, shared mailboxes)."", ""3. Configure email profile using standard auto-discovery settings."", ""4. Personalize Outlook settings according to user preferences (e.g., signatures, rules)."", ""5. For mobile, confirm approved mail client and security policies (MDM, device encryption)."", ""6. Sync mail and confirm sending/receiving works."", ""7. Verify that all personalized settings are correctly applied and functioning as expected.""]","[""Email is successfully configured on the new laptop with personalized settings."", ""User can send and receive emails without issues."", ""Personalized features such as signatures and rules are correctly applied.""]",auto_approved,RouterGym\results\analysis_outputs\gold_resolution_eval\gold_matched_production_outputs.jsonl
4556,llm_only__base_llm1__mem_rag_bm25,llm_only,llm1,,rag_bm25,new project code for code has assigned hi setting assign thank kind regards engineer november code has assigned hello please advised record number has assigned please review details take appropriate action reference number details requested location kingdom liverpool liverpool summary code additional comments requirements code hi please create code code name platform give write myself manage code please let require further information kind regards technical programme id canary assign reference assignment summary code location kingdom liverpool liverpool attachments setup form please link kind regards ref msg,Internal Project,Internal Project,Internal Project,"To create a new project code for the 'Canary' platform in Liverpool, UK, follow these steps: Verify the project details and requirements. Create the project code in the system. Attach the setup form and any additional comments or requirements. Ensure the project is assigned to the correct location and technical program.","[""Verify project details and requirements."", ""Create the project code in the system."", ""Attach the setup form and additional comments."", ""Assign the project to the correct location and technical program."", ""Review and finalize the project setup.""]","The request involves creating a new project code with specific details and attachments, which falls under internal project management.",False,"{""needs_human"": false, ""needs_llm_escalation"": false, ""policy_gap"": false, ""reasons"": []}",,,True,True,True,1203,0.0072180000000000005,4216.930333059281,0.6338477340176916,7,2,1,1,2,2,2,Acceptable scoring across all dimensions.,System D,Create new project code for internal project,"[""1. Verify project details and requirements with the requester."", ""2. Create a new project code in the system following the internal project guidelines."", ""3. Assign the project code to the correct location (Kingdom, Liverpool, Liverpool) and ensure it is linked to the relevant department."", ""4. Set up the project with the required settings and configurations, including any specific platform needs as mentioned."", ""5. Review the project budget and cost allocation to ensure accuracy and alignment with financial policies."", ""6. Update the project details in the tracking system and confirm the setup with the requester."", ""7. Tag the project assets according to the Hardware Asset Tagging and Tracking policy."", ""8. Confirm that all necessary documentation, such as the setup form, is completed and linked to the project.""]","[""The new project code is created and verified within the system."", ""The project code is correctly assigned to the specified location and department."", ""All required settings and configurations are applied according to the project requirements."", ""The project budget and cost allocation are reviewed and updated as necessary.""]",auto_approved,RouterGym\results\analysis_outputs\gold_resolution_eval\gold_matched_production_outputs.jsonl
4556,llm_only__base_llm2__mem_rag_bm25,llm_only,llm2,,rag_bm25,new project code for code has assigned hi setting assign thank kind regards engineer november code has assigned hello please advised record number has assigned please review details take appropriate action reference number details requested location kingdom liverpool liverpool summary code additional comments requirements code hi please create code code name platform give write myself manage code please let require further information kind regards technical programme id canary assign reference assignment summary code location kingdom liverpool liverpool attachments setup form please link kind regards ref msg,Internal Project,Internal Project,Internal Project,A new project code named 'platform' needs to be created for the Liverpool location. Please review the attached setup form and confirm the details.,"[""Review attached setup form."", ""Confirm project details."", ""Create new project code 'platform'."", ""Assign code to Liverpool location."", ""Notify relevant parties of assignment.""]","The request pertains to initiating a new project code within the Liverpool location, aligning with internal project management processes.",False,"{""needs_human"": false, ""needs_llm_escalation"": false, ""policy_gap"": false, ""reasons"": []}",,,True,True,True,1116,0.0033480000000000003,2136.664482066408,0.5665028860717557,5,2,1,1,1,2,1,Acceptable scoring across all dimensions.,System B,Create new project code for internal project,"[""1. Verify project details and requirements with the requester."", ""2. Create a new project code in the system following the internal project guidelines."", ""3. Assign the project code to the correct location (Kingdom, Liverpool, Liverpool) and ensure it is linked to the relevant department."", ""4. Set up the project with the required settings and configurations, including any specific platform needs as mentioned."", ""5. Review the project budget and cost allocation to ensure accuracy and alignment with financial policies."", ""6. Update the project details in the tracking system and confirm the setup with the requester."", ""7. Tag the project assets according to the Hardware Asset Tagging and Tracking policy."", ""8. Confirm that all necessary documentation, such as the setup form, is completed and linked to the project.""]","[""The new project code is created and verified within the system."", ""The project code is correctly assigned to the specified location and department."", ""All required settings and configurations are applied according to the project requirements."", ""The project budget and cost allocation are reviewed and updated as necessary.""]",auto_approved,RouterGym\results\analysis_outputs\gold_resolution_eval\gold_matched_production_outputs.jsonl
4556,slm_dominant__base_slm1__esc_llm2__mem_rag_bm25,slm_dominant,slm1,llm2,rag_bm25,new project code for code has assigned hi setting assign thank kind regards engineer november code has assigned hello please advised record number has assigned please review details take appropriate action reference number details requested location kingdom liverpool liverpool summary code additional comments requirements code hi please create code code name platform give write myself manage code please let require further information kind regards technical programme id canary assign reference assignment summary code location kingdom liverpool liverpool attachments setup form please link kind regards ref msg,Internal Project,Internal Project,Internal Project,A new project code named 'platform' needs to be created for the Liverpool location. Please review the attached setup form and confirm the details.,"[""Review attached setup form."", ""Confirm project code details."", ""Create new project code 'platform'."", ""Assign code to Liverpool location."", ""Notify relevant parties of assignment.""]","The request pertains to initiating a new project code within the Liverpool location, aligning with internal project management processes.",True,"{""needs_human"": false, ""needs_llm_escalation"": true, ""policy_gap"": false, ""reasons"": [""long_ticket""]}",,,True,True,True,2509,0.004047,4349.084016866982,0.5670844629899848,5,2,1,1,1,1,1,Unnecessary escalation flagged.,System C,Create new project code for internal project,"[""1. Verify project details and requirements with the requester."", ""2. Create a new project code in the system following the internal project guidelines."", ""3. Assign the project code to the correct location (Kingdom, Liverpool, Liverpool) and ensure it is linked to the relevant department."", ""4. Set up the project with the required settings and configurations, including any specific platform needs as mentioned."", ""5. Review the project budget and cost allocation to ensure accuracy and alignment with financial policies."", ""6. Update the project details in the tracking system and confirm the setup with the requester."", ""7. Tag the project assets according to the Hardware Asset Tagging and Tracking policy."", ""8. Confirm that all necessary documentation, such as the setup form, is completed and linked to the project.""]","[""The new project code is created and verified within the system."", ""The project code is correctly assigned to the specified location and department."", ""All required settings and configurations are applied according to the project requirements."", ""The project budget and cost allocation are reviewed and updated as necessary.""]",auto_approved,RouterGym\results\analysis_outputs\gold_resolution_eval\gold_matched_production_outputs.jsonl
4556,slm_dominant__base_slm2__esc_llm2__mem_rag_bm25,slm_dominant,slm2,llm2,rag_bm25,new project code for code has assigned hi setting assign thank kind regards engineer november code has assigned hello please advised record number has assigned please review details take appropriate action reference number details requested location kingdom liverpool liverpool summary code additional comments requirements code hi please create code code name platform give write myself manage code please let require further information kind regards technical programme id canary assign reference assignment summary code location kingdom liverpool liverpool attachments setup form please link kind regards ref msg,Internal Project,Internal Project,Internal Project,A new project code named 'platform' needs to be created for the Liverpool location. Please review the attached setup form and confirm the details.,"[""Review attached setup form."", ""Confirm project details."", ""Create new project code 'platform'."", ""Assign code to Liverpool location."", ""Notify relevant parties of assignment.""]","The request pertains to initiating a new project code within the Liverpool location, aligning with internal project management processes.",True,"{""needs_human"": false, ""needs_llm_escalation"": true, ""policy_gap"": false, ""reasons"": [""long_ticket""]}",,,True,True,True,2207,0.004111699999999999,2752.8105420060456,0.5665028860717557,5,2,1,1,1,1,1,Unnecessary escalation flagged.,System E,Create new project code for internal project,"[""1. Verify project details and requirements with the requester."", ""2. Create a new project code in the system following the internal project guidelines."", ""3. Assign the project code to the correct location (Kingdom, Liverpool, Liverpool) and ensure it is linked to the relevant department."", ""4. Set up the project with the required settings and configurations, including any specific platform needs as mentioned."", ""5. Review the project budget and cost allocation to ensure accuracy and alignment with financial policies."", ""6. Update the project details in the tracking system and confirm the setup with the requester."", ""7. Tag the project assets according to the Hardware Asset Tagging and Tracking policy."", ""8. Confirm that all necessary documentation, such as the setup form, is completed and linked to the project.""]","[""The new project code is created and verified within the system."", ""The project code is correctly assigned to the specified location and department."", ""All required settings and configurations are applied according to the project requirements."", ""The project budget and cost allocation are reviewed and updated as necessary.""]",auto_approved,RouterGym\results\analysis_outputs\gold_resolution_eval\gold_matched_production_outputs.jsonl
4556,slm_only__base_slm1__mem_rag_bm25,slm_only,slm1,,rag_bm25,new project code for code has assigned hi setting assign thank kind regards engineer november code has assigned hello please advised record number has assigned please review details take appropriate action reference number details requested location kingdom liverpool liverpool summary code additional comments requirements code hi please create code code name platform give write myself manage code please let require further information kind regards technical programme id canary assign reference assignment summary code location kingdom liverpool liverpool attachments setup form please link kind regards ref msg,Internal Project,Internal Project,Internal Project,"Please create a new code for the project with a suitable name and platform. Manage the code yourself. If you require further information, kindly let us know. The project is located in Liverpool, Kingdom.","[""Create a new code with a suitable name for the project"", ""Assign the code to the project"", ""Manage the code yourself"", ""Provide further information if required""]","The ticket request is for creating a new code for a project. The project details are provided, including the location.",False,"{""needs_human"": false, ""needs_llm_escalation"": false, ""policy_gap"": false, ""reasons"": []}",,,True,True,True,1392,0.000696,1750.4951211158186,0.5874626734667288,8,2,1,2,2,2,2,Acceptable scoring across all dimensions.,System A,Create new project code for internal project,"[""1. Verify project details and requirements with the requester."", ""2. Create a new project code in the system following the internal project guidelines."", ""3. Assign the project code to the correct location (Kingdom, Liverpool, Liverpool) and ensure it is linked to the relevant department."", ""4. Set up the project with the required settings and configurations, including any specific platform needs as mentioned."", ""5. Review the project budget and cost allocation to ensure accuracy and alignment with financial policies."", ""6. Update the project details in the tracking system and confirm the setup with the requester."", ""7. Tag the project assets according to the Hardware Asset Tagging and Tracking policy."", ""8. Confirm that all necessary documentation, such as the setup form, is completed and linked to the project.""]","[""The new project code is created and verified within the system."", ""The project code is correctly assigned to the specified location and department."", ""All required settings and configurations are applied according to the project requirements."", ""The project budget and cost allocation are reviewed and updated as necessary.""]",auto_approved,RouterGym\results\analysis_outputs\gold_resolution_eval\gold_matched_production_outputs.jsonl
4556,slm_only__base_slm2__mem_rag_bm25,slm_only,slm2,,rag_bm25,new project code for code has assigned hi setting assign thank kind regards engineer november code has assigned hello please advised record number has assigned please review details take appropriate action reference number details requested location kingdom liverpool liverpool summary code additional comments requirements code hi please create code code name platform give write myself manage code please let require further information kind regards technical programme id canary assign reference assignment summary code location kingdom liverpool liverpool attachments setup form please link kind regards ref msg,Internal Project,Internal Project,Internal Project,"Provide a unique, descriptive name that reflects the project’s purpose or features.","[""Identify key project features."", ""Brainstorm names related to these features."", ""Select a unique, descriptive name.""]","The request is for a project code name, which requires a clear and relevant name based on the project’s characteristics.",False,"{""needs_human"": false, ""needs_llm_escalation"": false, ""policy_gap"": false, ""reasons"": []}",,,True,True,True,1091,0.0007637,3146.675496129319,0.5295147549967147,3,2,1,0,0,2,0,Misses key requirements from gold summary/criteria.; Low alignment with gold resolution steps.; Low policy/gold grounding.; Very short answer.,System F,Create new project code for internal project,"[""1. Verify project details and requirements with the requester."", ""2. Create a new project code in the system following the internal project guidelines."", ""3. Assign the project code to the correct location (Kingdom, Liverpool, Liverpool) and ensure it is linked to the relevant department."", ""4. Set up the project with the required settings and configurations, including any specific platform needs as mentioned."", ""5. Review the project budget and cost allocation to ensure accuracy and alignment with financial policies."", ""6. Update the project details in the tracking system and confirm the setup with the requester."", ""7. Tag the project assets according to the Hardware Asset Tagging and Tracking policy."", ""8. Confirm that all necessary documentation, such as the setup form, is completed and linked to the project.""]","[""The new project code is created and verified within the system."", ""The project code is correctly assigned to the specified location and department."", ""All required settings and configurations are applied according to the project requirements."", ""The project budget and cost allocation are reviewed and updated as necessary.""]",auto_approved,RouterGym\results\analysis_outputs\gold_resolution_eval\gold_matched_production_outputs.jsonl
4954,llm_only__base_llm1__mem_rag_bm25,llm_only,llm1,,rag_bm25,changes that need to be progressed service now changes progressed hello please create assign sn update records ready closed these changes pending task created please let more details subject needed thanks,Miscellaneous,Miscellaneous,Miscellaneous,"To create and assign a ServiceNow ticket, follow these steps: Log in to ServiceNow, click on 'Create New' under the 'Tickets' tab, fill in the required details including subject and description, assign the ticket to the appropriate user, and save. Ensure all pending changes are updated and closed in the ticket.","[""Log in to ServiceNow and navigate to the 'Tickets' tab."", ""Click on 'Create New' to start a new ticket."", ""Fill in the required details including subject, description, and assign the ticket to the appropriate user."", ""Ensure all pending changes are updated and closed in the ticket."", ""Save the ticket and notify the relevant parties.""]","The request involves creating and assigning a ServiceNow ticket to update and close pending changes, which falls under the category of Service Management.",False,"{""needs_human"": false, ""needs_llm_escalation"": false, ""policy_gap"": false, ""reasons"": []}",,,True,True,True,1170,0.00702,4667.9086370859295,0.641775696622323,4,0,1,1,1,2,1,Low category alignment.,System D,Progress ServiceNow changes and update records,"[""Identify and verify the specific changes that need to be progressed in ServiceNow"", ""Create a pending task for each identified change"", ""Assign the tasks to the relevant teams based on the nature of the changes"", ""Update ServiceNow records to reflect the initiation of the changes"", ""Monitor the progress of the changes and ensure they are executed as planned"", ""Close the ticket once all changes are verified to be complete"", ""Notify all relevant stakeholders about the completion of the changes and any impacts""]","[""All changes are progressed successfully according to the ServiceNow guidelines"", ""ServiceNow records are updated accurately reflecting the current status of the changes"", ""Stakeholders are informed about the changes and their outcomes""]",auto_approved,RouterGym\results\analysis_outputs\gold_resolution_eval\gold_matched_production_outputs.jsonl
4954,llm_only__base_llm2__mem_rag_bm25,llm_only,llm2,,rag_bm25,changes that need to be progressed service now changes progressed hello please create assign sn update records ready closed these changes pending task created please let more details subject needed thanks,Miscellaneous,Miscellaneous,Miscellaneous,"To address the request, you need to create and assign ServiceNow tasks to update and close the pending change requests. Ensure all necessary details are included in the task creation process.","[""Identify pending change requests needing updates."", ""Create ServiceNow tasks for each pending change."", ""Assign tasks to appropriate team members."", ""Update task status once changes are implemented."", ""Close tasks upon completion and verification.""]",The request pertains to managing ServiceNow tasks for updating and closing change requests. It does not align directly with HR onboarding or access management but rather with IT service management processes.,False,"{""needs_human"": false, ""needs_llm_escalation"": false, ""policy_gap"": false, ""reasons"": []}",,,True,True,True,1085,0.0032549999999999996,2457.211760105565,0.6213903693166193,5,0,1,1,2,2,1,Low category alignment.,System B,Progress ServiceNow changes and update records,"[""Identify and verify the specific changes that need to be progressed in ServiceNow"", ""Create a pending task for each identified change"", ""Assign the tasks to the relevant teams based on the nature of the changes"", ""Update ServiceNow records to reflect the initiation of the changes"", ""Monitor the progress of the changes and ensure they are executed as planned"", ""Close the ticket once all changes are verified to be complete"", ""Notify all relevant stakeholders about the completion of the changes and any impacts""]","[""All changes are progressed successfully according to the ServiceNow guidelines"", ""ServiceNow records are updated accurately reflecting the current status of the changes"", ""Stakeholders are informed about the changes and their outcomes""]",auto_approved,RouterGym\results\analysis_outputs\gold_resolution_eval\gold_matched_production_outputs.jsonl
4954,slm_dominant__base_slm1__esc_llm2__mem_rag_bm25,slm_dominant,slm1,llm2,rag_bm25,changes that need to be progressed service now changes progressed hello please create assign sn update records ready closed these changes pending task created please let more details subject needed thanks,Miscellaneous,Miscellaneous,,"To progress ServiceNow changes, follow these steps: 1. Assign the changes to a ServiceNow ticket. 2. Update the records as needed. 3. Mark the changes as 'Ready to Close'. 4. Close the ticket once all changes have been implemented.","[""Assign the changes to a ServiceNow ticket"", ""Update the records as needed"", ""Mark the changes as 'Ready to Close'"", ""Close the ticket once all changes have been implemented""]",The request is about progressing ServiceNow changes and updating records. The steps provided ensure that the changes are properly tracked and implemented.,False,"{""needs_human"": false, ""needs_llm_escalation"": false, ""policy_gap"": false, ""reasons"": []}",Model output is not valid JSON.,,True,False,True,1346,0.000673,1780.6335838977247,0.6388384189676852,6,0,2,1,2,2,2,Low category alignment.,System C,Progress ServiceNow changes and update records,"[""Identify and verify the specific changes that need to be progressed in ServiceNow"", ""Create a pending task for each identified change"", ""Assign the tasks to the relevant teams based on the nature of the changes"", ""Update ServiceNow records to reflect the initiation of the changes"", ""Monitor the progress of the changes and ensure they are executed as planned"", ""Close the ticket once all changes are verified to be complete"", ""Notify all relevant stakeholders about the completion of the changes and any impacts""]","[""All changes are progressed successfully according to the ServiceNow guidelines"", ""ServiceNow records are updated accurately reflecting the current status of the changes"", ""Stakeholders are informed about the changes and their outcomes""]",auto_approved,RouterGym\results\analysis_outputs\gold_resolution_eval\gold_matched_production_outputs.jsonl
4954,slm_dominant__base_slm2__esc_llm2__mem_rag_bm25,slm_dominant,slm2,llm2,rag_bm25,changes that need to be progressed service now changes progressed hello please create assign sn update records ready closed these changes pending task created please let more details subject needed thanks,Miscellaneous,Miscellaneous,Miscellaneous,"ServiceNow changes require creation, assignment, updates, and closure. Ensure all steps are documented and followed through properly.","[""Create ServiceNow change record"", ""Assign SN number"", ""Update change status to in-progress"", ""Close change upon completion""]",Request involves ServiceNow change management processes which need clear documentation and tracking.,False,"{""needs_human"": false, ""needs_llm_escalation"": false, ""policy_gap"": false, ""reasons"": []}",,,True,True,True,1039,0.0007273000000000001,1102.0448100753129,0.5737587564003578,4,0,1,1,1,2,1,Low category alignment.,System E,Progress ServiceNow changes and update records,"[""Identify and verify the specific changes that need to be progressed in ServiceNow"", ""Create a pending task for each identified change"", ""Assign the tasks to the relevant teams based on the nature of the changes"", ""Update ServiceNow records to reflect the initiation of the changes"", ""Monitor the progress of the changes and ensure they are executed as planned"", ""Close the ticket once all changes are verified to be complete"", ""Notify all relevant stakeholders about the completion of the changes and any impacts""]","[""All changes are progressed successfully according to the ServiceNow guidelines"", ""ServiceNow records are updated accurately reflecting the current status of the changes"", ""Stakeholders are informed about the changes and their outcomes""]",auto_approved,RouterGym\results\analysis_outputs\gold_resolution_eval\gold_matched_production_outputs.jsonl
4954,slm_only__base_slm1__mem_rag_bm25,slm_only,slm1,,rag_bm25,changes that need to be progressed service now changes progressed hello please create assign sn update records ready closed these changes pending task created please let more details subject needed thanks,Miscellaneous,Miscellaneous,,"To progress ServiceNow changes, follow these steps: 1. Assign the changes to a ServiceNow ticket. 2. Update the records as needed. 3. Mark the changes as 'Ready to Close'. 4. Close the ticket once all changes have been implemented.","[""Assign the changes to a ServiceNow ticket"", ""Update the records as needed"", ""Mark the changes as 'Ready to Close'"", ""Close the ticket once all changes have been implemented""]",The request is about progressing ServiceNow changes and updating records. The steps provided ensure that the changes are properly tracked and implemented.,False,"{""needs_human"": false, ""needs_llm_escalation"": false, ""policy_gap"": false, ""reasons"": []}",Model output is not valid JSON.,,True,False,True,1346,0.000673,1810.9822508413345,0.6388384189676852,6,0,2,1,2,2,2,Low category alignment.,System A,Progress ServiceNow changes and update records,"[""Identify and verify the specific changes that need to be progressed in ServiceNow"", ""Create a pending task for each identified change"", ""Assign the tasks to the relevant teams based on the nature of the changes"", ""Update ServiceNow records to reflect the initiation of the changes"", ""Monitor the progress of the changes and ensure they are executed as planned"", ""Close the ticket once all changes are verified to be complete"", ""Notify all relevant stakeholders about the completion of the changes and any impacts""]","[""All changes are progressed successfully according to the ServiceNow guidelines"", ""ServiceNow records are updated accurately reflecting the current status of the changes"", ""Stakeholders are informed about the changes and their outcomes""]",auto_approved,RouterGym\results\analysis_outputs\gold_resolution_eval\gold_matched_production_outputs.jsonl
4954,slm_only__base_slm2__mem_rag_bm25,slm_only,slm2,,rag_bm25,changes that need to be progressed service now changes progressed hello please create assign sn update records ready closed these changes pending task created please let more details subject needed thanks,Miscellaneous,Miscellaneous,Miscellaneous,"ServiceNow changes require creation, assignment, updates, and closure. Ensure all steps are documented and followed through properly.","[""Create ServiceNow change record"", ""Assign SN number"", ""Update change status to in-progress"", ""Close change upon completion""]",Request involves ServiceNow change management processes which need clear documentation and tracking.,False,"{""needs_human"": false, ""needs_llm_escalation"": false, ""policy_gap"": false, ""reasons"": []}",,,True,True,True,1039,0.0007273000000000001,1127.795038977638,0.5737587564003578,4,0,1,1,1,2,1,Low category alignment.,System F,Progress ServiceNow changes and update records,"[""Identify and verify the specific changes that need to be progressed in ServiceNow"", ""Create a pending task for each identified change"", ""Assign the tasks to the relevant teams based on the nature of the changes"", ""Update ServiceNow records to reflect the initiation of the changes"", ""Monitor the progress of the changes and ensure they are executed as planned"", ""Close the ticket once all changes are verified to be complete"", ""Notify all relevant stakeholders about the completion of the changes and any impacts""]","[""All changes are progressed successfully according to the ServiceNow guidelines"", ""ServiceNow records are updated accurately reflecting the current status of the changes"", ""Stakeholders are informed about the changes and their outcomes""]",auto_approved,RouterGym\results\analysis_outputs\gold_resolution_eval\gold_matched_production_outputs.jsonl
4977,llm_only__base_llm1__mem_rag_bm25,llm_only,llm1,,rag_bm25,new columns for employee details report columns details report hi kindly asking amend details report details attached excel questions please let please thank analyst,Internal Project,Miscellaneous,Miscellaneous,"To add new columns to the employee details report, first confirm the specific columns needed. Then, update the report template with these columns and test the changes. Ensure the report is correctly formatted and exported to Excel. If issues persist, check user permissions and clear the browser cache.","[""Confirm the specific columns to be added to the report."", ""Update the report template with the new columns."", ""Test the report to ensure the new columns are correctly displayed."", ""Check user permissions for the reporting module."", ""Clear the browser cache if the report does not display correctly.""]","The request involves modifying an existing report to include new columns, which is a common task in report generation.",False,"{""needs_human"": false, ""needs_llm_escalation"": false, ""policy_gap"": false, ""reasons"": []}",,,True,True,True,1080,0.0064800000000000005,4193.250685930252,0.5955817771647873,4,0,1,1,1,2,1,Low category alignment.,System D,Amend employee details report columns,"[""Validate the requester's role and legal basis for accessing HR data."", ""Identify the required fields, date ranges, and format (Excel) for the employee details report."", ""Confirm the exact report, filters, and export format needed for the amendment."", ""Attempt to reproduce the issue using a test or admin account to ensure the problem is understood."", ""Check user permissions for reporting modules to ensure access rights are correct."", ""Clear browser cache or test in an alternate browser if the report is web-based."", ""Log any errors encountered and coordinate with the application owner for necessary fixes."", ""Use HR reporting tools to generate the report with the updated column details provided in the attached Excel file.""]","[""The employee details report is generated successfully with the new columns specified in the attached Excel file."", ""All requested amendments to the report columns are accurately reflected in the final report output.""]",auto_approved,RouterGym\results\analysis_outputs\gold_resolution_eval\gold_matched_production_outputs.jsonl
4977,llm_only__base_llm2__mem_rag_bm25,llm_only,llm2,,rag_bm25,new columns for employee details report columns details report hi kindly asking amend details report details attached excel questions please let please thank analyst,Internal Project,Miscellaneous,Miscellaneous,"To amend the employee details report with new columns, follow these steps: confirm the required changes, ensure you have the necessary permissions, and apply the modifications in the report template. If issues persist, check for any system errors and escalate if needed.","[""Confirm the exact changes needed."", ""Check user permissions for report modifications."", ""Apply changes in the report template."", ""Log any encountered errors."", ""Escalate if errors persist or affect critical reports.""]",The request pertains to modifying an existing report template to include additional columns based on provided specifications. This aligns with typical report generation and export issues.,False,"{""needs_human"": false, ""needs_llm_escalation"": false, ""policy_gap"": false, ""reasons"": []}",,,True,True,True,1031,0.0030930000000000003,2502.8610911685973,0.5823112159604402,4,0,1,1,1,2,1,Low category alignment.,System B,Amend employee details report columns,"[""Validate the requester's role and legal basis for accessing HR data."", ""Identify the required fields, date ranges, and format (Excel) for the employee details report."", ""Confirm the exact report, filters, and export format needed for the amendment."", ""Attempt to reproduce the issue using a test or admin account to ensure the problem is understood."", ""Check user permissions for reporting modules to ensure access rights are correct."", ""Clear browser cache or test in an alternate browser if the report is web-based."", ""Log any errors encountered and coordinate with the application owner for necessary fixes."", ""Use HR reporting tools to generate the report with the updated column details provided in the attached Excel file.""]","[""The employee details report is generated successfully with the new columns specified in the attached Excel file."", ""All requested amendments to the report columns are accurately reflected in the final report output.""]",auto_approved,RouterGym\results\analysis_outputs\gold_resolution_eval\gold_matched_production_outputs.jsonl
4977,slm_dominant__base_slm1__esc_llm2__mem_rag_bm25,slm_dominant,slm1,llm2,rag_bm25,new columns for employee details report columns details report hi kindly asking amend details report details attached excel questions please let please thank analyst,Internal Project,Miscellaneous,Miscellaneous,"To add new columns to the employee details report in Excel, follow these steps: 1. Open the report in Excel. 2. Right-click on an existing column header and select 'Insert'. 3. Enter the new column name in the 'Insert' dialog box. 4. Click 'OK' to create the new column. 5. Populate the new column with the desired data. If you encounter any issues, please let us know.","[""Open the report in Excel"", ""Right-click on an existing column header and select 'Insert'"", ""Enter the new column name in the 'Insert' dialog box"", ""Click 'OK' to create the new column"", ""Populate the new column with the desired data""]",The user is requesting to add new columns to an existing report in Excel. The steps provided are a general guide to adding columns in Excel.,False,"{""needs_human"": false, ""needs_llm_escalation"": false, ""policy_gap"": false, ""reasons"": []}",,,True,True,True,1298,0.000649,1898.8825271371752,0.5631908762443939,5,0,2,1,1,2,1,Low category alignment.,System C,Amend employee details report columns,"[""Validate the requester's role and legal basis for accessing HR data."", ""Identify the required fields, date ranges, and format (Excel) for the employee details report."", ""Confirm the exact report, filters, and export format needed for the amendment."", ""Attempt to reproduce the issue using a test or admin account to ensure the problem is understood."", ""Check user permissions for reporting modules to ensure access rights are correct."", ""Clear browser cache or test in an alternate browser if the report is web-based."", ""Log any errors encountered and coordinate with the application owner for necessary fixes."", ""Use HR reporting tools to generate the report with the updated column details provided in the attached Excel file.""]","[""The employee details report is generated successfully with the new columns specified in the attached Excel file."", ""All requested amendments to the report columns are accurately reflected in the final report output.""]",auto_approved,RouterGym\results\analysis_outputs\gold_resolution_eval\gold_matched_production_outputs.jsonl
4977,slm_dominant__base_slm2__esc_llm2__mem_rag_bm25,slm_dominant,slm2,llm2,rag_bm25,new columns for employee details report columns details report hi kindly asking amend details report details attached excel questions please let please thank analyst,Internal Project,Miscellaneous,Miscellaneous,New columns will enhance the report's detail. Verify column requirements and update the template accordingly.,"[""Confirm required columns with analyst."", ""Update report template with new columns."", ""Test report with sample data.""]","The request pertains to modifying a report template, which falls under report generation issues.",False,"{""needs_human"": false, ""needs_llm_escalation"": false, ""policy_gap"": false, ""reasons"": []}",,,True,True,True,962,0.000673399999999,1068.7441730406135,0.5347613675127798,3,0,1,1,0,2,1,Low category alignment.; Low alignment with gold resolution steps.,System E,Amend employee details report columns,"[""Validate the requester's role and legal basis for accessing HR data."", ""Identify the required fields, date ranges, and format (Excel) for the employee details report."", ""Confirm the exact report, filters, and export format needed for the amendment."", ""Attempt to reproduce the issue using a test or admin account to ensure the problem is understood."", ""Check user permissions for reporting modules to ensure access rights are correct."", ""Clear browser cache or test in an alternate browser if the report is web-based."", ""Log any errors encountered and coordinate with the application owner for necessary fixes."", ""Use HR reporting tools to generate the report with the updated column details provided in the attached Excel file.""]","[""The employee details report is generated successfully with the new columns specified in the attached Excel file."", ""All requested amendments to the report columns are accurately reflected in the final report output.""]",auto_approved,RouterGym\results\analysis_outputs\gold_resolution_eval\gold_matched_production_outputs.jsonl
4977,slm_only__base_slm1__mem_rag_bm25,slm_only,slm1,,rag_bm25,new columns for employee details report columns details report hi kindly asking amend details report details attached excel questions please let please thank analyst,Internal Project,Miscellaneous,Miscellaneous,"To add new columns to the employee details report in Excel, follow these steps: 1. Open the report in Excel. 2. Right-click on an existing column header and select 'Insert'. 3. Enter the new column name in the 'Insert' dialog box. 4. Click 'OK' to create the new column. 5. Populate the new column with the desired data. If you encounter any issues, please let us know.","[""Open the report in Excel"", ""Right-click on an existing column header and select 'Insert'"", ""Enter the new column name in the 'Insert' dialog box"", ""Click 'OK' to create the new column"", ""Populate the new column with the desired data""]",The user is requesting to add new columns to an existing report in Excel. The steps provided are a general guide to adding columns in Excel.,False,"{""needs_human"": false, ""needs_llm_escalation"": false, ""policy_gap"": false, ""reasons"": []}",,,True,True,True,1298,0.000649,1863.6843599379063,0.5631908762443939,5,0,2,1,1,2,1,Low category alignment.,System A,Amend employee details report columns,"[""Validate the requester's role and legal basis for accessing HR data."", ""Identify the required fields, date ranges, and format (Excel) for the employee details report."", ""Confirm the exact report, filters, and export format needed for the amendment."", ""Attempt to reproduce the issue using a test or admin account to ensure the problem is understood."", ""Check user permissions for reporting modules to ensure access rights are correct."", ""Clear browser cache or test in an alternate browser if the report is web-based."", ""Log any errors encountered and coordinate with the application owner for necessary fixes."", ""Use HR reporting tools to generate the report with the updated column details provided in the attached Excel file.""]","[""The employee details report is generated successfully with the new columns specified in the attached Excel file."", ""All requested amendments to the report columns are accurately reflected in the final report output.""]",auto_approved,RouterGym\results\analysis_outputs\gold_resolution_eval\gold_matched_production_outputs.jsonl
4977,slm_only__base_slm2__mem_rag_bm25,slm_only,slm2,,rag_bm25,new columns for employee details report columns details report hi kindly asking amend details report details attached excel questions please let please thank analyst,Internal Project,Miscellaneous,Miscellaneous,New columns will enhance the report's detail. Verify column requirements and update the template accordingly.,"[""Confirm required columns with analyst."", ""Update report template with new columns."", ""Test report with sample data.""]","The request pertains to modifying a report template, which falls under report generation issues.",False,"{""needs_human"": false, ""needs_llm_escalation"": false, ""policy_gap"": false, ""reasons"": []}",,,True,True,True,962,0.000673399999999,1056.6009709145874,0.5347613675127798,5,0,1,1,1,2,1,Low category alignment.; Low alignment with gold resolution steps.,System F,Amend employee details report columns,"[""Validate the requester's role and legal basis for accessing HR data."", ""Identify the required fields, date ranges, and format (Excel) for the employee details report."", ""Confirm the exact report, filters, and export format needed for the amendment."", ""Attempt to reproduce the issue using a test or admin account to ensure the problem is understood."", ""Check user permissions for reporting modules to ensure access rights are correct."", ""Clear browser cache or test in an alternate browser if the report is web-based."", ""Log any errors encountered and coordinate with the application owner for necessary fixes."", ""Use HR reporting tools to generate the report with the updated column details provided in the attached Excel file.""]","[""The employee details report is generated successfully with the new columns specified in the attached Excel file."", ""All requested amendments to the report columns are accurately reflected in the final report output.""]",auto_approved,RouterGym\results\analysis_outputs\gold_resolution_eval\gold_matched_production_outputs.jsonl
5030,llm_only__base_llm1__mem_rag_bm25,llm_only,llm1,,rag_bm25,leaver for october tower leaver form intern hello please informed today he intern he has received job offer his accounts canceled thank specialist,HR Support,HR Support,HR Support,"To process the intern's departure, confirm the last working day with HR, disable all accounts, and arrange for equipment return. Ensure mailbox forwarding is set up as per HR instructions.","[""Confirm the intern's last working day with HR."", ""Disable all accounts and remove access to systems."", ""Arrange for the return of any company equipment."", ""Set up mailbox forwarding as per HR instructions.""]","The request involves an intern leaving the company, which requires standard offboarding procedures including account disablement and equipment return.",False,"{""needs_human"": false, ""needs_llm_escalation"": false, ""policy_gap"": false, ""reasons"": []}",,,True,True,True,1100,0.0066,4087.6724689733237,0.6637912021654163,4,0,1,0,2,2,1,Low category alignment.; Misses key requirements from gold summary/criteria.,System D,Offboard October Tower intern upon receiving external job offer,"[""Verify the intern's last working day and confirm the offboarding process is due to an external job offer"", ""Schedule account disablement for the intern's systems access in alignment with HR and legal requirements"", ""Arrange for the return of company equipment and update the asset inventory"", ""Configure mailbox forwarding or delegate access as directed by HR"", ""Remove the intern's access to HR systems, shared drives, and applications"", ""Archive the intern's user data (email, OneDrive, project folders) in accordance with the data retention policy"", ""Notify HR of completed offboarding steps and confirm the intern's accounts have been deactivated""]","[""All company-owned equipment has been returned and accounted for in the asset inventory"", ""Access to HR systems, shared drives, and applications has been removed"", ""User data has been securely archived according to the data retention policy""]",auto_approved,RouterGym\results\analysis_outputs\gold_resolution_eval\gold_matched_production_outputs.jsonl
5030,llm_only__base_llm2__mem_rag_bm25,llm_only,llm2,,rag_bm25,leaver for october tower leaver form intern hello please informed today he intern he has received job offer his accounts canceled thank specialist,HR Support,HR Support,HR Support,The intern's accounts have been canceled upon receiving a job offer. This action aligns with standard offboarding procedures for employees transitioning into new roles within the organization.,"[""Confirm the intern's last working day."", ""Cancel all system and application access."", ""Archive relevant user data."", ""Update asset inventory if equipment was provided."", ""Notify HR of completed offboarding tasks.""]","The ticket indicates that an intern has received a job offer and their accounts need to be canceled. This scenario fits the HR Support category, specifically related to employee offboarding processes.",False,"{""needs_human"": false, ""needs_llm_escalation"": false, ""policy_gap"": false, ""reasons"": []}",,,True,True,True,1044,0.0031320000000000002,2296.624335926026,0.6148135821451993,5,2,1,1,1,2,1,Acceptable scoring across all dimensions.,System B,Offboard October Tower intern upon receiving external job offer,"[""Verify the intern's last working day and confirm the offboarding process is due to an external job offer"", ""Schedule account disablement for the intern's systems access in alignment with HR and legal requirements"", ""Arrange for the return of company equipment and update the asset inventory"", ""Configure mailbox forwarding or delegate access as directed by HR"", ""Remove the intern's access to HR systems, shared drives, and applications"", ""Archive the intern's user data (email, OneDrive, project folders) in accordance with the data retention policy"", ""Notify HR of completed offboarding steps and confirm the intern's accounts have been deactivated""]","[""All company-owned equipment has been returned and accounted for in the asset inventory"", ""Access to HR systems, shared drives, and applications has been removed"", ""User data has been securely archived according to the data retention policy""]",auto_approved,RouterGym\results\analysis_outputs\gold_resolution_eval\gold_matched_production_outputs.jsonl
5030,slm_dominant__base_slm1__esc_llm2__mem_rag_bm25,slm_dominant,slm1,llm2,rag_bm25,leaver for october tower leaver form intern hello please informed today he intern he has received job offer his accounts canceled thank specialist,HR Support,HR Support,HR Support,The intern's accounts will be cancelled as per the employee offboarding IT checklist. Please follow the steps below:,"[""Confirm the intern's last working day and offboarding type."", ""Remove access to HR systems, shared drives, and applications."", ""Archive user data according to retention policy."", ""Document completion steps and confirm with HR.""]","The intern is leaving the company due to a job offer, which triggers the need to cancel his accounts.",False,"{""needs_human"": false, ""needs_llm_escalation"": false, ""policy_gap"": false, ""reasons"": []}",,,True,True,True,1293,0.0006464999999990001,1720.8736177999526,0.6588737742210521,3,0,1,0,2,2,0,Low category alignment.; Misses key requirements from gold summary/criteria.; Low policy/gold grounding.,System C,Offboard October Tower intern upon receiving external job offer,"[""Verify the intern's last working day and confirm the offboarding process is due to an external job offer"", ""Schedule account disablement for the intern's systems access in alignment with HR and legal requirements"", ""Arrange for the return of company equipment and update the asset inventory"", ""Configure mailbox forwarding or delegate access as directed by HR"", ""Remove the intern's access to HR systems, shared drives, and applications"", ""Archive the intern's user data (email, OneDrive, project folders) in accordance with the data retention policy"", ""Notify HR of completed offboarding steps and confirm the intern's accounts have been deactivated""]","[""All company-owned equipment has been returned and accounted for in the asset inventory"", ""Access to HR systems, shared drives, and applications has been removed"", ""User data has been securely archived according to the data retention policy""]",auto_approved,RouterGym\results\analysis_outputs\gold_resolution_eval\gold_matched_production_outputs.jsonl
5030,slm_dominant__base_slm2__esc_llm2__mem_rag_bm25,slm_dominant,slm2,llm2,rag_bm25,leaver for october tower leaver form intern hello please informed today he intern he has received job offer his accounts canceled thank specialist,HR Support,HR Support,HR Support,Process the leaver form to ensure all accounts are disabled and data is archived as per HR guidelines.,"[""Confirm last working day and offboarding type."", ""Disable intern's access to all systems."", ""Archive user data according to retention policy."", ""Document completion steps and confirm with HR.""]","This request involves an intern who has received a job offer and had their accounts canceled, requiring standard offboarding procedures.",False,"{""needs_human"": false, ""needs_llm_escalation"": false, ""policy_gap"": false, ""reasons"": []}",,,True,True,True,1019,0.0007132999999999999,1236.1260398756713,0.6176673006030212,3,0,1,0,1,2,0,Low category alignment.; Misses key requirements from gold summary/criteria.; Low policy/gold grounding.,System E,Offboard October Tower intern upon receiving external job offer,"[""Verify the intern's last working day and confirm the offboarding process is due to an external job offer"", ""Schedule account disablement for the intern's systems access in alignment with HR and legal requirements"", ""Arrange for the return of company equipment and update the asset inventory"", ""Configure mailbox forwarding or delegate access as directed by HR"", ""Remove the intern's access to HR systems, shared drives, and applications"", ""Archive the intern's user data (email, OneDrive, project folders) in accordance with the data retention policy"", ""Notify HR of completed offboarding steps and confirm the intern's accounts have been deactivated""]","[""All company-owned equipment has been returned and accounted for in the asset inventory"", ""Access to HR systems, shared drives, and applications has been removed"", ""User data has been securely archived according to the data retention policy""]",auto_approved,RouterGym\results\analysis_outputs\gold_resolution_eval\gold_matched_production_outputs.jsonl
5030,slm_only__base_slm1__mem_rag_bm25,slm_only,slm1,,rag_bm25,leaver for october tower leaver form intern hello please informed today he intern he has received job offer his accounts canceled thank specialist,HR Support,HR Support,HR Support,The intern's accounts will be cancelled as per the employee offboarding IT checklist. Please follow the steps below:,"[""Confirm the intern's last working day and offboarding type."", ""Remove access to HR systems, shared drives, and applications."", ""Archive user data according to retention policy."", ""Document completion steps and confirm with HR.""]","The intern is leaving the company due to a job offer, which triggers the need to cancel his accounts.",False,"{""needs_human"": false, ""needs_llm_escalation"": false, ""policy_gap"": false, ""reasons"": []}",,,True,True,True,1293,0.0006464999999990001,1710.9062229283154,0.6588737742210521,4,0,1,0,2,2,0,Low category alignment.; Misses key requirements from gold summary/criteria.; Low policy/gold grounding.,System A,Offboard October Tower intern upon receiving external job offer,"[""Verify the intern's last working day and confirm the offboarding process is due to an external job offer"", ""Schedule account disablement for the intern's systems access in alignment with HR and legal requirements"", ""Arrange for the return of company equipment and update the asset inventory"", ""Configure mailbox forwarding or delegate access as directed by HR"", ""Remove the intern's access to HR systems, shared drives, and applications"", ""Archive the intern's user data (email, OneDrive, project folders) in accordance with the data retention policy"", ""Notify HR of completed offboarding steps and confirm the intern's accounts have been deactivated""]","[""All company-owned equipment has been returned and accounted for in the asset inventory"", ""Access to HR systems, shared drives, and applications has been removed"", ""User data has been securely archived according to the data retention policy""]",auto_approved,RouterGym\results\analysis_outputs\gold_resolution_eval\gold_matched_production_outputs.jsonl
5030,slm_only__base_slm2__mem_rag_bm25,slm_only,slm2,,rag_bm25,leaver for october tower leaver form intern hello please informed today he intern he has received job offer his accounts canceled thank specialist,HR Support,HR Support,HR Support,Process the leaver form to ensure all accounts are disabled and data is archived as per HR guidelines.,"[""Confirm last working day and offboarding type."", ""Disable intern's access to all systems."", ""Archive user data according to retention policy."", ""Document completion steps and confirm with HR.""]","This request involves an intern who has received a job offer and had their accounts canceled, requiring standard offboarding procedures.",False,"{""needs_human"": false, ""needs_llm_escalation"": false, ""policy_gap"": false, ""reasons"": []}",,,True,True,True,1019,0.0007132999999999999,1204.475442878902,0.6176673006030212,5,0,1,0,1,2,1,Low category alignment.; Misses key requirements from gold summary/criteria.; Low policy/gold grounding.,System F,Offboard October Tower intern upon receiving external job offer,"[""Verify the intern's last working day and confirm the offboarding process is due to an external job offer"", ""Schedule account disablement for the intern's systems access in alignment with HR and legal requirements"", ""Arrange for the return of company equipment and update the asset inventory"", ""Configure mailbox forwarding or delegate access as directed by HR"", ""Remove the intern's access to HR systems, shared drives, and applications"", ""Archive the intern's user data (email, OneDrive, project folders) in accordance with the data retention policy"", ""Notify HR of completed offboarding steps and confirm the intern's accounts have been deactivated""]","[""All company-owned equipment has been returned and accounted for in the asset inventory"", ""Access to HR systems, shared drives, and applications has been removed"", ""User data has been securely archived according to the data retention policy""]",auto_approved,RouterGym\results\analysis_outputs\gold_resolution_eval\gold_matched_production_outputs.jsonl
5071,llm_only__base_llm1__mem_rag_bm25,llm_only,llm1,,rag_bm25,re your password expire days re expire days hello user change via procedure mentioned help by indicating steps follow order done thank regards october wrote dear expire days change pc press ctrl alt delete choose change thanks ext information confidential legally privileged intended solely addressee opinions expressed mine necessarily represent opinions susceptible interference intended recipient disclosure copying action taken omitted taken reliance strictly prohibited unlawful received error attachments please notify delete accepts responsibility information errors omissions misuse act committed omitted communication doubt please verify authenticity contents please rely own virus checkers responsibility taken by damage rising out virus infection registered under number whose registered old broad street kingdom provide clients each subsidiaries separate entity has liability entity acts omissions kind regards,Access,Access,Access,"To change your expired password, press Ctrl+Alt+Delete on your PC, select 'Change a password,' and follow the prompts. Ensure you use a strong, unique password.","[""Press Ctrl+Alt+Delete on your PC."", ""Select 'Change a password' from the options."", ""Follow the prompts to enter and confirm your new password."", ""Ensure the new password is strong and unique.""]","The user's password has expired, and they need instructions to change it. The procedure involves using the Ctrl+Alt+Delete method.",False,"{""needs_human"": false, ""needs_llm_escalation"": false, ""policy_gap"": false, ""reasons"": []}",,,True,True,True,1262,0.007572000000000001,4079.857210861519,0.6017580119746881,4,0,1,1,1,2,1,Low category alignment.,System D,Password Expiration and Change Procedure,"[""Verify the user's identity and confirm the account requiring password change."", ""Guide the user through the password reset procedure as outlined in the 'Password Reset Procedure' article."", ""Ensure the user updates saved credentials on all devices and restarts any active sessions."", ""Monitor the account for any re-lock or suspicious activity within 24 hours."", ""Advise the user to change their password immediately if there is suspicion of unauthorized access."", ""Confirm with the user that they have successfully changed their password and can access their account."", ""Document the resolution steps and outcome in the ticket for future reference.""]","[""The user confirms that the password has been successfully changed."", ""The user reports no further issues accessing their account within 24 hours post-change.""]",auto_approved,RouterGym\results\analysis_outputs\gold_resolution_eval\gold_matched_production_outputs.jsonl
5071,llm_only__base_llm2__mem_rag_bm25,llm_only,llm2,,rag_bm25,re your password expire days re expire days hello user change via procedure mentioned help by indicating steps follow order done thank regards october wrote dear expire days change pc press ctrl alt delete choose change thanks ext information confidential legally privileged intended solely addressee opinions expressed mine necessarily represent opinions susceptible interference intended recipient disclosure copying action taken omitted taken reliance strictly prohibited unlawful received error attachments please notify delete accepts responsibility information errors omissions misuse act committed omitted communication doubt please verify authenticity contents please rely own virus checkers responsibility taken by damage rising out virus infection registered under number whose registered old broad street kingdom provide clients each subsidiaries separate entity has liability entity acts omissions kind regards,Access,Access,Access,"To change your password due to expiration, follow these steps: Press Ctrl+Alt+Delete, select 'Change a password', enter your current password, then input and confirm your new password. Ensure it meets company policy requirements.","[""Press Ctrl+Alt+Delete."", ""Select 'Change a password' option."", ""Enter current password."", ""Input new password twice."", ""Ensure new password complies with company policy.""]",The ticket indicates a need for password change due to expiration. The provided KB reference mentions a standard procedure for changing passwords on a PC.,False,"{""needs_human"": false, ""needs_llm_escalation"": false, ""policy_gap"": false, ""reasons"": []}",,,True,True,True,1204,0.003612,2295.402497984469,0.5548940793361445,3,0,1,1,0,2,1,Low category alignment.; Low alignment with gold resolution steps.,System B,Password Expiration and Change Procedure,"[""Verify the user's identity and confirm the account requiring password change."", ""Guide the user through the password reset procedure as outlined in the 'Password Reset Procedure' article."", ""Ensure the user updates saved credentials on all devices and restarts any active sessions."", ""Monitor the account for any re-lock or suspicious activity within 24 hours."", ""Advise the user to change their password immediately if there is suspicion of unauthorized access."", ""Confirm with the user that they have successfully changed their password and can access their account."", ""Document the resolution steps and outcome in the ticket for future reference.""]","[""The user confirms that the password has been successfully changed."", ""The user reports no further issues accessing their account within 24 hours post-change.""]",auto_approved,RouterGym\results\analysis_outputs\gold_resolution_eval\gold_matched_production_outputs.jsonl
5071,slm_dominant__base_slm1__esc_llm2__mem_rag_bm25,slm_dominant,slm1,llm2,rag_bm25,re your password expire days re expire days hello user change via procedure mentioned help by indicating steps follow order done thank regards october wrote dear expire days change pc press ctrl alt delete choose change thanks ext information confidential legally privileged intended solely addressee opinions expressed mine necessarily represent opinions susceptible interference intended recipient disclosure copying action taken omitted taken reliance strictly prohibited unlawful received error attachments please notify delete accepts responsibility information errors omissions misuse act committed omitted communication doubt please verify authenticity contents please rely own virus checkers responsibility taken by damage rising out virus infection registered under number whose registered old broad street kingdom provide clients each subsidiaries separate entity has liability entity acts omissions kind regards,Access,Access,Access,"To change your password due to expiration, follow these steps: Press Ctrl+Alt+Delete, select 'Change a password', enter your current password, then input and confirm your new password. Ensure it meets company policy requirements.","[""Press Ctrl+Alt+Delete."", ""Select 'Change a password' option."", ""Enter current password."", ""Input new password twice."", ""Ensure new password complies with company policy.""]",The ticket indicates a need for password change due to expiration. The provided KB reference mentions a standard procedure for changing passwords on a PC.,True,"{""needs_human"": false, ""needs_llm_escalation"": true, ""policy_gap"": false, ""reasons"": [""long_ticket""]}",,,True,True,True,2697,0.0043584999999999995,3800.6440040189773,0.5548940793361445,3,0,1,1,0,1,1,Low category alignment.; Low alignment with gold resolution steps.; Unnecessary escalation flagged.,System C,Password Expiration and Change Procedure,"[""Verify the user's identity and confirm the account requiring password change."", ""Guide the user through the password reset procedure as outlined in the 'Password Reset Procedure' article."", ""Ensure the user updates saved credentials on all devices and restarts any active sessions."", ""Monitor the account for any re-lock or suspicious activity within 24 hours."", ""Advise the user to change their password immediately if there is suspicion of unauthorized access."", ""Confirm with the user that they have successfully changed their password and can access their account."", ""Document the resolution steps and outcome in the ticket for future reference.""]","[""The user confirms that the password has been successfully changed."", ""The user reports no further issues accessing their account within 24 hours post-change.""]",auto_approved,RouterGym\results\analysis_outputs\gold_resolution_eval\gold_matched_production_outputs.jsonl
5071,slm_dominant__base_slm2__esc_llm2__mem_rag_bm25,slm_dominant,slm2,llm2,rag_bm25,re your password expire days re expire days hello user change via procedure mentioned help by indicating steps follow order done thank regards october wrote dear expire days change pc press ctrl alt delete choose change thanks ext information confidential legally privileged intended solely addressee opinions expressed mine necessarily represent opinions susceptible interference intended recipient disclosure copying action taken omitted taken reliance strictly prohibited unlawful received error attachments please notify delete accepts responsibility information errors omissions misuse act committed omitted communication doubt please verify authenticity contents please rely own virus checkers responsibility taken by damage rising out virus infection registered under number whose registered old broad street kingdom provide clients each subsidiaries separate entity has liability entity acts omissions kind regards,Access,Access,Access,"To change your password due to expiration, follow these steps: Press Ctrl+Alt+Delete, select 'Change a password', enter your current password, then input and confirm your new password. Ensure it meets company policy requirements.","[""Press Ctrl+Alt+Delete."", ""Select 'Change a password' option."", ""Enter current password."", ""Input new password twice."", ""Ensure new password complies with company policy.""]",The ticket indicates a need for password change due to expiration. The provided KB reference mentions a standard procedure for changing passwords on a PC.,True,"{""needs_human"": false, ""needs_llm_escalation"": true, ""policy_gap"": false, ""reasons"": [""long_ticket""]}",,,True,True,True,2358,0.004419800000000001,3012.0292210485786,0.5548940793361445,3,0,1,1,0,1,1,Low category alignment.; Low alignment with gold resolution steps.; Unnecessary escalation flagged.,System E,Password Expiration and Change Procedure,"[""Verify the user's identity and confirm the account requiring password change."", ""Guide the user through the password reset procedure as outlined in the 'Password Reset Procedure' article."", ""Ensure the user updates saved credentials on all devices and restarts any active sessions."", ""Monitor the account for any re-lock or suspicious activity within 24 hours."", ""Advise the user to change their password immediately if there is suspicion of unauthorized access."", ""Confirm with the user that they have successfully changed their password and can access their account."", ""Document the resolution steps and outcome in the ticket for future reference.""]","[""The user confirms that the password has been successfully changed."", ""The user reports no further issues accessing their account within 24 hours post-change.""]",auto_approved,RouterGym\results\analysis_outputs\gold_resolution_eval\gold_matched_production_outputs.jsonl
5071,slm_only__base_slm1__mem_rag_bm25,slm_only,slm1,,rag_bm25,re your password expire days re expire days hello user change via procedure mentioned help by indicating steps follow order done thank regards october wrote dear expire days change pc press ctrl alt delete choose change thanks ext information confidential legally privileged intended solely addressee opinions expressed mine necessarily represent opinions susceptible interference intended recipient disclosure copying action taken omitted taken reliance strictly prohibited unlawful received error attachments please notify delete accepts responsibility information errors omissions misuse act committed omitted communication doubt please verify authenticity contents please rely own virus checkers responsibility taken by damage rising out virus infection registered under number whose registered old broad street kingdom provide clients each subsidiaries separate entity has liability entity acts omissions kind regards,Access,Access,Access,"To change your password expiration days, follow these steps: Press Ctrl+Alt+Delete, choose 'Change', enter your current password, set the new expiration days, and confirm the change.","[""Press Ctrl+Alt+Delete"", ""Choose 'Change'"", ""Enter your current password"", ""Set the new expiration days"", ""Confirm the change""]",The user is asking for help in changing their password expiration days. The provided text suggests that the user is aware of the procedure and is seeking guidance on how to execute it.,False,"{""needs_human"": false, ""needs_llm_escalation"": false, ""policy_gap"": false, ""reasons"": []}",,,True,True,True,1493,0.0007465,1864.841977832839,0.5629810750422626,5,0,1,1,1,2,1,Low category alignment.,System A,Password Expiration and Change Procedure,"[""Verify the user's identity and confirm the account requiring password change."", ""Guide the user through the password reset procedure as outlined in the 'Password Reset Procedure' article."", ""Ensure the user updates saved credentials on all devices and restarts any active sessions."", ""Monitor the account for any re-lock or suspicious activity within 24 hours."", ""Advise the user to change their password immediately if there is suspicion of unauthorized access."", ""Confirm with the user that they have successfully changed their password and can access their account."", ""Document the resolution steps and outcome in the ticket for future reference.""]","[""The user confirms that the password has been successfully changed."", ""The user reports no further issues accessing their account within 24 hours post-change.""]",auto_approved,RouterGym\results\analysis_outputs\gold_resolution_eval\gold_matched_production_outputs.jsonl
5071,slm_only__base_slm2__mem_rag_bm25,slm_only,slm2,,rag_bm25,re your password expire days re expire days hello user change via procedure mentioned help by indicating steps follow order done thank regards october wrote dear expire days change pc press ctrl alt delete choose change thanks ext information confidential legally privileged intended solely addressee opinions expressed mine necessarily represent opinions susceptible interference intended recipient disclosure copying action taken omitted taken reliance strictly prohibited unlawful received error attachments please notify delete accepts responsibility information errors omissions misuse act committed omitted communication doubt please verify authenticity contents please rely own virus checkers responsibility taken by damage rising out virus infection registered under number whose registered old broad street kingdom provide clients each subsidiaries separate entity has liability entity acts omissions kind regards,Access,Access,Access,"Follow the PC procedure to change your password. Press Ctrl+Alt+Del, then choose 'Change a password.'","[""Press Ctrl+Alt+Del on PC."", ""Choose 'Change a password'.""]","The request is about changing password expiration, which aligns with the provided KB Reference 1 instructions.",False,"{""needs_human"": false, ""needs_llm_escalation"": false, ""policy_gap"": false, ""reasons"": []}",,,True,True,True,1154,0.0008078,1062.9736110568047,0.5480618142976202,5,0,1,1,0,2,1,Low category alignment.; Low alignment with gold resolution steps.,System F,Password Expiration and Change Procedure,"[""Verify the user's identity and confirm the account requiring password change."", ""Guide the user through the password reset procedure as outlined in the 'Password Reset Procedure' article."", ""Ensure the user updates saved credentials on all devices and restarts any active sessions."", ""Monitor the account for any re-lock or suspicious activity within 24 hours."", ""Advise the user to change their password immediately if there is suspicion of unauthorized access."", ""Confirm with the user that they have successfully changed their password and can access their account."", ""Document the resolution steps and outcome in the ticket for future reference.""]","[""The user confirms that the password has been successfully changed."", ""The user reports no further issues accessing their account within 24 hours post-change.""]",auto_approved,RouterGym\results\analysis_outputs\gold_resolution_eval\gold_matched_production_outputs.jsonl
5181,llm_only__base_llm1__mem_rag_bm25,llm_only,llm1,,rag_bm25,profile path change for visit tomorrow profile path change visit tomorrow hello please kind help out by changing profile path site tomorrow visit change reverted well tomorrow evening thanks leader,Miscellaneous,Miscellaneous,Miscellaneous,"To change the profile path for a site visit tomorrow and revert it back tomorrow evening, follow these steps: Confirm the change request with the relevant manager. Update the profile path in the system for the visit. Schedule a task to revert the profile path back to its original state tomorrow evening. Validate the changes with the user and manager.","[""Confirm the change request with the relevant manager."", ""Update the profile path in the system for the visit."", ""Schedule a task to revert the profile path back to its original state tomorrow evening."", ""Validate the changes with the user and manager.""]","The request involves a temporary change to a profile path for a specific visit, requiring a revert after the visit.",False,"{""needs_human"": false, ""needs_llm_escalation"": false, ""policy_gap"": false, ""reasons"": []}",,,True,True,True,1094,0.0065639999999999995,4188.76043590717,0.5143380943194863,5,0,1,1,1,2,2,Low category alignment.,System D,Change Profile Path for Site Visit Tomorrow,"[""Verify the requester's identity and confirm the need for a profile path change."", ""Identify the exact system or application where the profile path needs to be changed."", ""Check for existing access to avoid duplicate changes."", ""Apply the change via the IAM tool, AD group, or application admin console."", ""Instruct the user to log off and back in to refresh permissions."", ""Confirm with the user that the profile path change has been successfully applied."", ""Document the change and update the ticket with the details of the modification.""]","[""The user confirms that the profile path has been changed as requested."", ""The change is documented and the ticket is updated with the confirmation.""]",auto_approved,RouterGym\results\analysis_outputs\gold_resolution_eval\gold_matched_production_outputs.jsonl
5181,llm_only__base_llm2__mem_rag_bm25,llm_only,llm2,,rag_bm25,profile path change for visit tomorrow profile path change visit tomorrow hello please kind help out by changing profile path site tomorrow visit change reverted well tomorrow evening thanks leader,Miscellaneous,Miscellaneous,HR Support,Your request to change your profile path for a site visit tomorrow has been noted. The change will be made and validated before your visit tomorrow evening.,"[""Confirm HR has recorded the change."", ""Map new role to standard IT access profile."", ""Add or remove necessary applications and permissions."", ""Validate new permissions with you."", ""Remove temporary access if applicable.""]","The request pertains to updating IT access for a specific event, aligning with HR support policies for role changes and IT updates.",False,"{""needs_human"": false, ""needs_llm_escalation"": false, ""policy_gap"": false, ""reasons"": []}",,,True,True,True,1022,0.003065999999999,2206.3994540367275,0.4949847725472927,5,0,1,2,1,2,2,Low category alignment.,System B,Change Profile Path for Site Visit Tomorrow,"[""Verify the requester's identity and confirm the need for a profile path change."", ""Identify the exact system or application where the profile path needs to be changed."", ""Check for existing access to avoid duplicate changes."", ""Apply the change via the IAM tool, AD group, or application admin console."", ""Instruct the user to log off and back in to refresh permissions."", ""Confirm with the user that the profile path change has been successfully applied."", ""Document the change and update the ticket with the details of the modification.""]","[""The user confirms that the profile path has been changed as requested."", ""The change is documented and the ticket is updated with the confirmation.""]",auto_approved,RouterGym\results\analysis_outputs\gold_resolution_eval\gold_matched_production_outputs.jsonl
5181,slm_dominant__base_slm1__esc_llm2__mem_rag_bm25,slm_dominant,slm1,llm2,rag_bm25,profile path change for visit tomorrow profile path change visit tomorrow hello please kind help out by changing profile path site tomorrow visit change reverted well tomorrow evening thanks leader,Miscellaneous,Miscellaneous,HR Support,"To change the user profile path for tomorrow visit, you'll need to update the HR system access. First, confirm the change in HR records and the effective date. Then, map the new role to the appropriate IT access profile. Add or remove applications, distribution lists, and HR permissions as necessary. Validate the new permissions with the user and manager. Finally, remove temporary or probationary access that is no longer required.","[""Confirm HR has recorded the change and effective date."", ""Map new role to standard IT access profile."", ""Add or remove applications, distribution lists, and HR permissions."", ""Validate new permissions with the user and manager."", ""Remove temporary or probationary access that is no longer required.""]","The user's request involves changing the IT access profile due to a role change, which is a common HR Support issue. The HR System Access Guide provides steps to grant and manage access to core HR systems.",False,"{""needs_human"": false, ""needs_llm_escalation"": false, ""policy_gap"": false, ""reasons"": []}",,,True,True,True,1363,0.0006814999999999999,2308.7190319783986,0.5140018397075352,4,0,1,1,1,2,1,Low category alignment.,System C,Change Profile Path for Site Visit Tomorrow,"[""Verify the requester's identity and confirm the need for a profile path change."", ""Identify the exact system or application where the profile path needs to be changed."", ""Check for existing access to avoid duplicate changes."", ""Apply the change via the IAM tool, AD group, or application admin console."", ""Instruct the user to log off and back in to refresh permissions."", ""Confirm with the user that the profile path change has been successfully applied."", ""Document the change and update the ticket with the details of the modification.""]","[""The user confirms that the profile path has been changed as requested."", ""The change is documented and the ticket is updated with the confirmation.""]",auto_approved,RouterGym\results\analysis_outputs\gold_resolution_eval\gold_matched_production_outputs.jsonl
5181,slm_dominant__base_slm2__esc_llm2__mem_rag_bm25,slm_dominant,slm2,llm2,rag_bm25,profile path change for visit tomorrow profile path change visit tomorrow hello please kind help out by changing profile path site tomorrow visit change reverted well tomorrow evening thanks leader,Miscellaneous,Miscellaneous,Access,Profile path will be updated for tomorrow’s visit as requested.,"[""Confirm HR records the change."", ""Update IT access profile accordingly."", ""Validate new permissions with user.""]",Request is clear and relates to IT access changes for a specific future event.,False,"{""needs_human"": false, ""needs_llm_escalation"": false, ""policy_gap"": false, ""reasons"": []}",,,True,True,True,974,0.0006818,997.1970890183002,0.4835333041957861,3,1,1,2,1,2,2,Very short answer.,System E,Change Profile Path for Site Visit Tomorrow,"[""Verify the requester's identity and confirm the need for a profile path change."", ""Identify the exact system or application where the profile path needs to be changed."", ""Check for existing access to avoid duplicate changes."", ""Apply the change via the IAM tool, AD group, or application admin console."", ""Instruct the user to log off and back in to refresh permissions."", ""Confirm with the user that the profile path change has been successfully applied."", ""Document the change and update the ticket with the details of the modification.""]","[""The user confirms that the profile path has been changed as requested."", ""The change is documented and the ticket is updated with the confirmation.""]",auto_approved,RouterGym\results\analysis_outputs\gold_resolution_eval\gold_matched_production_outputs.jsonl
5181,slm_only__base_slm1__mem_rag_bm25,slm_only,slm1,,rag_bm25,profile path change for visit tomorrow profile path change visit tomorrow hello please kind help out by changing profile path site tomorrow visit change reverted well tomorrow evening thanks leader,Miscellaneous,Miscellaneous,HR Support,"To change the user profile path for tomorrow visit, you'll need to update the HR system access. First, confirm the change in HR records and the effective date. Then, map the new role to the appropriate IT access profile. Add or remove applications, distribution lists, and HR permissions as necessary. Validate the new permissions with the user and manager. Finally, remove temporary or probationary access that is no longer required.","[""Confirm HR has recorded the change and effective date."", ""Map new role to standard IT access profile."", ""Add or remove applications, distribution lists, and HR permissions."", ""Validate new permissions with the user and manager."", ""Remove temporary or probationary access that is no longer required.""]","The user's request involves changing the IT access profile due to a role change, which is a common HR Support issue. The HR System Access Guide provides steps to grant and manage access to core HR systems.",False,"{""needs_human"": false, ""needs_llm_escalation"": false, ""policy_gap"": false, ""reasons"": []}",,,True,True,True,1363,0.0006814999999999999,2215.189039008692,0.5140018397075352,5,0,1,1,1,2,1,Low category alignment.,System A,Change Profile Path for Site Visit Tomorrow,"[""Verify the requester's identity and confirm the need for a profile path change."", ""Identify the exact system or application where the profile path needs to be changed."", ""Check for existing access to avoid duplicate changes."", ""Apply the change via the IAM tool, AD group, or application admin console."", ""Instruct the user to log off and back in to refresh permissions."", ""Confirm with the user that the profile path change has been successfully applied."", ""Document the change and update the ticket with the details of the modification.""]","[""The user confirms that the profile path has been changed as requested."", ""The change is documented and the ticket is updated with the confirmation.""]",auto_approved,RouterGym\results\analysis_outputs\gold_resolution_eval\gold_matched_production_outputs.jsonl
5181,slm_only__base_slm2__mem_rag_bm25,slm_only,slm2,,rag_bm25,profile path change for visit tomorrow profile path change visit tomorrow hello please kind help out by changing profile path site tomorrow visit change reverted well tomorrow evening thanks leader,Miscellaneous,Miscellaneous,Access,Profile path will be updated for tomorrow’s visit as requested.,"[""Confirm HR records the change."", ""Update IT access profile accordingly."", ""Validate new permissions with user.""]",Request is clear and relates to IT access changes for a specific future event.,False,"{""needs_human"": false, ""needs_llm_escalation"": false, ""policy_gap"": false, ""reasons"": []}",,,True,True,True,974,0.0006818,1011.3996400032192,0.4835333041957861,5,1,1,2,1,2,2,Very short answer.,System F,Change Profile Path for Site Visit Tomorrow,"[""Verify the requester's identity and confirm the need for a profile path change."", ""Identify the exact system or application where the profile path needs to be changed."", ""Check for existing access to avoid duplicate changes."", ""Apply the change via the IAM tool, AD group, or application admin console."", ""Instruct the user to log off and back in to refresh permissions."", ""Confirm with the user that the profile path change has been successfully applied."", ""Document the change and update the ticket with the details of the modification.""]","[""The user confirms that the profile path has been changed as requested."", ""The change is documented and the ticket is updated with the confirmation.""]",auto_approved,RouterGym\results\analysis_outputs\gold_resolution_eval\gold_matched_production_outputs.jsonl
5191,llm_only__base_llm1__mem_rag_bm25,llm_only,llm1,,rag_bm25,new booking account pas booking hi please help create booking margin attached form tried via create tab run via sd thank program,Internal Project,Internal Project,Internal Project,"To create a booking margin account, follow these steps: Verify the user's identity and approval. Identify the exact system and role level required. Check for existing access to avoid duplicates. Apply the change via the IAM tool or application admin console. Ask the user to log off and back in to refresh permissions. Confirm access works for key actions and update the ticket with the groups/roles applied.","[""Verify the user's identity and approval."", ""Identify the exact system and role level required."", ""Check for existing access to avoid duplicates."", ""Apply the change via the IAM tool or application admin console."", ""Ask the user to log off and back in to refresh permissions.""]","The request involves creating a new booking margin account and attaching a form, which aligns with access request workflows.",False,"{""needs_human"": false, ""needs_llm_escalation"": false, ""policy_gap"": false, ""reasons"": []}",,,True,True,True,1127,0.006762,4646.6375179588795,0.6755776667797765,5,0,1,1,2,2,2,Low category alignment.,System D,Create booking margin account for new project,"[""Verify requester identity and ensure proper approval (manager or system owner)"", ""Identify the specific system, group, or repository required for the booking margin account and determine the appropriate role level"", ""Check for any existing access to prevent duplication of accounts"", ""Apply the necessary changes via the IAM tool, AD group, or application admin console to create the booking margin account"", ""Instruct the user to log off and back in to refresh their permissions"", ""Confirm that the user can perform key actions within the booking margin account; update the ticket with details of the groups/roles applied"", ""Test the booking margin account functionality to ensure it meets the project requirements""]","[""The booking margin account is successfully created and accessible by the designated user"", ""The user can log in and perform necessary operations within the booking margin account without issues"", ""All relevant documentation and access records are updated to reflect the new booking margin account""]",auto_approved,RouterGym\results\analysis_outputs\gold_resolution_eval\gold_matched_production_outputs.jsonl
5191,llm_only__base_llm2__mem_rag_bm25,llm_only,llm2,,rag_bm25,new booking account pas booking hi please help create booking margin attached form tried via create tab run via sd thank program,Internal Project,Internal Project,Access,"To create a new booking account and set up booking margins, follow the standard access request flow. Ensure you have the necessary approvals and verify the system requirements.","[""Verify requester identity and approval."", ""Identify required system and role level."", ""Check for existing access."", ""Apply change via IAM tool."", ""Confirm access works.""]","The request pertains to setting up a new booking account and configuring booking margins, which aligns with the access request process for system setup.",False,"{""needs_human"": false, ""needs_llm_escalation"": false, ""policy_gap"": false, ""reasons"": []}",,,True,True,True,1018,0.003054,2109.8025958053768,0.6022208844372235,4,0,1,1,1,2,1,Low category alignment.,System B,Create booking margin account for new project,"[""Verify requester identity and ensure proper approval (manager or system owner)"", ""Identify the specific system, group, or repository required for the booking margin account and determine the appropriate role level"", ""Check for any existing access to prevent duplication of accounts"", ""Apply the necessary changes via the IAM tool, AD group, or application admin console to create the booking margin account"", ""Instruct the user to log off and back in to refresh their permissions"", ""Confirm that the user can perform key actions within the booking margin account; update the ticket with details of the groups/roles applied"", ""Test the booking margin account functionality to ensure it meets the project requirements""]","[""The booking margin account is successfully created and accessible by the designated user"", ""The user can log in and perform necessary operations within the booking margin account without issues"", ""All relevant documentation and access records are updated to reflect the new booking margin account""]",auto_approved,RouterGym\results\analysis_outputs\gold_resolution_eval\gold_matched_production_outputs.jsonl
5191,slm_dominant__base_slm1__esc_llm2__mem_rag_bm25,slm_dominant,slm1,llm2,rag_bm25,new booking account pas booking hi please help create booking margin attached form tried via create tab run via sd thank program,Internal Project,Internal Project,Miscellaneous,"To create a new booking account and set the booking margin, follow these steps: 1. Navigate to the account creation page. 2. Fill in the required details, including the booking margin. 3. Submit the form for review and approval. 4. Once approved, the account will be created with the specified booking margin. If there are any issues, please contact the system administrator.","[""Navigate to the account creation page"", ""Fill in the required details, including the booking margin"", ""Submit the form for review and approval"", ""Once approved, the account will be created with the specified booking margin""]","The request involves creating a new account and setting a specific booking margin, which requires access to the account creation system and knowledge of the account setup process.",False,"{""needs_human"": false, ""needs_llm_escalation"": false, ""policy_gap"": false, ""reasons"": []}",,,True,True,True,1330,0.000665,2036.0876841004938,0.5950901940906625,5,0,2,1,1,2,1,Low category alignment.,System C,Create booking margin account for new project,"[""Verify requester identity and ensure proper approval (manager or system owner)"", ""Identify the specific system, group, or repository required for the booking margin account and determine the appropriate role level"", ""Check for any existing access to prevent duplication of accounts"", ""Apply the necessary changes via the IAM tool, AD group, or application admin console to create the booking margin account"", ""Instruct the user to log off and back in to refresh their permissions"", ""Confirm that the user can perform key actions within the booking margin account; update the ticket with details of the groups/roles applied"", ""Test the booking margin account functionality to ensure it meets the project requirements""]","[""The booking margin account is successfully created and accessible by the designated user"", ""The user can log in and perform necessary operations within the booking margin account without issues"", ""All relevant documentation and access records are updated to reflect the new booking margin account""]",auto_approved,RouterGym\results\analysis_outputs\gold_resolution_eval\gold_matched_production_outputs.jsonl
5191,slm_dominant__base_slm2__esc_llm2__mem_rag_bm25,slm_dominant,slm2,llm2,rag_bm25,new booking account pas booking hi please help create booking margin attached form tried via create tab run via sd thank program,Internal Project,Internal Project,Miscellaneous,"The request seems to be about creating a specific form for bookings, which might not fit into the standard access or hardware categories. However, it could be related to a custom application or process within the organization.","[""Identify the application or system where the form will be used."", ""Determine the necessary fields and format for the booking margin attachment form."", ""Create the form using the application\u2019s form builder or development tools."", ""Test the form to ensure it functions correctly.""]","The request is for a specific form creation, which doesn't directly match known categories but may involve access or application setup.",False,"{""needs_human"": false, ""needs_llm_escalation"": false, ""policy_gap"": false, ""reasons"": []}",,,True,True,True,1048,0.0007335999999999999,1728.693899931386,0.6084804093433686,3,0,1,0,1,2,0,Low category alignment.; Misses key requirements from gold summary/criteria.; Low policy/gold grounding.,System E,Create booking margin account for new project,"[""Verify requester identity and ensure proper approval (manager or system owner)"", ""Identify the specific system, group, or repository required for the booking margin account and determine the appropriate role level"", ""Check for any existing access to prevent duplication of accounts"", ""Apply the necessary changes via the IAM tool, AD group, or application admin console to create the booking margin account"", ""Instruct the user to log off and back in to refresh their permissions"", ""Confirm that the user can perform key actions within the booking margin account; update the ticket with details of the groups/roles applied"", ""Test the booking margin account functionality to ensure it meets the project requirements""]","[""The booking margin account is successfully created and accessible by the designated user"", ""The user can log in and perform necessary operations within the booking margin account without issues"", ""All relevant documentation and access records are updated to reflect the new booking margin account""]",auto_approved,RouterGym\results\analysis_outputs\gold_resolution_eval\gold_matched_production_outputs.jsonl
5191,slm_only__base_slm1__mem_rag_bm25,slm_only,slm1,,rag_bm25,new booking account pas booking hi please help create booking margin attached form tried via create tab run via sd thank program,Internal Project,Internal Project,Miscellaneous,"To create a new booking account and set the booking margin, follow these steps: 1. Navigate to the account creation page. 2. Fill in the required details, including the booking margin. 3. Submit the form for review and approval. 4. Once approved, the account will be created with the specified booking margin. If there are any issues, please contact the system administrator.","[""Navigate to the account creation page"", ""Fill in the required details, including the booking margin"", ""Submit the form for review and approval"", ""Once approved, the account will be created with the specified booking margin""]","The request involves creating a new account and setting a specific booking margin, which requires access to the account creation system and knowledge of the account setup process.",False,"{""needs_human"": false, ""needs_llm_escalation"": false, ""policy_gap"": false, ""reasons"": []}",,,True,True,True,1330,0.000665,2021.7012949287891,0.5950901940906625,6,0,2,1,1,2,1,Low category alignment.,System A,Create booking margin account for new project,"[""Verify requester identity and ensure proper approval (manager or system owner)"", ""Identify the specific system, group, or repository required for the booking margin account and determine the appropriate role level"", ""Check for any existing access to prevent duplication of accounts"", ""Apply the necessary changes via the IAM tool, AD group, or application admin console to create the booking margin account"", ""Instruct the user to log off and back in to refresh their permissions"", ""Confirm that the user can perform key actions within the booking margin account; update the ticket with details of the groups/roles applied"", ""Test the booking margin account functionality to ensure it meets the project requirements""]","[""The booking margin account is successfully created and accessible by the designated user"", ""The user can log in and perform necessary operations within the booking margin account without issues"", ""All relevant documentation and access records are updated to reflect the new booking margin account""]",auto_approved,RouterGym\results\analysis_outputs\gold_resolution_eval\gold_matched_production_outputs.jsonl
5191,slm_only__base_slm2__mem_rag_bm25,slm_only,slm2,,rag_bm25,new booking account pas booking hi please help create booking margin attached form tried via create tab run via sd thank program,Internal Project,Internal Project,Miscellaneous,"The request seems to be about creating a specific form for bookings, which might not fit into the standard access or hardware categories. However, it could be related to a custom application or process within the organization.","[""Identify the application or system where the form will be used."", ""Determine the necessary fields and format for the booking margin attachment form."", ""Create the form using the application\u2019s form builder or development tools."", ""Test the form to ensure it functions correctly.""]","The request is for a specific form creation, which doesn't directly match known categories but may involve access or application setup.",False,"{""needs_human"": false, ""needs_llm_escalation"": false, ""policy_gap"": false, ""reasons"": []}",,,True,True,True,1048,0.0007335999999999999,1466.3508718367666,0.6084804093433686,5,0,1,0,1,2,0,Low category alignment.; Misses key requirements from gold summary/criteria.; Low policy/gold grounding.,System F,Create booking margin account for new project,"[""Verify requester identity and ensure proper approval (manager or system owner)"", ""Identify the specific system, group, or repository required for the booking margin account and determine the appropriate role level"", ""Check for any existing access to prevent duplication of accounts"", ""Apply the necessary changes via the IAM tool, AD group, or application admin console to create the booking margin account"", ""Instruct the user to log off and back in to refresh their permissions"", ""Confirm that the user can perform key actions within the booking margin account; update the ticket with details of the groups/roles applied"", ""Test the booking margin account functionality to ensure it meets the project requirements""]","[""The booking margin account is successfully created and accessible by the designated user"", ""The user can log in and perform necessary operations within the booking margin account without issues"", ""All relevant documentation and access records are updated to reflect the new booking margin account""]",auto_approved,RouterGym\results\analysis_outputs\gold_resolution_eval\gold_matched_production_outputs.jsonl
5207,llm_only__base_llm1__mem_rag_bm25,llm_only,llm1,,rag_bm25,view view dear please provide view thanks regards,HR Support,HR Support,HR Support,"To view information in the HR portal, log in with your credentials and navigate to the relevant section. If you encounter issues, verify your access and contact HR support for further assistance.","[""Log in to the HR portal with your credentials."", ""Navigate to the section you need to view."", ""Verify your access permissions if you encounter issues."", ""Contact HR support if the problem persists.""]","The user's request is vague but likely related to accessing information in the HR portal. The KB references suggest common issues with leave requests and access, but the user did not specify a problem.",False,"{""needs_human"": false, ""needs_llm_escalation"": false, ""policy_gap"": false, ""reasons"": []}",,,True,True,True,1041,0.006246,3763.397998875007,0.6015503873284441,5,2,1,1,1,2,1,Acceptable scoring across all dimensions.,System D,HR Support: Unable to view leave request,"[""Verify that the user has active HR portal access and can log in without issues."", ""Instruct the user to refresh the page and clear browser cache if necessary."", ""Guide the user through navigating to the leave request section within the HR portal."", ""Check if the issue persists across different browsers or devices."", ""If the problem continues, request a screenshot of the error message or blank screen encountered."", ""Consult with IT support to investigate potential system-wide issues affecting leave request visibility."", ""Advise the user on alternative methods to check their leave balance and history, such as contacting their HR representative directly.""]","[""User can access and view their leave request details without errors."", ""IT support confirms that there are no known system issues affecting leave request visibility.""]",auto_approved,RouterGym\results\analysis_outputs\gold_resolution_eval\gold_matched_production_outputs.jsonl
5207,llm_only__base_llm2__mem_rag_bm25,llm_only,llm2,,rag_bm25,view view dear please provide view thanks regards,HR Support,HR Support,HR Support,It seems like you're looking for a specific document or view. Could you clarify what exactly you need? Is it related to your leave request or access to a particular system?,"[""Clarify the type of view needed."", ""Verify if it's related to leave requests or system access."", ""Provide the relevant document or guide."", ""Confirm if further assistance is required.""]","The request is vague but given the context and typical patterns, it's categorized under HR Support due to the formal tone and common HR-related inquiries.",False,"{""needs_human"": false, ""needs_llm_escalation"": false, ""policy_gap"": false, ""reasons"": []}",,,True,True,True,987,0.0029609999999999997,2126.3086390681565,0.5823675665925387,5,2,1,1,0,2,1,Low alignment with gold resolution steps.,System B,HR Support: Unable to view leave request,"[""Verify that the user has active HR portal access and can log in without issues."", ""Instruct the user to refresh the page and clear browser cache if necessary."", ""Guide the user through navigating to the leave request section within the HR portal."", ""Check if the issue persists across different browsers or devices."", ""If the problem continues, request a screenshot of the error message or blank screen encountered."", ""Consult with IT support to investigate potential system-wide issues affecting leave request visibility."", ""Advise the user on alternative methods to check their leave balance and history, such as contacting their HR representative directly.""]","[""User can access and view their leave request details without errors."", ""IT support confirms that there are no known system issues affecting leave request visibility.""]",auto_approved,RouterGym\results\analysis_outputs\gold_resolution_eval\gold_matched_production_outputs.jsonl
5207,slm_dominant__base_slm1__esc_llm2__mem_rag_bm25,slm_dominant,slm1,llm2,rag_bm25,view view dear please provide view thanks regards,HR Support,HR Support,,"To view leave balances and history, follow these steps: 1. Log in to the HR portal. 2. Navigate to the 'My Leave' section. 3. Check the 'Balances' tab for available leave days. 4. View the 'History' tab for past leave requests and approvals.","[""Log in to HR portal"", ""Navigate to My Leave section"", ""Check Balances tab"", ""View History tab""]","The user's request is related to HR Support, specifically viewing leave balances and history, which can be done through the HR portal.",False,"{""needs_human"": false, ""needs_llm_escalation"": false, ""policy_gap"": false, ""reasons"": []}",Model output is not valid JSON.,,True,False,True,1255,0.0006274999999990001,1791.1889690440148,0.5663268998372796,5,2,2,0,1,2,1,Misses key requirements from gold summary/criteria.,System C,HR Support: Unable to view leave request,"[""Verify that the user has active HR portal access and can log in without issues."", ""Instruct the user to refresh the page and clear browser cache if necessary."", ""Guide the user through navigating to the leave request section within the HR portal."", ""Check if the issue persists across different browsers or devices."", ""If the problem continues, request a screenshot of the error message or blank screen encountered."", ""Consult with IT support to investigate potential system-wide issues affecting leave request visibility."", ""Advise the user on alternative methods to check their leave balance and history, such as contacting their HR representative directly.""]","[""User can access and view their leave request details without errors."", ""IT support confirms that there are no known system issues affecting leave request visibility.""]",auto_approved,RouterGym\results\analysis_outputs\gold_resolution_eval\gold_matched_production_outputs.jsonl
5207,slm_dominant__base_slm2__esc_llm2__mem_rag_bm25,slm_dominant,slm2,llm2,rag_bm25,view view dear please provide view thanks regards,HR Support,HR Support,HR Support,Employee needs help submitting a leave request through the HR portal.,"[""Verify HR portal access."", ""Confirm leave type and dates."", ""Walk through leave request process."", ""Check manager hierarchy and approvals.""]","The request is for guidance on submitting a leave request, which falls under HR Support category.",False,"{""needs_human"": false, ""needs_llm_escalation"": false, ""policy_gap"": false, ""reasons"": []}",,,True,True,True,942,0.0006594,1004.7256799880415,0.5755144995931484,3,2,1,1,1,2,1,Very short answer.,System E,HR Support: Unable to view leave request,"[""Verify that the user has active HR portal access and can log in without issues."", ""Instruct the user to refresh the page and clear browser cache if necessary."", ""Guide the user through navigating to the leave request section within the HR portal."", ""Check if the issue persists across different browsers or devices."", ""If the problem continues, request a screenshot of the error message or blank screen encountered."", ""Consult with IT support to investigate potential system-wide issues affecting leave request visibility."", ""Advise the user on alternative methods to check their leave balance and history, such as contacting their HR representative directly.""]","[""User can access and view their leave request details without errors."", ""IT support confirms that there are no known system issues affecting leave request visibility.""]",auto_approved,RouterGym\results\analysis_outputs\gold_resolution_eval\gold_matched_production_outputs.jsonl
5207,slm_only__base_slm1__mem_rag_bm25,slm_only,slm1,,rag_bm25,view view dear please provide view thanks regards,HR Support,HR Support,,"To view leave balances and history, follow these steps: 1. Log in to the HR portal. 2. Navigate to the 'My Leave' section. 3. Check the 'Balances' tab for available leave days. 4. View the 'History' tab for past leave requests and approvals.","[""Log in to HR portal"", ""Navigate to My Leave section"", ""Check Balances tab"", ""View History tab""]","The user's request is related to HR Support, specifically viewing leave balances and history, which can be done through the HR portal.",False,"{""needs_human"": false, ""needs_llm_escalation"": false, ""policy_gap"": false, ""reasons"": []}",Model output is not valid JSON.,,True,False,True,1255,0.0006274999999990001,1773.9377091638744,0.5663268998372796,6,2,2,0,1,2,1,Misses key requirements from gold summary/criteria.,System A,HR Support: Unable to view leave request,"[""Verify that the user has active HR portal access and can log in without issues."", ""Instruct the user to refresh the page and clear browser cache if necessary."", ""Guide the user through navigating to the leave request section within the HR portal."", ""Check if the issue persists across different browsers or devices."", ""If the problem continues, request a screenshot of the error message or blank screen encountered."", ""Consult with IT support to investigate potential system-wide issues affecting leave request visibility."", ""Advise the user on alternative methods to check their leave balance and history, such as contacting their HR representative directly.""]","[""User can access and view their leave request details without errors."", ""IT support confirms that there are no known system issues affecting leave request visibility.""]",auto_approved,RouterGym\results\analysis_outputs\gold_resolution_eval\gold_matched_production_outputs.jsonl
5207,slm_only__base_slm2__mem_rag_bm25,slm_only,slm2,,rag_bm25,view view dear please provide view thanks regards,HR Support,HR Support,HR Support,Employee needs help submitting a leave request through the HR portal.,"[""Verify HR portal access."", ""Confirm leave type and dates."", ""Walk through leave request process."", ""Check manager hierarchy and approvals.""]","The request is for guidance on submitting a leave request, which falls under HR Support category.",False,"{""needs_human"": false, ""needs_llm_escalation"": false, ""policy_gap"": false, ""reasons"": []}",,,True,True,True,942,0.0006594,1020.646721124649,0.5755144995931484,5,2,1,1,1,2,1,Very short answer.,System F,HR Support: Unable to view leave request,"[""Verify that the user has active HR portal access and can log in without issues."", ""Instruct the user to refresh the page and clear browser cache if necessary."", ""Guide the user through navigating to the leave request section within the HR portal."", ""Check if the issue persists across different browsers or devices."", ""If the problem continues, request a screenshot of the error message or blank screen encountered."", ""Consult with IT support to investigate potential system-wide issues affecting leave request visibility."", ""Advise the user on alternative methods to check their leave balance and history, such as contacting their HR representative directly.""]","[""User can access and view their leave request details without errors."", ""IT support confirms that there are no known system issues affecting leave request visibility.""]",auto_approved,RouterGym\results\analysis_outputs\gold_resolution_eval\gold_matched_production_outputs.jsonl
5435,llm_only__base_llm1__mem_rag_bm25,llm_only,llm1,,rag_bm25,new project code oracle fusion code setup hello appreciate create attached code today because create thank officer,Internal Project,Internal Project,Internal Project,"To create a new project code for Oracle Fusion, follow these steps: Log in to Oracle Fusion, navigate to the project management module, and create a new project. Enter the required details and save. Attach the code by uploading it to the project documents section.","[""Log in to Oracle Fusion and navigate to the project management module."", ""Create a new project and enter the required details."", ""Save the project and note the project code."", ""Upload the attached code to the project documents section."", ""Verify the code is correctly attached and accessible.""]",The request is for setting up a new project code in Oracle Fusion and attaching the code. This involves creating a project and uploading the necessary code.,False,"{""needs_human"": false, ""needs_llm_escalation"": false, ""policy_gap"": false, ""reasons"": []}",,,True,True,True,1065,0.006390000000000001,4175.054003950208,0.6138513761798011,5,2,1,1,1,2,1,Acceptable scoring across all dimensions.,System D,Setup Oracle Fusion code for new internal project,"[""Create a new project code in Oracle Fusion for the internal project"", ""Ensure the correct cost centre and GL code are selected for the project"", ""Guide the requester through the procurement system access setup"", ""Verify that the requester can access the procurement system"", ""Check the PO status to ensure it progresses from draft to approved"", ""Resolve any validation errors and resubmit the PO if necessary"", ""Confirm PO approval and share the PO number with the requester""]","[""The project code is created successfully in Oracle Fusion"", ""The PO is approved and the PO number is shared with the requester""]",auto_approved,RouterGym\results\analysis_outputs\gold_resolution_eval\gold_matched_production_outputs.jsonl
5435,llm_only__base_llm2__mem_rag_bm25,llm_only,llm2,,rag_bm25,new project code oracle fusion code setup hello appreciate create attached code today because create thank officer,Internal Project,Internal Project,Internal Project,"To set up new Oracle Fusion code for your project, follow these steps: verify access to the procurement system, ensure correct details are entered, fix any validation errors, and confirm the creation of the code.","[""Verify access to procurement system."", ""Ensure correct cost center, GL code, and vendor."", ""Fix validation errors and resubmit."", ""Confirm code creation and share confirmation.""]","The request pertains to setting up Oracle Fusion code for a new project, which aligns with internal project management tasks rather than specific IT issues like hardware failures or purchase order workflows.",False,"{""needs_human"": false, ""needs_llm_escalation"": false, ""policy_gap"": false, ""reasons"": []}",,,True,True,True,1011,0.0030329999999999997,2310.818964848295,0.6473066283581649,7,2,1,1,2,2,2,Acceptable scoring across all dimensions.,System B,Setup Oracle Fusion code for new internal project,"[""Create a new project code in Oracle Fusion for the internal project"", ""Ensure the correct cost centre and GL code are selected for the project"", ""Guide the requester through the procurement system access setup"", ""Verify that the requester can access the procurement system"", ""Check the PO status to ensure it progresses from draft to approved"", ""Resolve any validation errors and resubmit the PO if necessary"", ""Confirm PO approval and share the PO number with the requester""]","[""The project code is created successfully in Oracle Fusion"", ""The PO is approved and the PO number is shared with the requester""]",auto_approved,RouterGym\results\analysis_outputs\gold_resolution_eval\gold_matched_production_outputs.jsonl
5435,slm_dominant__base_slm1__esc_llm2__mem_rag_bm25,slm_dominant,slm1,llm2,rag_bm25,new project code oracle fusion code setup hello appreciate create attached code today because create thank officer,Internal Project,Internal Project,Miscellaneous,"To set up a new project in Oracle Fusion, follow these steps: 1. Log in to the Oracle Fusion application. 2. Navigate to the Projects module. 3. Click on 'Create' to start a new project. 4. Fill in the required details such as project name, description, and other relevant information. 5. Save the project. If you encounter any issues, please reach out for further assistance.","[""Log in to Oracle Fusion"", ""Navigate to Projects module"", ""Click on 'Create' to start a new project"", ""Fill in required details"", ""Save the project""]","The ticket request is for setting up a new project in Oracle Fusion, a common IT task. The response provides a step-by-step guide to accomplish this task.",False,"{""needs_human"": false, ""needs_llm_escalation"": false, ""policy_gap"": false, ""reasons"": []}",,,True,True,True,1318,0.000659,2059.259884059429,0.5760236968245194,6,1,2,1,1,2,1,Acceptable scoring across all dimensions.,System C,Setup Oracle Fusion code for new internal project,"[""Create a new project code in Oracle Fusion for the internal project"", ""Ensure the correct cost centre and GL code are selected for the project"", ""Guide the requester through the procurement system access setup"", ""Verify that the requester can access the procurement system"", ""Check the PO status to ensure it progresses from draft to approved"", ""Resolve any validation errors and resubmit the PO if necessary"", ""Confirm PO approval and share the PO number with the requester""]","[""The project code is created successfully in Oracle Fusion"", ""The PO is approved and the PO number is shared with the requester""]",auto_approved,RouterGym\results\analysis_outputs\gold_resolution_eval\gold_matched_production_outputs.jsonl
5435,slm_dominant__base_slm2__esc_llm2__mem_rag_bm25,slm_dominant,slm2,llm2,rag_bm25,new project code oracle fusion code setup hello appreciate create attached code today because create thank officer,Internal Project,Internal Project,Internal Project,Oracle Fusion setup requires proper configuration and code integration. Follow provided steps to ensure successful implementation.,"[""Review Oracle Fusion documentation for setup."", ""Ensure all required modules are enabled."", ""Test code integration with Fusion environment.""]","The request pertains to setting up Oracle Fusion, which aligns with internal project code setup procedures.",False,"{""needs_human"": false, ""needs_llm_escalation"": false, ""policy_gap"": false, ""reasons"": []}",,,True,True,True,962,0.0006734,1392.2899370081723,0.5648069674127059,5,2,1,1,1,2,1,Acceptable scoring across all dimensions.,System E,Setup Oracle Fusion code for new internal project,"[""Create a new project code in Oracle Fusion for the internal project"", ""Ensure the correct cost centre and GL code are selected for the project"", ""Guide the requester through the procurement system access setup"", ""Verify that the requester can access the procurement system"", ""Check the PO status to ensure it progresses from draft to approved"", ""Resolve any validation errors and resubmit the PO if necessary"", ""Confirm PO approval and share the PO number with the requester""]","[""The project code is created successfully in Oracle Fusion"", ""The PO is approved and the PO number is shared with the requester""]",auto_approved,RouterGym\results\analysis_outputs\gold_resolution_eval\gold_matched_production_outputs.jsonl
5435,slm_only__base_slm1__mem_rag_bm25,slm_only,slm1,,rag_bm25,new project code oracle fusion code setup hello appreciate create attached code today because create thank officer,Internal Project,Internal Project,Miscellaneous,"To set up a new project in Oracle Fusion, follow these steps: 1. Log in to the Oracle Fusion application. 2. Navigate to the Projects module. 3. Click on 'Create' to start a new project. 4. Fill in the required details such as project name, description, and other relevant information. 5. Save the project. If you encounter any issues, please reach out for further assistance.","[""Log in to Oracle Fusion"", ""Navigate to Projects module"", ""Click on 'Create' to start a new project"", ""Fill in required details"", ""Save the project""]","The ticket request is for setting up a new project in Oracle Fusion, a common IT task. The response provides a step-by-step guide to accomplish this task.",False,"{""needs_human"": false, ""needs_llm_escalation"": false, ""policy_gap"": false, ""reasons"": []}",,,True,True,True,1318,0.000659,2084.234362002462,0.5760236968245194,8,1,2,2,2,2,2,Acceptable scoring across all dimensions.,System A,Setup Oracle Fusion code for new internal project,"[""Create a new project code in Oracle Fusion for the internal project"", ""Ensure the correct cost centre and GL code are selected for the project"", ""Guide the requester through the procurement system access setup"", ""Verify that the requester can access the procurement system"", ""Check the PO status to ensure it progresses from draft to approved"", ""Resolve any validation errors and resubmit the PO if necessary"", ""Confirm PO approval and share the PO number with the requester""]","[""The project code is created successfully in Oracle Fusion"", ""The PO is approved and the PO number is shared with the requester""]",auto_approved,RouterGym\results\analysis_outputs\gold_resolution_eval\gold_matched_production_outputs.jsonl
5435,slm_only__base_slm2__mem_rag_bm25,slm_only,slm2,,rag_bm25,new project code oracle fusion code setup hello appreciate create attached code today because create thank officer,Internal Project,Internal Project,Internal Project,Oracle Fusion setup requires proper configuration and code integration. Follow provided steps to ensure successful implementation.,"[""Review Oracle Fusion documentation for setup."", ""Ensure all required modules are enabled."", ""Test code integration with Fusion environment.""]","The request pertains to setting up Oracle Fusion, which aligns with internal project code setup procedures.",False,"{""needs_human"": false, ""needs_llm_escalation"": false, ""policy_gap"": false, ""reasons"": []}",,,True,True,True,962,0.0006734,1096.893364097923,0.5648069674127059,7,2,1,1,1,2,1,Acceptable scoring across all dimensions.,System F,Setup Oracle Fusion code for new internal project,"[""Create a new project code in Oracle Fusion for the internal project"", ""Ensure the correct cost centre and GL code are selected for the project"", ""Guide the requester through the procurement system access setup"", ""Verify that the requester can access the procurement system"", ""Check the PO status to ensure it progresses from draft to approved"", ""Resolve any validation errors and resubmit the PO if necessary"", ""Confirm PO approval and share the PO number with the requester""]","[""The project code is created successfully in Oracle Fusion"", ""The PO is approved and the PO number is shared with the requester""]",auto_approved,RouterGym\results\analysis_outputs\gold_resolution_eval\gold_matched_production_outputs.jsonl
5630,llm_only__base_llm1__mem_rag_bm25,llm_only,llm1,,rag_bm25,instance storage size increase re updated instance storage size increase hello please advise additional action done part restarting instance blocks available mounted run run user thanks design lead,Storage,Storage,Storage,"To increase the instance storage size, first identify the current usage and available blocks. Then, update the storage size and restart the instance. Ensure all mounted blocks are properly configured and verify the user can run applications post-restart.","[""Identify current storage usage and available blocks."", ""Update the instance storage size."", ""Restart the instance after the update."", ""Verify all mounted blocks are properly configured."", ""Confirm the user can run applications post-restart.""]","The request involves updating instance storage size and restarting the instance, which aligns with storage management tasks.",False,"{""needs_human"": false, ""needs_llm_escalation"": false, ""policy_gap"": false, ""reasons"": []}",,,True,True,True,1006,0.006036,3743.09997796081,0.5913890299332463,5,2,1,1,1,2,1,Acceptable scoring across all dimensions.,System D,Increase Instance Storage Size,"[""1. Verify the current storage usage and quota for the instance."", ""2. Consult with the user to identify and remove unnecessary files or data."", ""3. Apply retention guidelines to manage old or redundant data effectively."", ""4. If necessary, submit a formal request to the storage owner for a quota increase, detailing the business justification."", ""5. Monitor the storage allocation process until completion."", ""6. Update the documentation with the new quota details and schedule a review date."", ""7. Ensure the instance is restarted if required after the storage increase to make the changes effective.""]","[""The instance storage size has been increased according to the request."", ""The user confirms they can access and utilize the additional storage without encountering any errors."", ""The instance restarts successfully after the storage increase, if a restart was necessary.""]",auto_approved,RouterGym\results\analysis_outputs\gold_resolution_eval\gold_matched_production_outputs.jsonl
5630,llm_only__base_llm2__mem_rag_bm25,llm_only,llm2,,rag_bm25,instance storage size increase re updated instance storage size increase hello please advise additional action done part restarting instance blocks available mounted run run user thanks design lead,Storage,Storage,Storage,"After increasing the instance storage size and restarting the instance, ensure all data blocks are properly mounted and accessible. If issues persist, check the mounting configuration and permissions.","[""Verify all data blocks are mounted."", ""Check mounting configurations."", ""Review file permissions."", ""Restart instance if necessary.""]","The request pertains to post-increase actions for instance storage, aligning with storage management policies. The issue seems resolved but requires verification of data accessibility.",False,"{""needs_human"": false, ""needs_llm_escalation"": false, ""policy_gap"": false, ""reasons"": []}",,,True,True,True,948,0.0028439999999999997,2077.662986004725,0.549576112174281,5,2,1,1,1,2,1,Acceptable scoring across all dimensions.,System B,Increase Instance Storage Size,"[""1. Verify the current storage usage and quota for the instance."", ""2. Consult with the user to identify and remove unnecessary files or data."", ""3. Apply retention guidelines to manage old or redundant data effectively."", ""4. If necessary, submit a formal request to the storage owner for a quota increase, detailing the business justification."", ""5. Monitor the storage allocation process until completion."", ""6. Update the documentation with the new quota details and schedule a review date."", ""7. Ensure the instance is restarted if required after the storage increase to make the changes effective.""]","[""The instance storage size has been increased according to the request."", ""The user confirms they can access and utilize the additional storage without encountering any errors."", ""The instance restarts successfully after the storage increase, if a restart was necessary.""]",auto_approved,RouterGym\results\analysis_outputs\gold_resolution_eval\gold_matched_production_outputs.jsonl
5630,slm_dominant__base_slm1__esc_llm2__mem_rag_bm25,slm_dominant,slm1,llm2,rag_bm25,instance storage size increase re updated instance storage size increase hello please advise additional action done part restarting instance blocks available mounted run run user thanks design lead,Storage,Storage,Storage,"To increase the instance storage size, follow these steps: 1. Confirm current storage usage against assigned quota. 2. If justified, request a quota increase from the storage owner. 3. Document the reason for any quota change and set a review date if needed.","[""Confirm current storage usage"", ""Request quota increase"", ""Document reason for quota change"", ""Set review date if needed""]","The ticket pattern suggests a storage-related issue, specifically the need to increase the instance storage size. The resolution steps are based on KB References 1 and 3.",False,"{""needs_human"": false, ""needs_llm_escalation"": false, ""policy_gap"": false, ""reasons"": []}",,,True,True,True,1216,0.0006079999999999999,1792.1190839260817,0.5641881175836856,6,2,2,1,1,2,1,Acceptable scoring across all dimensions.,System C,Increase Instance Storage Size,"[""1. Verify the current storage usage and quota for the instance."", ""2. Consult with the user to identify and remove unnecessary files or data."", ""3. Apply retention guidelines to manage old or redundant data effectively."", ""4. If necessary, submit a formal request to the storage owner for a quota increase, detailing the business justification."", ""5. Monitor the storage allocation process until completion."", ""6. Update the documentation with the new quota details and schedule a review date."", ""7. Ensure the instance is restarted if required after the storage increase to make the changes effective.""]","[""The instance storage size has been increased according to the request."", ""The user confirms they can access and utilize the additional storage without encountering any errors."", ""The instance restarts successfully after the storage increase, if a restart was necessary.""]",auto_approved,RouterGym\results\analysis_outputs\gold_resolution_eval\gold_matched_production_outputs.jsonl
5630,slm_dominant__base_slm2__esc_llm2__mem_rag_bm25,slm_dominant,slm2,llm2,rag_bm25,instance storage size increase re updated instance storage size increase hello please advise additional action done part restarting instance blocks available mounted run run user thanks design lead,Storage,Storage,Storage,Instance storage increased but issues persist. Check block availability and ensure new size is mounted correctly.,"[""Verify block availability status."", ""Ensure new storage size is mounted."", ""Check for any errors in instance configuration.""]","Ticket involves storage management post-size increase, aligning with KB Reference 3 on storage quota management.",False,"{""needs_human"": false, ""needs_llm_escalation"": false, ""policy_gap"": false, ""reasons"": []}",,,True,True,True,920,0.0006439999999990001,1061.8082750588655,0.5571539066255352,5,2,1,1,0,2,1,Low alignment with gold resolution steps.,System E,Increase Instance Storage Size,"[""1. Verify the current storage usage and quota for the instance."", ""2. Consult with the user to identify and remove unnecessary files or data."", ""3. Apply retention guidelines to manage old or redundant data effectively."", ""4. If necessary, submit a formal request to the storage owner for a quota increase, detailing the business justification."", ""5. Monitor the storage allocation process until completion."", ""6. Update the documentation with the new quota details and schedule a review date."", ""7. Ensure the instance is restarted if required after the storage increase to make the changes effective.""]","[""The instance storage size has been increased according to the request."", ""The user confirms they can access and utilize the additional storage without encountering any errors."", ""The instance restarts successfully after the storage increase, if a restart was necessary.""]",auto_approved,RouterGym\results\analysis_outputs\gold_resolution_eval\gold_matched_production_outputs.jsonl
5630,slm_only__base_slm1__mem_rag_bm25,slm_only,slm1,,rag_bm25,instance storage size increase re updated instance storage size increase hello please advise additional action done part restarting instance blocks available mounted run run user thanks design lead,Storage,Storage,Storage,"To increase the instance storage size, follow these steps: 1. Confirm current storage usage against assigned quota. 2. If justified, request a quota increase from the storage owner. 3. Document the reason for any quota change and set a review date if needed.","[""Confirm current storage usage"", ""Request quota increase"", ""Document reason for quota change"", ""Set review date if needed""]","The ticket pattern suggests a storage-related issue, specifically the need to increase the instance storage size. The resolution steps are based on KB References 1 and 3.",False,"{""needs_human"": false, ""needs_llm_escalation"": false, ""policy_gap"": false, ""reasons"": []}",,,True,True,True,1216,0.0006079999999999999,1768.0378190707415,0.5641881175836856,9,2,2,2,2,2,2,Acceptable scoring across all dimensions.,System A,Increase Instance Storage Size,"[""1. Verify the current storage usage and quota for the instance."", ""2. Consult with the user to identify and remove unnecessary files or data."", ""3. Apply retention guidelines to manage old or redundant data effectively."", ""4. If necessary, submit a formal request to the storage owner for a quota increase, detailing the business justification."", ""5. Monitor the storage allocation process until completion."", ""6. Update the documentation with the new quota details and schedule a review date."", ""7. Ensure the instance is restarted if required after the storage increase to make the changes effective.""]","[""The instance storage size has been increased according to the request."", ""The user confirms they can access and utilize the additional storage without encountering any errors."", ""The instance restarts successfully after the storage increase, if a restart was necessary.""]",auto_approved,RouterGym\results\analysis_outputs\gold_resolution_eval\gold_matched_production_outputs.jsonl
5630,slm_only__base_slm2__mem_rag_bm25,slm_only,slm2,,rag_bm25,instance storage size increase re updated instance storage size increase hello please advise additional action done part restarting instance blocks available mounted run run user thanks design lead,Storage,Storage,Storage,Instance storage increased but issues persist. Check block availability and ensure new size is mounted correctly.,"[""Verify block availability status."", ""Ensure new storage size is mounted."", ""Check for any errors in instance configuration.""]","Ticket involves storage management post-size increase, aligning with KB Reference 3 on storage quota management.",False,"{""needs_human"": false, ""needs_llm_escalation"": false, ""policy_gap"": false, ""reasons"": []}",,,True,True,True,920,0.0006439999999990001,1051.4237829484046,0.5571539066255352,6,2,1,1,0,2,1,Low alignment with gold resolution steps.,System F,Increase Instance Storage Size,"[""1. Verify the current storage usage and quota for the instance."", ""2. Consult with the user to identify and remove unnecessary files or data."", ""3. Apply retention guidelines to manage old or redundant data effectively."", ""4. If necessary, submit a formal request to the storage owner for a quota increase, detailing the business justification."", ""5. Monitor the storage allocation process until completion."", ""6. Update the documentation with the new quota details and schedule a review date."", ""7. Ensure the instance is restarted if required after the storage increase to make the changes effective.""]","[""The instance storage size has been increased according to the request."", ""The user confirms they can access and utilize the additional storage without encountering any errors."", ""The instance restarts successfully after the storage increase, if a restart was necessary.""]",auto_approved,RouterGym\results\analysis_outputs\gold_resolution_eval\gold_matched_production_outputs.jsonl
5797,llm_only__base_llm1__mem_rag_bm25,llm_only,llm1,,rag_bm25,leaver milos panic leave date october location belgrade leaver form panic leave date october location hello leaver form has filled by name panic leaving date october location ad forwarder leaver mailbox did leaver roaming profile did leaver ad rights personal mailbox approver did leaver rights inventory storage required information name work location details floor seat did leaver did leaver token did leaver mobile phone subscription did leaver other commercial accounts leaver has detected changed automatic by approver backup pm purchase coordinator approver approver approver approver discipline responsible other did leaver did leaver did leaver did leaver did leaver number did leaver extension leaving details unplanned comments needed tickets automatically logged best regards note mailbox receive messages,HR Support,HR Support,HR Support,"To process Milos Panic's offboarding, confirm his last working day, disable his accounts, arrange for equipment return, and forward his mailbox. Ensure all steps are documented and approved by HR.","[""Confirm Milos Panic's last working day and offboarding type."", ""Disable his accounts and remove access to all systems."", ""Arrange for the return of his laptop and other equipment."", ""Configure mailbox forwarding as per HR instructions."", ""Document all completion steps and confirm with HR.""]","The request involves standard offboarding procedures for an employee leaving the organization, including account disablement, equipment return, and mailbox forwarding.",False,"{""needs_human"": false, ""needs_llm_escalation"": false, ""policy_gap"": false, ""reasons"": []}",,,True,True,True,1382,0.008291999999999999,4640.046379063278,0.7193249311616471,5,0,1,1,2,2,1,Low category alignment.,System D,Employee Offboarding IT Checklist for Milos Panic,"[""1. Confirm Milos Panic's last working day and offboarding type (resignation, end of contract, termination)."", ""2. Schedule account disablement aligned with HR and legal requirements, ensuring immediate access removal if necessary."", ""3. Arrange for the return of Milos Panic's laptop and other company equipment, updating the asset inventory accordingly."", ""4. Configure mailbox forwarding or delegate access to Milos Panic's mailbox as directed by HR."", ""5. Remove Milos Panic's access to all HR systems, shared drives, and applications."", ""6. Archive Milos Panic's user data (email, OneDrive, project folders) following the organization's retention policy."", ""7. Document all completion steps and confirm with HR that the process is complete."", ""8. Verify that all access requests for Milos Panic have been modified or removed as appropriate.""]","[""Verify that Milos Panic's account is disabled and all access is removed."", ""Confirm that Milos Panic's laptop and other equipment are returned and the asset inventory is updated."", ""Ensure that all access requests for Milos Panic have been appropriately modified or removed.""]",auto_approved,RouterGym\results\analysis_outputs\gold_resolution_eval\gold_matched_production_outputs.jsonl
5797,llm_only__base_llm2__mem_rag_bm25,llm_only,llm2,,rag_bm25,leaver milos panic leave date october location belgrade leaver form panic leave date october location hello leaver form has filled by name panic leaving date october location ad forwarder leaver mailbox did leaver roaming profile did leaver ad rights personal mailbox approver did leaver rights inventory storage required information name work location details floor seat did leaver did leaver token did leaver mobile phone subscription did leaver other commercial accounts leaver has detected changed automatic by approver backup pm purchase coordinator approver approver approver approver discipline responsible other did leaver did leaver did leaver did leaver did leaver number did leaver extension leaving details unplanned comments needed tickets automatically logged best regards note mailbox receive messages,HR Support,HR Support,HR Support,"Milos Panic's offboarding involves disabling access, forwarding mail, updating inventory, and archiving data. Ensure all steps align with HR and legal requirements.","[""Confirm Milos' last working day and offboarding type."", ""Disable access to systems and applications."", ""Forward Milos' email and update asset inventory."", ""Archive user data according to retention policy."", ""Document completion and confirm with HR.""]","This ticket pertains to an employee leaving the organization, requiring standard offboarding procedures including access management and data handling.",False,"{""needs_human"": false, ""needs_llm_escalation"": false, ""policy_gap"": false, ""reasons"": []}",,,True,True,True,1284,0.0038520000000000004,2640.288391849026,0.6873884035832026,5,0,1,1,2,2,1,Low category alignment.,System B,Employee Offboarding IT Checklist for Milos Panic,"[""1. Confirm Milos Panic's last working day and offboarding type (resignation, end of contract, termination)."", ""2. Schedule account disablement aligned with HR and legal requirements, ensuring immediate access removal if necessary."", ""3. Arrange for the return of Milos Panic's laptop and other company equipment, updating the asset inventory accordingly."", ""4. Configure mailbox forwarding or delegate access to Milos Panic's mailbox as directed by HR."", ""5. Remove Milos Panic's access to all HR systems, shared drives, and applications."", ""6. Archive Milos Panic's user data (email, OneDrive, project folders) following the organization's retention policy."", ""7. Document all completion steps and confirm with HR that the process is complete."", ""8. Verify that all access requests for Milos Panic have been modified or removed as appropriate.""]","[""Verify that Milos Panic's account is disabled and all access is removed."", ""Confirm that Milos Panic's laptop and other equipment are returned and the asset inventory is updated."", ""Ensure that all access requests for Milos Panic have been appropriately modified or removed.""]",auto_approved,RouterGym\results\analysis_outputs\gold_resolution_eval\gold_matched_production_outputs.jsonl
5797,slm_dominant__base_slm1__esc_llm2__mem_rag_bm25,slm_dominant,slm1,llm2,rag_bm25,leaver milos panic leave date october location belgrade leaver form panic leave date october location hello leaver form has filled by name panic leaving date october location ad forwarder leaver mailbox did leaver roaming profile did leaver ad rights personal mailbox approver did leaver rights inventory storage required information name work location details floor seat did leaver did leaver token did leaver mobile phone subscription did leaver other commercial accounts leaver has detected changed automatic by approver backup pm purchase coordinator approver approver approver approver discipline responsible other did leaver did leaver did leaver did leaver did leaver number did leaver extension leaving details unplanned comments needed tickets automatically logged best regards note mailbox receive messages,HR Support,HR Support,HR Support,"Milos Panic's offboarding involves disabling access, forwarding mail, updating inventory, and archiving data. Ensure all steps align with HR and legal requirements.","[""Confirm Milos' last working day and offboarding type."", ""Disable access to systems and applications."", ""Forward Milos' mailbox and delegate access if necessary."", ""Update asset inventory for returned equipment."", ""Archive Milos' data according to retention policy.""]","The ticket indicates Milos Panic is leaving in October from Belgrade, requiring standard offboarding procedures including access removal, mail forwarding, and asset inventory updates.",True,"{""needs_human"": false, ""needs_llm_escalation"": true, ""policy_gap"": false, ""reasons"": [""long_ticket""]}",,,True,True,True,2869,0.004672,4088.9141189400107,0.684223923748461,4,0,1,1,2,1,1,Low category alignment.; Unnecessary escalation flagged.,System C,Employee Offboarding IT Checklist for Milos Panic,"[""1. Confirm Milos Panic's last working day and offboarding type (resignation, end of contract, termination)."", ""2. Schedule account disablement aligned with HR and legal requirements, ensuring immediate access removal if necessary."", ""3. Arrange for the return of Milos Panic's laptop and other company equipment, updating the asset inventory accordingly."", ""4. Configure mailbox forwarding or delegate access to Milos Panic's mailbox as directed by HR."", ""5. Remove Milos Panic's access to all HR systems, shared drives, and applications."", ""6. Archive Milos Panic's user data (email, OneDrive, project folders) following the organization's retention policy."", ""7. Document all completion steps and confirm with HR that the process is complete."", ""8. Verify that all access requests for Milos Panic have been modified or removed as appropriate.""]","[""Verify that Milos Panic's account is disabled and all access is removed."", ""Confirm that Milos Panic's laptop and other equipment are returned and the asset inventory is updated."", ""Ensure that all access requests for Milos Panic have been appropriately modified or removed.""]",auto_approved,RouterGym\results\analysis_outputs\gold_resolution_eval\gold_matched_production_outputs.jsonl
5797,slm_dominant__base_slm2__esc_llm2__mem_rag_bm25,slm_dominant,slm2,llm2,rag_bm25,leaver milos panic leave date october location belgrade leaver form panic leave date october location hello leaver form has filled by name panic leaving date october location ad forwarder leaver mailbox did leaver roaming profile did leaver ad rights personal mailbox approver did leaver rights inventory storage required information name work location details floor seat did leaver did leaver token did leaver mobile phone subscription did leaver other commercial accounts leaver has detected changed automatic by approver backup pm purchase coordinator approver approver approver approver discipline responsible other did leaver did leaver did leaver did leaver did leaver number did leaver extension leaving details unplanned comments needed tickets automatically logged best regards note mailbox receive messages,HR Support,HR Support,HR Support,"Milos Panic's offboarding involves disabling access, forwarding mail, updating inventory, and archiving data. Ensure all steps align with HR and legal requirements.","[""Confirm Milos' last working day and offboarding type."", ""Disable access to systems and applications."", ""Forward Milos' email and update asset inventory."", ""Archive user data according to retention policy."", ""Document completion and confirm with HR.""]","This ticket pertains to an employee leaving the organization, requiring standard offboarding procedures including access management and data handling.",True,"{""needs_human"": false, ""needs_llm_escalation"": true, ""policy_gap"": false, ""reasons"": [""long_ticket""]}",,,True,True,True,2545,0.0047347000000000005,3191.6748909279704,0.6873884035832026,4,0,1,1,2,1,1,Low category alignment.; Unnecessary escalation flagged.,System E,Employee Offboarding IT Checklist for Milos Panic,"[""1. Confirm Milos Panic's last working day and offboarding type (resignation, end of contract, termination)."", ""2. Schedule account disablement aligned with HR and legal requirements, ensuring immediate access removal if necessary."", ""3. Arrange for the return of Milos Panic's laptop and other company equipment, updating the asset inventory accordingly."", ""4. Configure mailbox forwarding or delegate access to Milos Panic's mailbox as directed by HR."", ""5. Remove Milos Panic's access to all HR systems, shared drives, and applications."", ""6. Archive Milos Panic's user data (email, OneDrive, project folders) following the organization's retention policy."", ""7. Document all completion steps and confirm with HR that the process is complete."", ""8. Verify that all access requests for Milos Panic have been modified or removed as appropriate.""]","[""Verify that Milos Panic's account is disabled and all access is removed."", ""Confirm that Milos Panic's laptop and other equipment are returned and the asset inventory is updated."", ""Ensure that all access requests for Milos Panic have been appropriately modified or removed.""]",auto_approved,RouterGym\results\analysis_outputs\gold_resolution_eval\gold_matched_production_outputs.jsonl
5797,slm_only__base_slm1__mem_rag_bm25,slm_only,slm1,,rag_bm25,leaver milos panic leave date october location belgrade leaver form panic leave date october location hello leaver form has filled by name panic leaving date october location ad forwarder leaver mailbox did leaver roaming profile did leaver ad rights personal mailbox approver did leaver rights inventory storage required information name work location details floor seat did leaver did leaver token did leaver mobile phone subscription did leaver other commercial accounts leaver has detected changed automatic by approver backup pm purchase coordinator approver approver approver approver discipline responsible other did leaver did leaver did leaver did leaver did leaver number did leaver extension leaving details unplanned comments needed tickets automatically logged best regards note mailbox receive messages,HR Support,HR Support,HR Support,"We will process the offboarding for employee Milos. This includes disabling access, mail forwarding, removing access to HR systems, shared drives, and applications, archiving user data, and documenting the completion steps.","[""Confirm last working day and offboarding type"", ""Schedule account disablement"", ""Arrange laptop/equipment return and update asset inventory"", ""Configure mailbox forwarding or delegate access"", ""Remove access to HR systems, shared drives, and applications""]","The ticket contains information about an employee leaving the organization, requiring IT offboarding steps to be taken.",False,"{""needs_human"": false, ""needs_llm_escalation"": false, ""policy_gap"": false, ""reasons"": []}",,,True,True,True,1574,0.0007869999999999999,1928.6803090944886,0.6908030703727134,5,0,1,1,2,2,1,Low category alignment.,System A,Employee Offboarding IT Checklist for Milos Panic,"[""1. Confirm Milos Panic's last working day and offboarding type (resignation, end of contract, termination)."", ""2. Schedule account disablement aligned with HR and legal requirements, ensuring immediate access removal if necessary."", ""3. Arrange for the return of Milos Panic's laptop and other company equipment, updating the asset inventory accordingly."", ""4. Configure mailbox forwarding or delegate access to Milos Panic's mailbox as directed by HR."", ""5. Remove Milos Panic's access to all HR systems, shared drives, and applications."", ""6. Archive Milos Panic's user data (email, OneDrive, project folders) following the organization's retention policy."", ""7. Document all completion steps and confirm with HR that the process is complete."", ""8. Verify that all access requests for Milos Panic have been modified or removed as appropriate.""]","[""Verify that Milos Panic's account is disabled and all access is removed."", ""Confirm that Milos Panic's laptop and other equipment are returned and the asset inventory is updated."", ""Ensure that all access requests for Milos Panic have been appropriately modified or removed.""]",auto_approved,RouterGym\results\analysis_outputs\gold_resolution_eval\gold_matched_production_outputs.jsonl
5797,slm_only__base_slm2__mem_rag_bm25,slm_only,slm2,,rag_bm25,leaver milos panic leave date october location belgrade leaver form panic leave date october location hello leaver form has filled by name panic leaving date october location ad forwarder leaver mailbox did leaver roaming profile did leaver ad rights personal mailbox approver did leaver rights inventory storage required information name work location details floor seat did leaver did leaver token did leaver mobile phone subscription did leaver other commercial accounts leaver has detected changed automatic by approver backup pm purchase coordinator approver approver approver approver discipline responsible other did leaver did leaver did leaver did leaver did leaver number did leaver extension leaving details unplanned comments needed tickets automatically logged best regards note mailbox receive messages,HR Support,HR Support,HR Support,"Milos Panic is leaving the organization. The process includes disabling his account, removing access, and archiving data according to HR guidelines.","[""Confirm last working day and offboarding type."", ""Disable account and remove access."", ""Archive user data as per retention policy."", ""Document completion steps and confirm with HR.""]",This request aligns with standard HR offboarding procedures for employees leaving the organization.,False,"{""needs_human"": false, ""needs_llm_escalation"": false, ""policy_gap"": false, ""reasons"": []}",,,True,True,True,1261,0.0008826999999990001,1245.7937160506845,0.6672539177034768,4,0,0,1,2,2,1,Low category alignment.; Answer lacks actionable steps.,System F,Employee Offboarding IT Checklist for Milos Panic,"[""1. Confirm Milos Panic's last working day and offboarding type (resignation, end of contract, termination)."", ""2. Schedule account disablement aligned with HR and legal requirements, ensuring immediate access removal if necessary."", ""3. Arrange for the return of Milos Panic's laptop and other company equipment, updating the asset inventory accordingly."", ""4. Configure mailbox forwarding or delegate access to Milos Panic's mailbox as directed by HR."", ""5. Remove Milos Panic's access to all HR systems, shared drives, and applications."", ""6. Archive Milos Panic's user data (email, OneDrive, project folders) following the organization's retention policy."", ""7. Document all completion steps and confirm with HR that the process is complete."", ""8. Verify that all access requests for Milos Panic have been modified or removed as appropriate.""]","[""Verify that Milos Panic's account is disabled and all access is removed."", ""Confirm that Milos Panic's laptop and other equipment are returned and the asset inventory is updated."", ""Ensure that all access requests for Milos Panic have been appropriately modified or removed.""]",auto_approved,RouterGym\results\analysis_outputs\gold_resolution_eval\gold_matched_production_outputs.jsonl
5887,llm_only__base_llm1__mem_rag_bm25,llm_only,llm1,,rag_bm25,new starter re hi please find attached filled form thursday october hello please fill date thank,HR Support,HR Support,HR Support,"The new starter's form is attached. Please confirm the start date and ensure all necessary forms are completed. If there are any issues, contact HR support for further assistance.","[""Verify the start date from the attached form."", ""Confirm all necessary forms are completed and signed."", ""Ensure the new starter has access to all required systems and equipment."", ""Share 'Getting Started' instructions with the new starter and their manager.""]","The request involves a new starter and mentions a form, indicating it's related to HR onboarding. The form needs to be reviewed and the start date confirmed.",False,"{""needs_human"": false, ""needs_llm_escalation"": false, ""policy_gap"": false, ""reasons"": []}",,,True,True,True,1130,0.0067800000000000004,4407.5635799672455,0.6946225662211044,6,2,1,1,2,2,1,Acceptable scoring across all dimensions.,System D,New starter onboarding IT setup,"[""Verify the identity of the new starter and the accuracy of the HR onboarding request, including start date and role."", ""Create core accounts (AD, email, SSO) with the correct department and manager details confirmed from HR."", ""Provision the standard hardware kit appropriate for the role and confirm logistics for shipping or pickup."", ""Assign default application, HR system, and folder access based on the role profile, ensuring no duplicate access."", ""Test the login functionality for email, HR portal, and time-reporting systems before the handover to the new starter."", ""Share detailed 'Getting Started' instructions with both the manager and the new starter."", ""Update the ticket with all completed steps and any remaining follow-ups, including the date of completion.""]","[""All core accounts are created and verified as functional."", ""The new starter has received and confirmed receipt of the 'Getting Started' instructions.""]",auto_approved,RouterGym\results\analysis_outputs\gold_resolution_eval\gold_matched_production_outputs.jsonl
5887,llm_only__base_llm2__mem_rag_bm25,llm_only,llm2,,rag_bm25,new starter re hi please find attached filled form thursday october hello please fill date thank,HR Support,HR Support,HR Support,This appears to be a request related to new employee onboarding. The sender has attached a partially filled form and needs assistance with completing the date field. This task falls under HR support for new starter onboarding.,"[""Verify the start date and role from HR onboarding request."", ""Complete the date field in the attached form."", ""Confirm core accounts (AD/email/SSO) creation."", ""Assign default application and HR system access."", ""Test login to email and HR portal.""]","The message indicates that a new starter's onboarding form requires completion, specifically the date field. Given the context of new starter onboarding and the need for HR support, this ticket aligns with HR Support category.",False,"{""needs_human"": false, ""needs_llm_escalation"": false, ""policy_gap"": false, ""reasons"": []}",,,True,True,True,1084,0.0032519999999999997,2692.5420579500496,0.7016972031785799,6,2,1,1,2,2,1,Acceptable scoring across all dimensions.,System B,New starter onboarding IT setup,"[""Verify the identity of the new starter and the accuracy of the HR onboarding request, including start date and role."", ""Create core accounts (AD, email, SSO) with the correct department and manager details confirmed from HR."", ""Provision the standard hardware kit appropriate for the role and confirm logistics for shipping or pickup."", ""Assign default application, HR system, and folder access based on the role profile, ensuring no duplicate access."", ""Test the login functionality for email, HR portal, and time-reporting systems before the handover to the new starter."", ""Share detailed 'Getting Started' instructions with both the manager and the new starter."", ""Update the ticket with all completed steps and any remaining follow-ups, including the date of completion.""]","[""All core accounts are created and verified as functional."", ""The new starter has received and confirmed receipt of the 'Getting Started' instructions.""]",auto_approved,RouterGym\results\analysis_outputs\gold_resolution_eval\gold_matched_production_outputs.jsonl
5887,slm_dominant__base_slm1__esc_llm2__mem_rag_bm25,slm_dominant,slm1,llm2,rag_bm25,new starter re hi please find attached filled form thursday october hello please fill date thank,HR Support,HR Support,HR Support,"We've received your new starter's filled form for Thursday October. To ensure they have the correct accounts, equipment, and access on day one, we'll follow the New Employee Onboarding IT Checklist. Here are the steps we'll take: 1. Verify start date and role from the HR onboarding request. 2. Confirm core accounts (AD/email/SSO) have been created with the right department and manager. 3. Provision standard hardware kit and confirm shipping or pickup details. 4. Assign default application, HR system, and folder access based on role profile. 5. Test login to email, HR portal, and time-reporting before handover.","[""Verify start date and role from the HR onboarding request."", ""Confirm core accounts (AD/email/SSO) have been created with the right department and manager."", ""Provision standard hardware kit and confirm shipping or pickup details."", ""Assign default application, HR system, and folder access based on role profile."", ""Test login to email, HR portal, and time-reporting before handover.""]","The ticket pattern matches the New Employee Onboarding IT Checklist, which ensures new starters have the correct accounts, equipment, and access on day one.",False,"{""needs_human"": false, ""needs_llm_escalation"": false, ""policy_gap"": false, ""reasons"": []}",,,True,True,True,1454,0.000727,2664.180252002552,0.7799041168985082,6,0,2,0,2,2,2,Low category alignment.; Misses key requirements from gold summary/criteria.,System C,New starter onboarding IT setup,"[""Verify the identity of the new starter and the accuracy of the HR onboarding request, including start date and role."", ""Create core accounts (AD, email, SSO) with the correct department and manager details confirmed from HR."", ""Provision the standard hardware kit appropriate for the role and confirm logistics for shipping or pickup."", ""Assign default application, HR system, and folder access based on the role profile, ensuring no duplicate access."", ""Test the login functionality for email, HR portal, and time-reporting systems before the handover to the new starter."", ""Share detailed 'Getting Started' instructions with both the manager and the new starter."", ""Update the ticket with all completed steps and any remaining follow-ups, including the date of completion.""]","[""All core accounts are created and verified as functional."", ""The new starter has received and confirmed receipt of the 'Getting Started' instructions.""]",auto_approved,RouterGym\results\analysis_outputs\gold_resolution_eval\gold_matched_production_outputs.jsonl
5887,slm_dominant__base_slm2__esc_llm2__mem_rag_bm25,slm_dominant,slm2,llm2,rag_bm25,new starter re hi please find attached filled form thursday october hello please fill date thank,HR Support,HR Support,HR Support,The new starter needs the form completed with the current date for onboarding purposes.,"[""Verify the current date."", ""Fill out the form with the correct date."", ""Submit the form for review.""]",This request pertains to ensuring the new employee's onboarding process is complete and accurate.,False,"{""needs_human"": false, ""needs_llm_escalation"": false, ""policy_gap"": false, ""reasons"": []}",,,True,True,True,1001,0.0007007,1046.1531050968915,0.63311714003073,3,0,0,1,1,2,1,Low category alignment.; Answer lacks actionable steps.; Very short answer.,System E,New starter onboarding IT setup,"[""Verify the identity of the new starter and the accuracy of the HR onboarding request, including start date and role."", ""Create core accounts (AD, email, SSO) with the correct department and manager details confirmed from HR."", ""Provision the standard hardware kit appropriate for the role and confirm logistics for shipping or pickup."", ""Assign default application, HR system, and folder access based on the role profile, ensuring no duplicate access."", ""Test the login functionality for email, HR portal, and time-reporting systems before the handover to the new starter."", ""Share detailed 'Getting Started' instructions with both the manager and the new starter."", ""Update the ticket with all completed steps and any remaining follow-ups, including the date of completion.""]","[""All core accounts are created and verified as functional."", ""The new starter has received and confirmed receipt of the 'Getting Started' instructions.""]",auto_approved,RouterGym\results\analysis_outputs\gold_resolution_eval\gold_matched_production_outputs.jsonl
5887,slm_only__base_slm1__mem_rag_bm25,slm_only,slm1,,rag_bm25,new starter re hi please find attached filled form thursday october hello please fill date thank,HR Support,HR Support,HR Support,"We've received your new starter's filled form for Thursday October. To ensure they have the correct accounts, equipment, and access on day one, we'll follow the New Employee Onboarding IT Checklist. Here are the steps we'll take: 1. Verify start date and role from the HR onboarding request. 2. Confirm core accounts (AD/email/SSO) have been created with the right department and manager. 3. Provision standard hardware kit and confirm shipping or pickup details. 4. Assign default application, HR system, and folder access based on role profile. 5. Test login to email, HR portal, and time-reporting before handover.","[""Verify start date and role from the HR onboarding request."", ""Confirm core accounts (AD/email/SSO) have been created with the right department and manager."", ""Provision standard hardware kit and confirm shipping or pickup details."", ""Assign default application, HR system, and folder access based on role profile."", ""Test login to email, HR portal, and time-reporting before handover.""]","The ticket pattern matches the New Employee Onboarding IT Checklist, which ensures new starters have the correct accounts, equipment, and access on day one.",False,"{""needs_human"": false, ""needs_llm_escalation"": false, ""policy_gap"": false, ""reasons"": []}",,,True,True,True,1454,0.000727,2703.0728310346603,0.7799041168985082,6,0,2,0,2,2,2,Low category alignment.; Misses key requirements from gold summary/criteria.,System A,New starter onboarding IT setup,"[""Verify the identity of the new starter and the accuracy of the HR onboarding request, including start date and role."", ""Create core accounts (AD, email, SSO) with the correct department and manager details confirmed from HR."", ""Provision the standard hardware kit appropriate for the role and confirm logistics for shipping or pickup."", ""Assign default application, HR system, and folder access based on the role profile, ensuring no duplicate access."", ""Test the login functionality for email, HR portal, and time-reporting systems before the handover to the new starter."", ""Share detailed 'Getting Started' instructions with both the manager and the new starter."", ""Update the ticket with all completed steps and any remaining follow-ups, including the date of completion.""]","[""All core accounts are created and verified as functional."", ""The new starter has received and confirmed receipt of the 'Getting Started' instructions.""]",auto_approved,RouterGym\results\analysis_outputs\gold_resolution_eval\gold_matched_production_outputs.jsonl
5887,slm_only__base_slm2__mem_rag_bm25,slm_only,slm2,,rag_bm25,new starter re hi please find attached filled form thursday october hello please fill date thank,HR Support,HR Support,HR Support,The new starter needs the form completed with the current date for onboarding purposes.,"[""Verify the current date."", ""Fill out the form with the correct date."", ""Submit the form for review.""]",This request pertains to ensuring the new employee's onboarding process is complete and accurate.,False,"{""needs_human"": false, ""needs_llm_escalation"": false, ""policy_gap"": false, ""reasons"": []}",,,True,True,True,1001,0.0007007,1055.612845113501,0.63311714003073,3,0,0,1,1,2,1,Low category alignment.; Answer lacks actionable steps.; Very short answer.,System F,New starter onboarding IT setup,"[""Verify the identity of the new starter and the accuracy of the HR onboarding request, including start date and role."", ""Create core accounts (AD, email, SSO) with the correct department and manager details confirmed from HR."", ""Provision the standard hardware kit appropriate for the role and confirm logistics for shipping or pickup."", ""Assign default application, HR system, and folder access based on the role profile, ensuring no duplicate access."", ""Test the login functionality for email, HR portal, and time-reporting systems before the handover to the new starter."", ""Share detailed 'Getting Started' instructions with both the manager and the new starter."", ""Update the ticket with all completed steps and any remaining follow-ups, including the date of completion.""]","[""All core accounts are created and verified as functional."", ""The new starter has received and confirmed receipt of the 'Getting Started' instructions.""]",auto_approved,RouterGym\results\analysis_outputs\gold_resolution_eval\gold_matched_production_outputs.jsonl
5912,llm_only__base_llm1__mem_rag_bm25,llm_only,llm1,,rag_bm25,new purchase po allocation purchase po dear purchased inch dual core intel core please log allocation please log retrieve old device kind regards administrator,Purchase,Purchase,Purchase,"To allocate a new purchase order for a dual-core Intel Core device, verify the requester's access to the procurement system, check the PO status, ensure correct details are selected, and guide the user through fixing any validation errors. Once approved, share the PO number with the requester.","[""Verify the requester has access to the procurement system."", ""Check the PO status and ensure correct details are selected."", ""Guide the user through fixing any validation errors and resubmitting."", ""Confirm PO approval and share the PO number with the requester.""]","The request involves creating and allocating a new purchase order for a specific device, which falls under the purchase order workflow.",False,"{""needs_human"": false, ""needs_llm_escalation"": false, ""policy_gap"": false, ""reasons"": []}",,,True,True,True,1054,0.006324000000000001,4668.543840991333,0.7095254060553546,7,2,1,1,2,2,2,Acceptable scoring across all dimensions.,System D,Allocate and log new purchase PO for Intel Core device,"[""Verify that the requester has access to the procurement system."", ""Check the status of the purchase order (PO) to ensure it is not stuck in a pending state."", ""Ensure the correct cost centre, GL code, and approved vendor are selected for the Intel Core device."", ""Guide the user through fixing any validation errors and resubmitting the PO."", ""Confirm PO approval and share the PO number with the requester."", ""Retrieve and log details of the old device being replaced, if applicable."", ""Follow up to confirm that the new device has been ordered and the old device's disposition is documented.""]","[""The PO is successfully allocated and logged in the procurement system."", ""The requester confirms receipt of the PO number and understands the status of their request."", ""Documentation of the old device's retrieval or replacement process is completed.""]",auto_approved,RouterGym\results\analysis_outputs\gold_resolution_eval\gold_matched_production_outputs.jsonl
5912,llm_only__base_llm2__mem_rag_bm25,llm_only,llm2,,rag_bm25,new purchase po allocation purchase po dear purchased inch dual core intel core please log allocation please log retrieve old device kind regards administrator,Purchase,Purchase,Purchase,"To allocate a new purchase order for a dual-core Intel processor, verify your access to the procurement system, check the PO status, ensure correct details, and submit the PO. Log the allocation accordingly.","[""Verify access to procurement system."", ""Check PO status and details."", ""Ensure correct cost center and vendor."", ""Submit PO and log allocation."", ""Notify vendor upon approval.""]","The request involves creating and allocating a new purchase order for specific hardware, which aligns with the purchase category in our knowledge base.",False,"{""needs_human"": false, ""needs_llm_escalation"": false, ""policy_gap"": false, ""reasons"": []}",,,True,True,True,955,0.002865,2208.90343002975,0.5893330509994934,7,2,1,2,2,2,2,Acceptable scoring across all dimensions.,System B,Allocate and log new purchase PO for Intel Core device,"[""Verify that the requester has access to the procurement system."", ""Check the status of the purchase order (PO) to ensure it is not stuck in a pending state."", ""Ensure the correct cost centre, GL code, and approved vendor are selected for the Intel Core device."", ""Guide the user through fixing any validation errors and resubmitting the PO."", ""Confirm PO approval and share the PO number with the requester."", ""Retrieve and log details of the old device being replaced, if applicable."", ""Follow up to confirm that the new device has been ordered and the old device's disposition is documented.""]","[""The PO is successfully allocated and logged in the procurement system."", ""The requester confirms receipt of the PO number and understands the status of their request."", ""Documentation of the old device's retrieval or replacement process is completed.""]",auto_approved,RouterGym\results\analysis_outputs\gold_resolution_eval\gold_matched_production_outputs.jsonl
5912,slm_dominant__base_slm1__esc_llm2__mem_rag_bm25,slm_dominant,slm1,llm2,rag_bm25,new purchase po allocation purchase po dear purchased inch dual core intel core please log allocation please log retrieve old device kind regards administrator,Purchase,Purchase,Purchase,"To allocate a new purchase PO and retrieve an old device, follow these steps: 1. Create a new PO in the procurement system. 2. Attach the old device to the PO. 3. Route the PO for approval. 4. Once approved, confirm the PO number with the requester. 5. Retrieve the old device and assign it to the new PO.","[""Create a new PO"", ""Attach old device to PO"", ""Route PO for approval"", ""Confirm PO number"", ""Retrieve old device""]","The request involves creating a new purchase order and retrieving an old device, which falls under the Purchase Order Workflow and Vendor Quotation and Approval Steps.",False,"{""needs_human"": false, ""needs_llm_escalation"": false, ""policy_gap"": false, ""reasons"": []}",,,True,True,True,1246,0.0006230000000000001,1996.0412390064448,0.5568296943007688,8,2,2,1,2,2,2,Acceptable scoring across all dimensions.,System C,Allocate and log new purchase PO for Intel Core device,"[""Verify that the requester has access to the procurement system."", ""Check the status of the purchase order (PO) to ensure it is not stuck in a pending state."", ""Ensure the correct cost centre, GL code, and approved vendor are selected for the Intel Core device."", ""Guide the user through fixing any validation errors and resubmitting the PO."", ""Confirm PO approval and share the PO number with the requester."", ""Retrieve and log details of the old device being replaced, if applicable."", ""Follow up to confirm that the new device has been ordered and the old device's disposition is documented.""]","[""The PO is successfully allocated and logged in the procurement system."", ""The requester confirms receipt of the PO number and understands the status of their request."", ""Documentation of the old device's retrieval or replacement process is completed.""]",auto_approved,RouterGym\results\analysis_outputs\gold_resolution_eval\gold_matched_production_outputs.jsonl
5912,slm_dominant__base_slm2__esc_llm2__mem_rag_bm25,slm_dominant,slm2,llm2,rag_bm25,new purchase po allocation purchase po dear purchased inch dual core intel core please log allocation please log retrieve old device kind regards administrator,Purchase,Purchase,Purchase,"The ticket involves creating a new purchase order for a specific IT item, which aligns with the typical patterns described in the KB references related to purchase order workflows and vendor quotation processes.","[""Verify access to procurement system."", ""Check PO status and ensure correct details are entered."", ""Guide through fixing any validation errors and resubmitting."", ""Confirm PO approval and share PO number.""]","The request mentions a new purchase and specifies a particular IT item, indicating it falls under the purchase category and requires allocation through the procurement system.",False,"{""needs_human"": false, ""needs_llm_escalation"": false, ""policy_gap"": false, ""reasons"": []}",,,True,True,True,956,0.0006692,1345.1111188624054,0.6490943759857781,6,2,1,1,2,2,1,Acceptable scoring across all dimensions.,System E,Allocate and log new purchase PO for Intel Core device,"[""Verify that the requester has access to the procurement system."", ""Check the status of the purchase order (PO) to ensure it is not stuck in a pending state."", ""Ensure the correct cost centre, GL code, and approved vendor are selected for the Intel Core device."", ""Guide the user through fixing any validation errors and resubmitting the PO."", ""Confirm PO approval and share the PO number with the requester."", ""Retrieve and log details of the old device being replaced, if applicable."", ""Follow up to confirm that the new device has been ordered and the old device's disposition is documented.""]","[""The PO is successfully allocated and logged in the procurement system."", ""The requester confirms receipt of the PO number and understands the status of their request."", ""Documentation of the old device's retrieval or replacement process is completed.""]",auto_approved,RouterGym\results\analysis_outputs\gold_resolution_eval\gold_matched_production_outputs.jsonl
5912,slm_only__base_slm1__mem_rag_bm25,slm_only,slm1,,rag_bm25,new purchase po allocation purchase po dear purchased inch dual core intel core please log allocation please log retrieve old device kind regards administrator,Purchase,Purchase,Purchase,"To allocate a new purchase PO and retrieve an old device, follow these steps: 1. Create a new PO in the procurement system. 2. Attach the old device to the PO. 3. Route the PO for approval. 4. Once approved, confirm the PO number with the requester. 5. Retrieve the old device and assign it to the new PO.","[""Create a new PO"", ""Attach old device to PO"", ""Route PO for approval"", ""Confirm PO number"", ""Retrieve old device""]","The request involves creating a new purchase order and retrieving an old device, which falls under the Purchase Order Workflow and Vendor Quotation and Approval Steps.",False,"{""needs_human"": false, ""needs_llm_escalation"": false, ""policy_gap"": false, ""reasons"": []}",,,True,True,True,1246,0.0006230000000000001,1958.8494191411883,0.5568296943007688,8,2,2,1,2,2,2,Acceptable scoring across all dimensions.,System A,Allocate and log new purchase PO for Intel Core device,"[""Verify that the requester has access to the procurement system."", ""Check the status of the purchase order (PO) to ensure it is not stuck in a pending state."", ""Ensure the correct cost centre, GL code, and approved vendor are selected for the Intel Core device."", ""Guide the user through fixing any validation errors and resubmitting the PO."", ""Confirm PO approval and share the PO number with the requester."", ""Retrieve and log details of the old device being replaced, if applicable."", ""Follow up to confirm that the new device has been ordered and the old device's disposition is documented.""]","[""The PO is successfully allocated and logged in the procurement system."", ""The requester confirms receipt of the PO number and understands the status of their request."", ""Documentation of the old device's retrieval or replacement process is completed.""]",auto_approved,RouterGym\results\analysis_outputs\gold_resolution_eval\gold_matched_production_outputs.jsonl
5912,slm_only__base_slm2__mem_rag_bm25,slm_only,slm2,,rag_bm25,new purchase po allocation purchase po dear purchased inch dual core intel core please log allocation please log retrieve old device kind regards administrator,Purchase,Purchase,Purchase,"The ticket involves creating a new purchase order for a specific IT item, which aligns with the typical patterns described in the KB references related to purchase order workflows and vendor quotation processes.","[""Verify access to procurement system."", ""Check PO status and ensure correct details are entered."", ""Guide through fixing any validation errors and resubmitting."", ""Confirm PO approval and share PO number.""]","The request mentions a new purchase and specifies a particular IT item, indicating it falls under the purchase category and requires allocation through the procurement system.",False,"{""needs_human"": false, ""needs_llm_escalation"": false, ""policy_gap"": false, ""reasons"": []}",,,True,True,True,956,0.0006692,1349.6939709875733,0.6490943759857781,6,2,1,1,2,2,1,Acceptable scoring across all dimensions.,System F,Allocate and log new purchase PO for Intel Core device,"[""Verify that the requester has access to the procurement system."", ""Check the status of the purchase order (PO) to ensure it is not stuck in a pending state."", ""Ensure the correct cost centre, GL code, and approved vendor are selected for the Intel Core device."", ""Guide the user through fixing any validation errors and resubmitting the PO."", ""Confirm PO approval and share the PO number with the requester."", ""Retrieve and log details of the old device being replaced, if applicable."", ""Follow up to confirm that the new device has been ordered and the old device's disposition is documented.""]","[""The PO is successfully allocated and logged in the procurement system."", ""The requester confirms receipt of the PO number and understands the status of their request."", ""Documentation of the old device's retrieval or replacement process is completed.""]",auto_approved,RouterGym\results\analysis_outputs\gold_resolution_eval\gold_matched_production_outputs.jsonl
5996,llm_only__base_llm1__mem_rag_bm25,llm_only,llm1,,rag_bm25,folder folder hello please replicate debtors folder he going responsible germany starting thank accountant,Storage,Storage,Storage,"To replicate the debtors folder and assign responsibility to the accountant in Germany, follow these steps: Confirm the folder path and parent folder. Review current permissions and apply necessary changes. Ensure inheritance settings are correct. Ask the accountant to test access from their workstation.","[""Confirm the path of the debtors folder and the parent folder."", ""Review current ACLs or permission groups for the debtors folder."", ""Apply necessary changes to permissions to assign responsibility to the accountant."", ""Ensure inheritance settings are correct to avoid breaking other folders."", ""Ask the accountant to re-test access from their normal workstation.""]","The request involves replicating a folder and assigning permissions, which falls under file permissions management.",False,"{""needs_human"": false, ""needs_llm_escalation"": false, ""policy_gap"": false, ""reasons"": []}",,,True,True,True,1054,0.006324000000000001,4863.819872960448,0.7230770202640692,5,0,1,1,2,2,2,Low category alignment.,System D,Replicate debtors folder for accountant in Germany,"[""Confirm the exact path and parent folder of the debtors folder."", ""Identify the business owner responsible for the debtors folder."", ""Review current Access Control Lists (ACLs) or permission groups associated with the debtors folder."", ""Apply least-privilege changes to replicate the folder, ensuring that the accountant has the appropriate level of access."", ""Verify that inheritance settings are correct to prevent unintended access or restrictions on other folders."", ""Create the replicated folder and apply the same permissions as the original."", ""Ask the user to test access from their normal workstation and confirm functionality.""]","[""The accountant can access the replicated debtors folder without issues."", ""Folder permissions are correctly set and match those of the original folder, ensuring proper inheritance settings.""]",auto_approved,RouterGym\results\analysis_outputs\gold_resolution_eval\gold_matched_production_outputs.jsonl
5996,llm_only__base_llm2__mem_rag_bm25,llm_only,llm2,,rag_bm25,folder folder hello please replicate debtors folder he going responsible germany starting thank accountant,Storage,Storage,Storage,"To replicate the debtors folder, confirm its path and business owner, then create a new folder with the same structure and contents. Ensure proper permissions are set for all users who need access.","[""Confirm folder path and business owner."", ""Create a new folder with the same name."", ""Copy all contents into the new folder."", ""Set appropriate permissions for users."", ""Ask user to verify access.""]","The request is about replicating a specific folder, which aligns with file management tasks related to storage. The provided knowledge base offers guidance on managing file permissions and access.",False,"{""needs_human"": false, ""needs_llm_escalation"": false, ""policy_gap"": false, ""reasons"": []}",,,True,True,True,945,0.002835,2718.3130430057645,0.6254133802711676,5,2,1,1,1,2,1,Acceptable scoring across all dimensions.,System B,Replicate debtors folder for accountant in Germany,"[""Confirm the exact path and parent folder of the debtors folder."", ""Identify the business owner responsible for the debtors folder."", ""Review current Access Control Lists (ACLs) or permission groups associated with the debtors folder."", ""Apply least-privilege changes to replicate the folder, ensuring that the accountant has the appropriate level of access."", ""Verify that inheritance settings are correct to prevent unintended access or restrictions on other folders."", ""Create the replicated folder and apply the same permissions as the original."", ""Ask the user to test access from their normal workstation and confirm functionality.""]","[""The accountant can access the replicated debtors folder without issues."", ""Folder permissions are correctly set and match those of the original folder, ensuring proper inheritance settings.""]",auto_approved,RouterGym\results\analysis_outputs\gold_resolution_eval\gold_matched_production_outputs.jsonl
5996,slm_dominant__base_slm1__esc_llm2__mem_rag_bm25,slm_dominant,slm1,llm2,rag_bm25,folder folder hello please replicate debtors folder he going responsible germany starting thank accountant,Storage,Storage,Storage,"To replicate the deleted 'debtors' folder, follow these steps: 1. Confirm the folder path and approximate deletion time. 2. Check the recycle bin or snapshot functionality on the file server/NAS. 3. Restore the 'debtors' folder from the relevant snapshot. 4. Place the restored folder in a clearly named '_Restored_<date>' folder. 5. Advise the user to review and reorganize the restored content.","[""Confirm folder path and approximate deletion time"", ""Check recycle bin or snapshot functionality"", ""Restore 'debtors' folder"", ""Place restored folder in '_Restored_<date>'"", ""Advise user to review and reorganize content""]","The request involves recovering a deleted folder from shared storage, which is a common storage operation.",False,"{""needs_human"": false, ""needs_llm_escalation"": false, ""policy_gap"": false, ""reasons"": []}",,,True,True,True,1256,0.000628,2048.560864990577,0.5970365125911385,6,2,2,0,1,2,1,Misses key requirements from gold summary/criteria.,System C,Replicate debtors folder for accountant in Germany,"[""Confirm the exact path and parent folder of the debtors folder."", ""Identify the business owner responsible for the debtors folder."", ""Review current Access Control Lists (ACLs) or permission groups associated with the debtors folder."", ""Apply least-privilege changes to replicate the folder, ensuring that the accountant has the appropriate level of access."", ""Verify that inheritance settings are correct to prevent unintended access or restrictions on other folders."", ""Create the replicated folder and apply the same permissions as the original."", ""Ask the user to test access from their normal workstation and confirm functionality.""]","[""The accountant can access the replicated debtors folder without issues."", ""Folder permissions are correctly set and match those of the original folder, ensuring proper inheritance settings.""]",auto_approved,RouterGym\results\analysis_outputs\gold_resolution_eval\gold_matched_production_outputs.jsonl
5996,slm_dominant__base_slm2__esc_llm2__mem_rag_bm25,slm_dominant,slm2,llm2,rag_bm25,folder folder hello please replicate debtors folder he going responsible germany starting thank accountant,Storage,Storage,Storage,"The request involves setting up and managing a new folder structure, likely related to file permissions and access control for the debtors data in Germany.","[""Confirm path and business owner for the debtors folder."", ""Review and update current folder permissions."", ""Assign responsibility to the designated accountant."", ""Test access from the accountant's workstation.""]","The request mentions replicating a folder and assigning responsibility, which aligns with storage management and file permissions issues.",False,"{""needs_human"": false, ""needs_llm_escalation"": false, ""policy_gap"": false, ""reasons"": []}",,,True,True,True,926,0.0006481999999990001,1224.7696639969945,0.6596413875428283,6,2,1,1,2,2,1,Acceptable scoring across all dimensions.,System E,Replicate debtors folder for accountant in Germany,"[""Confirm the exact path and parent folder of the debtors folder."", ""Identify the business owner responsible for the debtors folder."", ""Review current Access Control Lists (ACLs) or permission groups associated with the debtors folder."", ""Apply least-privilege changes to replicate the folder, ensuring that the accountant has the appropriate level of access."", ""Verify that inheritance settings are correct to prevent unintended access or restrictions on other folders."", ""Create the replicated folder and apply the same permissions as the original."", ""Ask the user to test access from their normal workstation and confirm functionality.""]","[""The accountant can access the replicated debtors folder without issues."", ""Folder permissions are correctly set and match those of the original folder, ensuring proper inheritance settings.""]",auto_approved,RouterGym\results\analysis_outputs\gold_resolution_eval\gold_matched_production_outputs.jsonl
5996,slm_only__base_slm1__mem_rag_bm25,slm_only,slm1,,rag_bm25,folder folder hello please replicate debtors folder he going responsible germany starting thank accountant,Storage,Storage,Storage,"To replicate the deleted 'debtors' folder, follow these steps: 1. Confirm the folder path and approximate deletion time. 2. Check the recycle bin or snapshot functionality on the file server/NAS. 3. Restore the 'debtors' folder from the relevant snapshot. 4. Place the restored folder in a clearly named '_Restored_<date>' folder. 5. Advise the user to review and reorganize the restored content.","[""Confirm folder path and approximate deletion time"", ""Check recycle bin or snapshot functionality"", ""Restore 'debtors' folder"", ""Place restored folder in '_Restored_<date>'"", ""Advise user to review and reorganize content""]","The request involves recovering a deleted folder from shared storage, which is a common storage operation.",False,"{""needs_human"": false, ""needs_llm_escalation"": false, ""policy_gap"": false, ""reasons"": []}",,,True,True,True,1256,0.000628,2081.892488989979,0.5970365125911385,6,2,2,0,1,2,1,Misses key requirements from gold summary/criteria.,System A,Replicate debtors folder for accountant in Germany,"[""Confirm the exact path and parent folder of the debtors folder."", ""Identify the business owner responsible for the debtors folder."", ""Review current Access Control Lists (ACLs) or permission groups associated with the debtors folder."", ""Apply least-privilege changes to replicate the folder, ensuring that the accountant has the appropriate level of access."", ""Verify that inheritance settings are correct to prevent unintended access or restrictions on other folders."", ""Create the replicated folder and apply the same permissions as the original."", ""Ask the user to test access from their normal workstation and confirm functionality.""]","[""The accountant can access the replicated debtors folder without issues."", ""Folder permissions are correctly set and match those of the original folder, ensuring proper inheritance settings.""]",auto_approved,RouterGym\results\analysis_outputs\gold_resolution_eval\gold_matched_production_outputs.jsonl
5996,slm_only__base_slm2__mem_rag_bm25,slm_only,slm2,,rag_bm25,folder folder hello please replicate debtors folder he going responsible germany starting thank accountant,Storage,Storage,Storage,"The request involves setting up and managing a new folder structure, likely related to file permissions and access control for the debtors data in Germany.","[""Confirm path and business owner for the debtors folder."", ""Review and update current folder permissions."", ""Assign responsibility to the designated accountant."", ""Test access from the accountant's workstation.""]","The request mentions replicating a folder and assigning responsibility, which aligns with storage management and file permissions issues.",False,"{""needs_human"": false, ""needs_llm_escalation"": false, ""policy_gap"": false, ""reasons"": []}",,,True,True,True,926,0.0006481999999990001,1234.5895811449736,0.6596413875428283,6,2,1,1,2,2,1,Acceptable scoring across all dimensions.,System F,Replicate debtors folder for accountant in Germany,"[""Confirm the exact path and parent folder of the debtors folder."", ""Identify the business owner responsible for the debtors folder."", ""Review current Access Control Lists (ACLs) or permission groups associated with the debtors folder."", ""Apply least-privilege changes to replicate the folder, ensuring that the accountant has the appropriate level of access."", ""Verify that inheritance settings are correct to prevent unintended access or restrictions on other folders."", ""Create the replicated folder and apply the same permissions as the original."", ""Ask the user to test access from their normal workstation and confirm functionality.""]","[""The accountant can access the replicated debtors folder without issues."", ""Folder permissions are correctly set and match those of the original folder, ensuring proper inheritance settings.""]",auto_approved,RouterGym\results\analysis_outputs\gold_resolution_eval\gold_matched_production_outputs.jsonl
6057,llm_only__base_llm1__mem_rag_bm25,llm_only,llm1,,rag_bm25,snapshot request server net snapshot hi please make snapshot going upgrade version please let snapshot ready thanks best regards engineer mobile,Administrative rights,Administrative rights,Administrative rights,"To prepare for the server upgrade, a snapshot will be created. This ensures that the current state of the server is preserved, allowing for a rollback if necessary.","[""Verify the server details and current state."", ""Initiate the snapshot process using the server management tools."", ""Confirm the snapshot is complete and stored securely."", ""Notify the requester that the snapshot is ready."", ""Document the snapshot details for future reference.""]","The request is for a snapshot to be taken before a server upgrade, which is a standard administrative task.",False,"{""needs_human"": false, ""needs_llm_escalation"": false, ""policy_gap"": false, ""reasons"": []}",,,True,True,True,1037,0.006222,3623.318491037935,0.6460011020314648,6,2,1,1,2,2,1,Acceptable scoring across all dimensions.,System D,Create a snapshot of the server prior to version upgrade,"[""Communicate with the requesting engineer to confirm the server and the specific version upgrade."", ""Initiate the snapshot creation process on the server to capture the current state."", ""Verify the snapshot creation process completes without errors."", ""Inform the engineering team that the snapshot is ready for the upgrade procedure."", ""After the upgrade, check the system integrity and application functionality."", ""Ensure all critical services are operational post-upgrade."", ""Document the snapshot creation and upgrade process in the ticket for future reference.""]","[""Snapshot is created successfully before the upgrade begins."", ""All critical applications and services function normally after the upgrade.""]",auto_approved,RouterGym\results\analysis_outputs\gold_resolution_eval\gold_matched_production_outputs.jsonl
6057,llm_only__base_llm2__mem_rag_bm25,llm_only,llm2,,rag_bm25,snapshot request server net snapshot hi please make snapshot going upgrade version please let snapshot ready thanks best regards engineer mobile,Administrative rights,Administrative rights,Administrative rights,"To ensure data integrity before the upgrade, we will proceed with creating a snapshot of the server network. This snapshot will be available for recovery purposes if needed.","[""Confirm server status and readiness for snapshot."", ""Initiate snapshot process on the server network."", ""Verify snapshot completion and integrity."", ""Notify engineer upon successful snapshot creation.""]","The request pertains to administrative tasks involving server management and backup procedures, specifically creating a snapshot prior to a system upgrade.",False,"{""needs_human"": false, ""needs_llm_escalation"": false, ""policy_gap"": false, ""reasons"": []}",,,True,True,True,987,0.0029609999999999997,2109.298466006294,0.618988237639568,5,2,1,1,1,2,1,Acceptable scoring across all dimensions.,System B,Create a snapshot of the server prior to version upgrade,"[""Communicate with the requesting engineer to confirm the server and the specific version upgrade."", ""Initiate the snapshot creation process on the server to capture the current state."", ""Verify the snapshot creation process completes without errors."", ""Inform the engineering team that the snapshot is ready for the upgrade procedure."", ""After the upgrade, check the system integrity and application functionality."", ""Ensure all critical services are operational post-upgrade."", ""Document the snapshot creation and upgrade process in the ticket for future reference.""]","[""Snapshot is created successfully before the upgrade begins."", ""All critical applications and services function normally after the upgrade.""]",auto_approved,RouterGym\results\analysis_outputs\gold_resolution_eval\gold_matched_production_outputs.jsonl
6057,slm_dominant__base_slm1__esc_llm2__mem_rag_bm25,slm_dominant,slm1,llm2,rag_bm25,snapshot request server net snapshot hi please make snapshot going upgrade version please let snapshot ready thanks best regards engineer mobile,Administrative rights,Administrative rights,Administrative rights,Please create a snapshot of the server before initiating the upgrade. Here are the steps to follow:,"[""Confirm the server and approximate snapshot creation time."", ""Create a snapshot of the server using the relevant tool."", ""Verify the snapshot creation is successful."", ""Inform the user that the snapshot is ready.""]",The request is for creating a snapshot of the server before an upgrade to ensure data protection.,False,"{""needs_human"": false, ""needs_llm_escalation"": false, ""policy_gap"": false, ""reasons"": []}",,,True,True,True,1233,0.0006165000000000001,1568.7321010045707,0.6436725426858664,7,1,1,2,2,2,2,Acceptable scoring across all dimensions.,System C,Create a snapshot of the server prior to version upgrade,"[""Communicate with the requesting engineer to confirm the server and the specific version upgrade."", ""Initiate the snapshot creation process on the server to capture the current state."", ""Verify the snapshot creation process completes without errors."", ""Inform the engineering team that the snapshot is ready for the upgrade procedure."", ""After the upgrade, check the system integrity and application functionality."", ""Ensure all critical services are operational post-upgrade."", ""Document the snapshot creation and upgrade process in the ticket for future reference.""]","[""Snapshot is created successfully before the upgrade begins."", ""All critical applications and services function normally after the upgrade.""]",auto_approved,RouterGym\results\analysis_outputs\gold_resolution_eval\gold_matched_production_outputs.jsonl
6057,slm_dominant__base_slm2__esc_llm2__mem_rag_bm25,slm_dominant,slm2,llm2,rag_bm25,snapshot request server net snapshot hi please make snapshot going upgrade version please let snapshot ready thanks best regards engineer mobile,Administrative rights,Administrative rights,Miscellaneous,A snapshot will be created for server net before the upgrade to ensure data integrity and allow for rollback if necessary.,"[""Confirm server net is accessible."", ""Create snapshot of server net."", ""Notify engineer when snapshot is ready.""]","The request is for a snapshot creation to support a server upgrade, which aligns with backup and restore practices.",False,"{""needs_human"": false, ""needs_llm_escalation"": false, ""policy_gap"": false, ""reasons"": []}",,,True,True,True,964,0.0006747999999999999,1121.9363899435848,0.5708179619057391,5,0,1,2,1,2,1,Low category alignment.,System E,Create a snapshot of the server prior to version upgrade,"[""Communicate with the requesting engineer to confirm the server and the specific version upgrade."", ""Initiate the snapshot creation process on the server to capture the current state."", ""Verify the snapshot creation process completes without errors."", ""Inform the engineering team that the snapshot is ready for the upgrade procedure."", ""After the upgrade, check the system integrity and application functionality."", ""Ensure all critical services are operational post-upgrade."", ""Document the snapshot creation and upgrade process in the ticket for future reference.""]","[""Snapshot is created successfully before the upgrade begins."", ""All critical applications and services function normally after the upgrade.""]",auto_approved,RouterGym\results\analysis_outputs\gold_resolution_eval\gold_matched_production_outputs.jsonl
6057,slm_only__base_slm1__mem_rag_bm25,slm_only,slm1,,rag_bm25,snapshot request server net snapshot hi please make snapshot going upgrade version please let snapshot ready thanks best regards engineer mobile,Administrative rights,Administrative rights,Administrative rights,Please create a snapshot of the server before initiating the upgrade. Here are the steps to follow:,"[""Confirm the server and approximate snapshot creation time."", ""Create a snapshot of the server using the relevant tool."", ""Verify the snapshot creation is successful."", ""Inform the user that the snapshot is ready.""]",The request is for creating a snapshot of the server before an upgrade to ensure data protection.,False,"{""needs_human"": false, ""needs_llm_escalation"": false, ""policy_gap"": false, ""reasons"": []}",,,True,True,True,1233,0.0006165000000000001,1618.215915048495,0.6436725426858664,7,1,1,2,2,2,2,Acceptable scoring across all dimensions.,System A,Create a snapshot of the server prior to version upgrade,"[""Communicate with the requesting engineer to confirm the server and the specific version upgrade."", ""Initiate the snapshot creation process on the server to capture the current state."", ""Verify the snapshot creation process completes without errors."", ""Inform the engineering team that the snapshot is ready for the upgrade procedure."", ""After the upgrade, check the system integrity and application functionality."", ""Ensure all critical services are operational post-upgrade."", ""Document the snapshot creation and upgrade process in the ticket for future reference.""]","[""Snapshot is created successfully before the upgrade begins."", ""All critical applications and services function normally after the upgrade.""]",auto_approved,RouterGym\results\analysis_outputs\gold_resolution_eval\gold_matched_production_outputs.jsonl
6057,slm_only__base_slm2__mem_rag_bm25,slm_only,slm2,,rag_bm25,snapshot request server net snapshot hi please make snapshot going upgrade version please let snapshot ready thanks best regards engineer mobile,Administrative rights,Administrative rights,Miscellaneous,A snapshot will be created for server net before the upgrade to ensure data integrity and allow for rollback if necessary.,"[""Confirm server net is accessible."", ""Create snapshot of server net."", ""Notify engineer when snapshot is ready.""]","The request is for a snapshot creation to support a server upgrade, which aligns with backup and restore practices.",False,"{""needs_human"": false, ""needs_llm_escalation"": false, ""policy_gap"": false, ""reasons"": []}",,,True,True,True,964,0.0006747999999999999,1126.0448361281306,0.5708179619057391,5,0,1,2,1,2,1,Low category alignment.,System F,Create a snapshot of the server prior to version upgrade,"[""Communicate with the requesting engineer to confirm the server and the specific version upgrade."", ""Initiate the snapshot creation process on the server to capture the current state."", ""Verify the snapshot creation process completes without errors."", ""Inform the engineering team that the snapshot is ready for the upgrade procedure."", ""After the upgrade, check the system integrity and application functionality."", ""Ensure all critical services are operational post-upgrade."", ""Document the snapshot creation and upgrade process in the ticket for future reference.""]","[""Snapshot is created successfully before the upgrade begins."", ""All critical applications and services function normally after the upgrade.""]",auto_approved,RouterGym\results\analysis_outputs\gold_resolution_eval\gold_matched_production_outputs.jsonl
6138,llm_only__base_llm1__mem_rag_bm25,llm_only,llm1,,rag_bm25,win win hello please help upgrade os regards,Administrative rights,Administrative rights,Administrative rights,"To upgrade the operating system, ensure you have administrative rights. Follow the standard OS upgrade procedure, which may include backing up data, checking system compatibility, and downloading the latest OS version. If issues arise, contact IT support for further assistance.","[""Verify administrative rights on the system."", ""Back up important data before proceeding."", ""Download the latest OS version from the official website."", ""Follow the OS upgrade instructions provided by the manufacturer.""]","The user's request indicates a need for OS upgrade assistance, which typically requires administrative rights. The KB references provided do not directly address OS upgrades but suggest administrative rights are necessary.",False,"{""needs_human"": false, ""needs_llm_escalation"": false, ""policy_gap"": false, ""reasons"": []}",,,True,True,True,1036,0.006216,4332.137960009277,0.5080003784741947,5,2,1,1,1,2,1,Acceptable scoring across all dimensions.,System D,Upgrade Operating System Request,"[""1. Verify the requester's identity and confirm authorization for OS upgrades."", ""2. Assess the current OS version and compatibility with company standards."", ""3. Schedule the upgrade during a maintenance window to minimize disruption."", ""4. Back up critical data before proceeding with the OS upgrade."", ""5. Perform the OS upgrade using approved methods and tools."", ""6. Test the system post-upgrade to ensure all applications work correctly."", ""7. Document the upgrade process and any issues encountered."", ""8. Notify the user of the completion and schedule a check-in to confirm satisfaction.""]","[""The operating system is upgraded to the specified version without data loss."", ""All essential applications run without issues on the new OS.""]",auto_approved,RouterGym\results\analysis_outputs\gold_resolution_eval\gold_matched_production_outputs.jsonl
6138,llm_only__base_llm2__mem_rag_bm25,llm_only,llm2,,rag_bm25,win win hello please help upgrade os regards,Administrative rights,Administrative rights,Administrative rights,"To assist with upgrading the OS, we will first confirm your eligibility and then proceed with the upgrade process following our standard procedures.","[""Confirm user's eligibility for OS upgrade."", ""Identify current OS version and compatibility."", ""Initiate OS upgrade process using approved methods."", ""Verify successful completion of the upgrade."", ""Document all steps taken and outcomes.""]","The request is clearly about upgrading an OS, which falls under administrative tasks related to system management and maintenance. The confidence in this classification is high based on the provided context.",False,"{""needs_human"": false, ""needs_llm_escalation"": false, ""policy_gap"": false, ""reasons"": []}",,,True,True,True,953,0.0028590000000000004,2223.3380919788033,0.5276874666781226,3,1,1,0,1,2,0,Misses key requirements from gold summary/criteria.; Low policy/gold grounding.,System B,Upgrade Operating System Request,"[""1. Verify the requester's identity and confirm authorization for OS upgrades."", ""2. Assess the current OS version and compatibility with company standards."", ""3. Schedule the upgrade during a maintenance window to minimize disruption."", ""4. Back up critical data before proceeding with the OS upgrade."", ""5. Perform the OS upgrade using approved methods and tools."", ""6. Test the system post-upgrade to ensure all applications work correctly."", ""7. Document the upgrade process and any issues encountered."", ""8. Notify the user of the completion and schedule a check-in to confirm satisfaction.""]","[""The operating system is upgraded to the specified version without data loss."", ""All essential applications run without issues on the new OS.""]",auto_approved,RouterGym\results\analysis_outputs\gold_resolution_eval\gold_matched_production_outputs.jsonl
6138,slm_dominant__base_slm1__esc_llm2__mem_rag_bm25,slm_dominant,slm1,llm2,rag_bm25,win win hello please help upgrade os regards,Administrative rights,Administrative rights,Purchase,"To upgrade your operating system, please follow the OS Upgrade process. This involves downloading the latest version of your OS, creating a backup of your data, and performing the installation.","[""Download the latest version of your OS"", ""Create a backup of your data"", ""Perform the OS installation"", ""Verify the OS upgrade is successful""]",The user is asking for help in upgrading their operating system. The OS Upgrade process is the appropriate workflow for this request.,False,"{""needs_human"": false, ""needs_llm_escalation"": false, ""policy_gap"": false, ""reasons"": []}",,,True,True,True,1211,0.0006054999999999999,1672.6293968968093,0.5027193667993062,4,0,1,1,1,2,1,Low category alignment.,System C,Upgrade Operating System Request,"[""1. Verify the requester's identity and confirm authorization for OS upgrades."", ""2. Assess the current OS version and compatibility with company standards."", ""3. Schedule the upgrade during a maintenance window to minimize disruption."", ""4. Back up critical data before proceeding with the OS upgrade."", ""5. Perform the OS upgrade using approved methods and tools."", ""6. Test the system post-upgrade to ensure all applications work correctly."", ""7. Document the upgrade process and any issues encountered."", ""8. Notify the user of the completion and schedule a check-in to confirm satisfaction.""]","[""The operating system is upgraded to the specified version without data loss."", ""All essential applications run without issues on the new OS.""]",auto_approved,RouterGym\results\analysis_outputs\gold_resolution_eval\gold_matched_production_outputs.jsonl
6138,slm_dominant__base_slm2__esc_llm2__mem_rag_bm25,slm_dominant,slm2,llm2,rag_bm25,win win hello please help upgrade os regards,Administrative rights,Administrative rights,Administrative rights,"The user requires guidance on upgrading their OS, which involves administrative rights and may affect system stability. A step-by-step approach is needed to ensure a smooth transition.","[""Confirm current OS version and target version."", ""Check for system compatibility and prerequisites."", ""Schedule downtime and backup data."", ""Execute upgrade process following best practices."", ""Verify system functionality post-upgrade.""]",The request involves administrative actions that require elevated privileges and could impact system functionality. KB references indicate this falls under administrative rights and access requests.,False,"{""needs_human"": false, ""needs_llm_escalation"": false, ""policy_gap"": false, ""reasons"": []}",,,True,True,True,948,0.0006636,1250.159105984494,0.4953842717271376,4,2,1,0,1,2,0,Misses key requirements from gold summary/criteria.; Low policy/gold grounding.,System E,Upgrade Operating System Request,"[""1. Verify the requester's identity and confirm authorization for OS upgrades."", ""2. Assess the current OS version and compatibility with company standards."", ""3. Schedule the upgrade during a maintenance window to minimize disruption."", ""4. Back up critical data before proceeding with the OS upgrade."", ""5. Perform the OS upgrade using approved methods and tools."", ""6. Test the system post-upgrade to ensure all applications work correctly."", ""7. Document the upgrade process and any issues encountered."", ""8. Notify the user of the completion and schedule a check-in to confirm satisfaction.""]","[""The operating system is upgraded to the specified version without data loss."", ""All essential applications run without issues on the new OS.""]",auto_approved,RouterGym\results\analysis_outputs\gold_resolution_eval\gold_matched_production_outputs.jsonl
6138,slm_only__base_slm1__mem_rag_bm25,slm_only,slm1,,rag_bm25,win win hello please help upgrade os regards,Administrative rights,Administrative rights,Purchase,"To upgrade your operating system, please follow the OS Upgrade process. This involves downloading the latest version of your OS, creating a backup of your data, and performing the installation.","[""Download the latest version of your OS"", ""Create a backup of your data"", ""Perform the OS installation"", ""Verify the OS upgrade is successful""]",The user is asking for help in upgrading their operating system. The OS Upgrade process is the appropriate workflow for this request.,False,"{""needs_human"": false, ""needs_llm_escalation"": false, ""policy_gap"": false, ""reasons"": []}",,,True,True,True,1211,0.0006054999999999999,1678.4685940947384,0.5027193667993062,4,0,1,1,1,2,1,Low category alignment.,System A,Upgrade Operating System Request,"[""1. Verify the requester's identity and confirm authorization for OS upgrades."", ""2. Assess the current OS version and compatibility with company standards."", ""3. Schedule the upgrade during a maintenance window to minimize disruption."", ""4. Back up critical data before proceeding with the OS upgrade."", ""5. Perform the OS upgrade using approved methods and tools."", ""6. Test the system post-upgrade to ensure all applications work correctly."", ""7. Document the upgrade process and any issues encountered."", ""8. Notify the user of the completion and schedule a check-in to confirm satisfaction.""]","[""The operating system is upgraded to the specified version without data loss."", ""All essential applications run without issues on the new OS.""]",auto_approved,RouterGym\results\analysis_outputs\gold_resolution_eval\gold_matched_production_outputs.jsonl
6138,slm_only__base_slm2__mem_rag_bm25,slm_only,slm2,,rag_bm25,win win hello please help upgrade os regards,Administrative rights,Administrative rights,Administrative rights,"The user requires guidance on upgrading their OS, which involves administrative rights and may affect system stability. A step-by-step approach is needed to ensure a smooth transition.","[""Confirm current OS version and target version."", ""Check for system compatibility and prerequisites."", ""Schedule downtime and backup data."", ""Execute upgrade process following best practices."", ""Verify system functionality post-upgrade.""]",The request involves administrative actions that require elevated privileges and could impact system functionality. KB references indicate this falls under administrative rights and access requests.,False,"{""needs_human"": false, ""needs_llm_escalation"": false, ""policy_gap"": false, ""reasons"": []}",,,True,True,True,948,0.0006636,1317.3456208314747,0.4953842717271376,4,2,2,2,2,2,2,Acceptable scoring across all dimensions.,System F,Upgrade Operating System Request,"[""1. Verify the requester's identity and confirm authorization for OS upgrades."", ""2. Assess the current OS version and compatibility with company standards."", ""3. Schedule the upgrade during a maintenance window to minimize disruption."", ""4. Back up critical data before proceeding with the OS upgrade."", ""5. Perform the OS upgrade using approved methods and tools."", ""6. Test the system post-upgrade to ensure all applications work correctly."", ""7. Document the upgrade process and any issues encountered."", ""8. Notify the user of the completion and schedule a check-in to confirm satisfaction.""]","[""The operating system is upgraded to the specified version without data loss."", ""All essential applications run without issues on the new OS.""]",auto_approved,RouterGym\results\analysis_outputs\gold_resolution_eval\gold_matched_production_outputs.jsonl
6184,llm_only__base_llm1__mem_rag_bm25,llm_only,llm1,,rag_bm25,leadership outlook dear please add thanks interim,Administrative rights,Administrative rights,Administrative rights,"To add 'thanks interim' to the leadership outlook email, follow these steps: 1. Open the email template or draft. 2. Locate the section where you want to add the text. 3. Insert 'thanks interim' at the appropriate place. 4. Save the changes and send the email.","[""Open the email template or draft."", ""Locate the section where you want to add the text."", ""Insert 'thanks interim' at the appropriate place."", ""Save the changes and send the email.""]",The request is to modify an email template by adding specific text. This falls under administrative tasks related to email configuration.,False,"{""needs_human"": false, ""needs_llm_escalation"": false, ""policy_gap"": false, ""reasons"": []}",,,True,True,True,1061,0.006366,4429.929754929617,0.6312905499205672,5,1,2,1,1,2,1,Acceptable scoring across all dimensions.,System D,Grant Interim Leadership Access to Outlook,"[""1. Verify the requester's identity and obtain approval from a manager or system owner."", ""2. Confirm the mailbox exists and is licensed/active for the interim leader."", ""3. Ensure the user has the correct mailbox permissions, including access to shared mailboxes if applicable."", ""4. Configure the email profile using standard auto-discovery settings for Outlook."", ""5. For mobile access, confirm the use of an approved mail client and compliance with security policies (MDM, device encryption)."", ""6. Sync mail and confirm that sending and receiving emails works as expected."", ""7. Ask the user to log off and back in to refresh permissions.""]","[""The interim leader can access Outlook without issues."", ""The user can send and receive emails successfully with the appropriate permissions.""]",auto_approved,RouterGym\results\analysis_outputs\gold_resolution_eval\gold_matched_production_outputs.jsonl
6184,llm_only__base_llm2__mem_rag_bm25,llm_only,llm2,,rag_bm25,leadership outlook dear please add thanks interim,Administrative rights,Administrative rights,Administrative rights,"To add 'thanks' to the interim leadership outlook email, ensure the email is correctly configured and accessible. If it's a template issue, update the email template to include the 'thanks' message.","[""Verify email configuration and accessibility."", ""Check if the email uses a template."", ""Update the email template to include 'thanks'."", ""Confirm the updated message sends correctly.""]","The request pertains to modifying an email content specifically for interim leadership, which involves ensuring proper configuration and possibly updating templates.",False,"{""needs_human"": false, ""needs_llm_escalation"": false, ""policy_gap"": false, ""reasons"": []}",,,True,True,True,965,0.0028950000000000004,2187.6091030426323,0.632205350390417,4,0,1,1,1,2,1,Low category alignment.,System B,Grant Interim Leadership Access to Outlook,"[""1. Verify the requester's identity and obtain approval from a manager or system owner."", ""2. Confirm the mailbox exists and is licensed/active for the interim leader."", ""3. Ensure the user has the correct mailbox permissions, including access to shared mailboxes if applicable."", ""4. Configure the email profile using standard auto-discovery settings for Outlook."", ""5. For mobile access, confirm the use of an approved mail client and compliance with security policies (MDM, device encryption)."", ""6. Sync mail and confirm that sending and receiving emails works as expected."", ""7. Ask the user to log off and back in to refresh permissions.""]","[""The interim leader can access Outlook without issues."", ""The user can send and receive emails successfully with the appropriate permissions.""]",auto_approved,RouterGym\results\analysis_outputs\gold_resolution_eval\gold_matched_production_outputs.jsonl
6184,slm_dominant__base_slm1__esc_llm2__mem_rag_bm25,slm_dominant,slm1,llm2,rag_bm25,leadership outlook dear please add thanks interim,Administrative rights,Administrative rights,Access,The email has been updated to include 'thanks interim' in the leadership outlook email.,"[""Locate the leadership outlook email."", ""Edit the email to include 'thanks interim'."", ""Save the updated email."", ""Send the updated email to the intended recipients.""]",The request was to modify the content of a leadership outlook email. The change was made as per the user's request.,False,"{""needs_human"": false, ""needs_llm_escalation"": false, ""policy_gap"": false, ""reasons"": []}",,,True,True,True,1218,0.0006090000000000001,1650.8065429516137,0.6274463540367572,3,0,1,1,0,2,1,Low category alignment.; Low alignment with gold resolution steps.; Very short answer.,System C,Grant Interim Leadership Access to Outlook,"[""1. Verify the requester's identity and obtain approval from a manager or system owner."", ""2. Confirm the mailbox exists and is licensed/active for the interim leader."", ""3. Ensure the user has the correct mailbox permissions, including access to shared mailboxes if applicable."", ""4. Configure the email profile using standard auto-discovery settings for Outlook."", ""5. For mobile access, confirm the use of an approved mail client and compliance with security policies (MDM, device encryption)."", ""6. Sync mail and confirm that sending and receiving emails works as expected."", ""7. Ask the user to log off and back in to refresh permissions.""]","[""The interim leader can access Outlook without issues."", ""The user can send and receive emails successfully with the appropriate permissions.""]",auto_approved,RouterGym\results\analysis_outputs\gold_resolution_eval\gold_matched_production_outputs.jsonl
6184,slm_dominant__base_slm2__esc_llm2__mem_rag_bm25,slm_dominant,slm2,llm2,rag_bm25,leadership outlook dear please add thanks interim,Administrative rights,Administrative rights,Administrative rights,"To add 'thanks' to the interim leadership outlook email, ensure the email is correctly configured and accessible. If it's a template issue, update the email template to include the 'thanks' message.","[""Verify email configuration and accessibility."", ""Check if the email uses a template."", ""Update the email template to include 'thanks'."", ""Confirm the updated message sends correctly.""]","The request pertains to modifying an email content specifically for interim leadership, which involves ensuring proper configuration and possibly updating templates.",True,"{""needs_human"": false, ""needs_llm_escalation"": true, ""policy_gap"": false, ""reasons"": [""short_answer""]}",,,True,True,True,1874,0.0035313000000000002,2780.017114011571,0.632205350390417,3,0,1,1,1,1,1,Low category alignment.; Unnecessary escalation flagged.,System E,Grant Interim Leadership Access to Outlook,"[""1. Verify the requester's identity and obtain approval from a manager or system owner."", ""2. Confirm the mailbox exists and is licensed/active for the interim leader."", ""3. Ensure the user has the correct mailbox permissions, including access to shared mailboxes if applicable."", ""4. Configure the email profile using standard auto-discovery settings for Outlook."", ""5. For mobile access, confirm the use of an approved mail client and compliance with security policies (MDM, device encryption)."", ""6. Sync mail and confirm that sending and receiving emails works as expected."", ""7. Ask the user to log off and back in to refresh permissions.""]","[""The interim leader can access Outlook without issues."", ""The user can send and receive emails successfully with the appropriate permissions.""]",auto_approved,RouterGym\results\analysis_outputs\gold_resolution_eval\gold_matched_production_outputs.jsonl
6184,slm_only__base_slm1__mem_rag_bm25,slm_only,slm1,,rag_bm25,leadership outlook dear please add thanks interim,Administrative rights,Administrative rights,Access,The email has been updated to include 'thanks interim' in the leadership outlook email.,"[""Locate the leadership outlook email."", ""Edit the email to include 'thanks interim'."", ""Save the updated email."", ""Send the updated email to the intended recipients.""]",The request was to modify the content of a leadership outlook email. The change was made as per the user's request.,False,"{""needs_human"": false, ""needs_llm_escalation"": false, ""policy_gap"": false, ""reasons"": []}",,,True,True,True,1218,0.0006090000000000001,1758.5353078320622,0.6274463540367572,3,0,1,1,0,2,1,Low category alignment.; Low alignment with gold resolution steps.; Very short answer.,System A,Grant Interim Leadership Access to Outlook,"[""1. Verify the requester's identity and obtain approval from a manager or system owner."", ""2. Confirm the mailbox exists and is licensed/active for the interim leader."", ""3. Ensure the user has the correct mailbox permissions, including access to shared mailboxes if applicable."", ""4. Configure the email profile using standard auto-discovery settings for Outlook."", ""5. For mobile access, confirm the use of an approved mail client and compliance with security policies (MDM, device encryption)."", ""6. Sync mail and confirm that sending and receiving emails works as expected."", ""7. Ask the user to log off and back in to refresh permissions.""]","[""The interim leader can access Outlook without issues."", ""The user can send and receive emails successfully with the appropriate permissions.""]",auto_approved,RouterGym\results\analysis_outputs\gold_resolution_eval\gold_matched_production_outputs.jsonl
6184,slm_only__base_slm2__mem_rag_bm25,slm_only,slm2,,rag_bm25,leadership outlook dear please add thanks interim,Administrative rights,Administrative rights,Administrative rights,Interim thanks added to leadership outlook email.,"[""Locate email draft."", ""Insert 'interim thanks' text."", ""Save and send email.""]","Request is for a simple text addition, no complex resolution steps needed.",False,"{""needs_human"": false, ""needs_llm_escalation"": false, ""policy_gap"": false, ""reasons"": []}",,,True,True,True,909,0.0006363,929.8381230328232,0.6029505489513766,5,0,1,2,1,2,1,Low category alignment.,System F,Grant Interim Leadership Access to Outlook,"[""1. Verify the requester's identity and obtain approval from a manager or system owner."", ""2. Confirm the mailbox exists and is licensed/active for the interim leader."", ""3. Ensure the user has the correct mailbox permissions, including access to shared mailboxes if applicable."", ""4. Configure the email profile using standard auto-discovery settings for Outlook."", ""5. For mobile access, confirm the use of an approved mail client and compliance with security policies (MDM, device encryption)."", ""6. Sync mail and confirm that sending and receiving emails works as expected."", ""7. Ask the user to log off and back in to refresh permissions.""]","[""The interim leader can access Outlook without issues."", ""The user can send and receive emails successfully with the appropriate permissions.""]",auto_approved,RouterGym\results\analysis_outputs\gold_resolution_eval\gold_matched_production_outputs.jsonl
6195,llm_only__base_llm1__mem_rag_bm25,llm_only,llm1,,rag_bm25,wants to share word short document template no numbering with wants share word short document template numbering want share word short document template numbering accept decline requests,Storage,Storage,Storage,"To share a Word document template with or without numbering, use the 'Save As' feature to create different versions. For managing sharing requests, use the 'Share' button and set permissions accordingly. Users can accept or decline requests through the sharing notifications they receive.","[""Create two versions of the document: one with numbering and one without, using 'Save As'."", ""Use the 'Share' button in Word to share the document with specific users."", ""Set permissions to 'View Only' or 'Edit' as needed."", ""Users can accept or decline sharing requests via email notifications."", ""For recurring issues, update FAQ or quick-reference guides.""]","The request involves sharing documents and managing sharing permissions, which falls under document management and collaboration tools.",False,"{""needs_human"": false, ""needs_llm_escalation"": false, ""policy_gap"": false, ""reasons"": []}",,,True,True,True,1070,0.00642,4409.095289884135,0.5997799551071477,5,0,1,2,1,2,2,Low category alignment.,System D,Share Word short document template with/without numbering and manage requests,"[""Confirm that Microsoft Word is functioning correctly and there are no known issues impacting template sharing."", ""Provide detailed instructions on how to save and share a Word document template with or without numbering."", ""Guide the user on how to enable or disable numbering in Word templates before sharing."", ""Explain the process for accepting or declining requests for the shared template within the organization's collaboration platform."", ""Propose updates to the FAQ or quick-reference guides if similar inquiries recur frequently."", ""Encourage the use of training resources or webinars for advanced features of Word template management."", ""Monitor feedback and adjust guidance based on user experience and common issues encountered.""]","[""The user is able to create and share a Word short document template with the desired numbering format."", ""The user can effectively manage incoming requests for the shared template, including accepting and declining them according to policy.""]",auto_approved,RouterGym\results\analysis_outputs\gold_resolution_eval\gold_matched_production_outputs.jsonl
6195,llm_only__base_llm2__mem_rag_bm25,llm_only,llm2,,rag_bm25,wants to share word short document template no numbering with wants share word short document template numbering want share word short document template numbering accept decline requests,Storage,Storage,Miscellaneous,"To share a Word document template, create the template first, then use Share option in File menu to send it. Ensure you have both numbered and unnumbered versions ready.","[""Create numbered Word template."", ""Create unnumbered Word template."", ""Open template, click File > Share."", ""Copy share link and send to recipients."", ""Confirm recipients received and can access templates.""]",The user needs guidance on sharing Word document templates with different numbering options. This falls under 'how-to' category as it involves using an existing tool.,False,"{""needs_human"": false, ""needs_llm_escalation"": false, ""policy_gap"": false, ""reasons"": []}",,,True,True,True,993,0.002979,2341.3305790163577,0.5606832727604566,3,0,1,1,0,2,1,Low category alignment.; Low alignment with gold resolution steps.,System B,Share Word short document template with/without numbering and manage requests,"[""Confirm that Microsoft Word is functioning correctly and there are no known issues impacting template sharing."", ""Provide detailed instructions on how to save and share a Word document template with or without numbering."", ""Guide the user on how to enable or disable numbering in Word templates before sharing."", ""Explain the process for accepting or declining requests for the shared template within the organization's collaboration platform."", ""Propose updates to the FAQ or quick-reference guides if similar inquiries recur frequently."", ""Encourage the use of training resources or webinars for advanced features of Word template management."", ""Monitor feedback and adjust guidance based on user experience and common issues encountered.""]","[""The user is able to create and share a Word short document template with the desired numbering format."", ""The user can effectively manage incoming requests for the shared template, including accepting and declining them according to policy.""]",auto_approved,RouterGym\results\analysis_outputs\gold_resolution_eval\gold_matched_production_outputs.jsonl
6195,slm_dominant__base_slm1__esc_llm2__mem_rag_bm25,slm_dominant,slm1,llm2,rag_bm25,wants to share word short document template no numbering with wants share word short document template numbering want share word short document template numbering accept decline requests,Storage,Storage,,"To share Word document templates with or without numbering, follow these steps: 1. Create a new Word document with the desired format (numbered or not). 2. Save the document to a shared location (e.g., OneDrive, SharePoint). 3. Share the document by right-clicking it, selecting 'Share', and then 'People'. 4. Enter the recipient's email address and set the permissions (e.g., 'Editor' or 'Viewer'). 5. If you want to accept or decline sharing requests, go to the 'Shared with me' section in your shared location and manage the permissions as needed.","[""Create a new Word document"", ""Save the document to a shared location"", ""Share the document"", ""Set permissions"", ""Manage sharing requests""]","The user's request falls under the 'How-To' Guidance and User Education category, as it is about learning how to use a tool (Microsoft Word in this case) to share documents. The provided steps are task-focused and aim to help the user achieve their goal.",False,"{""needs_human"": false, ""needs_llm_escalation"": false, ""policy_gap"": false, ""reasons"": []}",Model output is not valid JSON.,,True,False,True,1386,0.0006929999999999999,2496.062124148011,0.5584817193999184,5,0,2,1,1,2,1,Low category alignment.,System C,Share Word short document template with/without numbering and manage requests,"[""Confirm that Microsoft Word is functioning correctly and there are no known issues impacting template sharing."", ""Provide detailed instructions on how to save and share a Word document template with or without numbering."", ""Guide the user on how to enable or disable numbering in Word templates before sharing."", ""Explain the process for accepting or declining requests for the shared template within the organization's collaboration platform."", ""Propose updates to the FAQ or quick-reference guides if similar inquiries recur frequently."", ""Encourage the use of training resources or webinars for advanced features of Word template management."", ""Monitor feedback and adjust guidance based on user experience and common issues encountered.""]","[""The user is able to create and share a Word short document template with the desired numbering format."", ""The user can effectively manage incoming requests for the shared template, including accepting and declining them according to policy.""]",auto_approved,RouterGym\results\analysis_outputs\gold_resolution_eval\gold_matched_production_outputs.jsonl
6195,slm_dominant__base_slm2__esc_llm2__mem_rag_bm25,slm_dominant,slm2,llm2,rag_bm25,wants to share word short document template no numbering with wants share word short document template numbering want share word short document template numbering accept decline requests,Storage,Storage,Miscellaneous,User seeks assistance in creating both numbered and non-numbered Word document templates.,"[""Confirm current Word version and compatibility."", ""Create template with numbering using built-in tools."", ""Create second template without numbering."", ""Provide both templates to user.""]",Request involves creating document templates with specific formatting options.,False,"{""needs_human"": false, ""needs_llm_escalation"": false, ""policy_gap"": false, ""reasons"": []}",,,True,True,True,940,0.000658,1084.3682130798697,0.5671964001748427,3,0,0,1,1,2,1,Low category alignment.; Answer lacks actionable steps.; Very short answer.,System E,Share Word short document template with/without numbering and manage requests,"[""Confirm that Microsoft Word is functioning correctly and there are no known issues impacting template sharing."", ""Provide detailed instructions on how to save and share a Word document template with or without numbering."", ""Guide the user on how to enable or disable numbering in Word templates before sharing."", ""Explain the process for accepting or declining requests for the shared template within the organization's collaboration platform."", ""Propose updates to the FAQ or quick-reference guides if similar inquiries recur frequently."", ""Encourage the use of training resources or webinars for advanced features of Word template management."", ""Monitor feedback and adjust guidance based on user experience and common issues encountered.""]","[""The user is able to create and share a Word short document template with the desired numbering format."", ""The user can effectively manage incoming requests for the shared template, including accepting and declining them according to policy.""]",auto_approved,RouterGym\results\analysis_outputs\gold_resolution_eval\gold_matched_production_outputs.jsonl
6195,slm_only__base_slm1__mem_rag_bm25,slm_only,slm1,,rag_bm25,wants to share word short document template no numbering with wants share word short document template numbering want share word short document template numbering accept decline requests,Storage,Storage,,"To share Word document templates with or without numbering, follow these steps: 1. Create a new Word document with the desired format (numbered or not). 2. Save the document to a shared location (e.g., OneDrive, SharePoint). 3. Share the document by right-clicking it, selecting 'Share', and then 'People'. 4. Enter the recipient's email address and set the permissions (e.g., 'Editor' or 'Viewer'). 5. If you want to accept or decline sharing requests, go to the 'Shared with me' section in your shared location and manage the permissions as needed.","[""Create a new Word document"", ""Save the document to a shared location"", ""Share the document"", ""Set permissions"", ""Manage sharing requests""]","The user's request falls under the 'How-To' Guidance and User Education category, as it is about learning how to use a tool (Microsoft Word in this case) to share documents. The provided steps are task-focused and aim to help the user achieve their goal.",False,"{""needs_human"": false, ""needs_llm_escalation"": false, ""policy_gap"": false, ""reasons"": []}",Model output is not valid JSON.,,True,False,True,1386,0.0006929999999999999,2859.6129971556365,0.5584817193999184,5,0,2,1,1,2,1,Low category alignment.,System A,Share Word short document template with/without numbering and manage requests,"[""Confirm that Microsoft Word is functioning correctly and there are no known issues impacting template sharing."", ""Provide detailed instructions on how to save and share a Word document template with or without numbering."", ""Guide the user on how to enable or disable numbering in Word templates before sharing."", ""Explain the process for accepting or declining requests for the shared template within the organization's collaboration platform."", ""Propose updates to the FAQ or quick-reference guides if similar inquiries recur frequently."", ""Encourage the use of training resources or webinars for advanced features of Word template management."", ""Monitor feedback and adjust guidance based on user experience and common issues encountered.""]","[""The user is able to create and share a Word short document template with the desired numbering format."", ""The user can effectively manage incoming requests for the shared template, including accepting and declining them according to policy.""]",auto_approved,RouterGym\results\analysis_outputs\gold_resolution_eval\gold_matched_production_outputs.jsonl
6195,slm_only__base_slm2__mem_rag_bm25,slm_only,slm2,,rag_bm25,wants to share word short document template no numbering with wants share word short document template numbering want share word short document template numbering accept decline requests,Storage,Storage,Miscellaneous,User seeks assistance in creating both numbered and non-numbered Word document templates.,"[""Confirm current Word version and compatibility."", ""Create template with numbering using built-in tools."", ""Create second template without numbering."", ""Provide both templates to user.""]",Request involves creating document templates with specific formatting options.,False,"{""needs_human"": false, ""needs_llm_escalation"": false, ""policy_gap"": false, ""reasons"": []}",,,True,True,True,940,0.000658,1057.7541999518871,0.5671964001748427,3,0,0,1,1,2,1,Low category alignment.; Answer lacks actionable steps.; Very short answer.,System F,Share Word short document template with/without numbering and manage requests,"[""Confirm that Microsoft Word is functioning correctly and there are no known issues impacting template sharing."", ""Provide detailed instructions on how to save and share a Word document template with or without numbering."", ""Guide the user on how to enable or disable numbering in Word templates before sharing."", ""Explain the process for accepting or declining requests for the shared template within the organization's collaboration platform."", ""Propose updates to the FAQ or quick-reference guides if similar inquiries recur frequently."", ""Encourage the use of training resources or webinars for advanced features of Word template management."", ""Monitor feedback and adjust guidance based on user experience and common issues encountered.""]","[""The user is able to create and share a Word short document template with the desired numbering format."", ""The user can effectively manage incoming requests for the shared template, including accepting and declining them according to policy.""]",auto_approved,RouterGym\results\analysis_outputs\gold_resolution_eval\gold_matched_production_outputs.jsonl
6459,llm_only__base_llm1__mem_rag_bm25,llm_only,llm1,,rag_bm25,re security incident at re card,Access,Access,Access,"To resolve the security incident with the access card, confirm the user's role and manager approval, check their status in the physical access control system, assign the appropriate access profile, and ask the user to test the card at the required entry points. Log all changes for audit purposes.","[""Confirm the user's role, manager approval, and reason for access."", ""Check user status in the physical access control system."", ""Assign appropriate access profile and time schedule."", ""Ask user to test badge at required entry points."", ""Log access level changes for audit.""]","The incident involves access card issues, which fall under restricted area access requests. The steps involve verifying user status and access rights.",False,"{""needs_human"": false, ""needs_llm_escalation"": false, ""policy_gap"": false, ""reasons"": []}",,,True,True,True,1040,0.006240000000000001,4609.661411028355,0.8772098208172158,7,2,1,1,2,2,2,Acceptable scoring across all dimensions.,System D,Resolve RE card security incident and verify 2FA status,"[""Confirm role, manager approval, and reason for access."", ""Check user status in physical access control system."", ""Assign appropriate access profile and time schedule."", ""Ask user to test badge at required entry points."", ""Log access level changes for audit."", ""Verify user's 2FA status in the identity provider or security portal."", ""Reset 2FA and guide user through re-enrollment if necessary.""]","[""Badge access is granted successfully and tested at required entry points."", ""User can access required areas without issues."", ""2FA is confirmed to be active and functioning properly.""]",auto_approved,RouterGym\results\analysis_outputs\gold_resolution_eval\gold_matched_production_outputs.jsonl
6459,llm_only__base_llm2__mem_rag_bm25,llm_only,llm2,,rag_bm25,re security incident at re card,Access,Access,HR Support,A security incident involving an RE card has been reported. We will investigate the issue and take necessary actions to ensure security.,"[""Confirm the details of the incident."", ""Check the affected card's status."", ""Take appropriate security measures."", ""Log the incident for audit purposes.""]","The ticket indicates a security incident related to an RE card, which falls under restricted area access requests and requires immediate attention to maintain security protocols.",False,"{""needs_human"": true, ""needs_llm_escalation"": false, ""policy_gap"": false, ""reasons"": []}",,,True,True,True,934,0.0028020000000000002,2036.9497269857675,0.6495441191748407,5,2,1,1,1,2,1,Acceptable scoring across all dimensions.,System B,Resolve RE card security incident and verify 2FA status,"[""Confirm role, manager approval, and reason for access."", ""Check user status in physical access control system."", ""Assign appropriate access profile and time schedule."", ""Ask user to test badge at required entry points."", ""Log access level changes for audit."", ""Verify user's 2FA status in the identity provider or security portal."", ""Reset 2FA and guide user through re-enrollment if necessary.""]","[""Badge access is granted successfully and tested at required entry points."", ""User can access required areas without issues."", ""2FA is confirmed to be active and functioning properly.""]",auto_approved,RouterGym\results\analysis_outputs\gold_resolution_eval\gold_matched_production_outputs.jsonl
6459,slm_dominant__base_slm1__esc_llm2__mem_rag_bm25,slm_dominant,slm1,llm2,rag_bm25,re security incident at re card,Access,Access,Access,"Please contact the security team to investigate the security incident with your RE card. If necessary, they will guide you through the process of replacing your card.","[""Contact the security team to report the incident."", ""Follow their instructions for further investigation."", ""If a replacement card is needed, follow their guidance for the replacement process.""]","The ticket falls under the category of Access, as it involves a security issue with a physical access card. However, due to the nature of the security incident, it requires immediate attention from the security team.",False,"{""needs_human"": true, ""needs_llm_escalation"": false, ""policy_gap"": false, ""reasons"": []}",,,True,True,True,1171,0.0005855,1613.124943105504,0.6158864231197694,4,2,1,0,0,2,1,Misses key requirements from gold summary/criteria.; Low alignment with gold resolution steps.,System C,Resolve RE card security incident and verify 2FA status,"[""Confirm role, manager approval, and reason for access."", ""Check user status in physical access control system."", ""Assign appropriate access profile and time schedule."", ""Ask user to test badge at required entry points."", ""Log access level changes for audit."", ""Verify user's 2FA status in the identity provider or security portal."", ""Reset 2FA and guide user through re-enrollment if necessary.""]","[""Badge access is granted successfully and tested at required entry points."", ""User can access required areas without issues."", ""2FA is confirmed to be active and functioning properly.""]",auto_approved,RouterGym\results\analysis_outputs\gold_resolution_eval\gold_matched_production_outputs.jsonl
6459,slm_dominant__base_slm2__esc_llm2__mem_rag_bm25,slm_dominant,slm2,llm2,rag_bm25,re security incident at re card,Access,Access,HR Support,A security incident has been reported regarding re card access. This requires immediate attention to ensure the safety and integrity of the facility.,"[""Confirm user's role and manager approval."", ""Check physical access control system for user status."", ""Assess and assign appropriate access profile."", ""Log access level changes for audit.""]","The ticket mentions a security incident, indicating a potential breach or misuse of access credentials, which falls under restricted area or building access requests.",False,"{""needs_human"": true, ""needs_llm_escalation"": false, ""policy_gap"": false, ""reasons"": []}",,,True,True,True,933,0.0006531000000000001,1507.0084061007947,0.775892436309103,6,2,1,1,2,2,1,Acceptable scoring across all dimensions.,System E,Resolve RE card security incident and verify 2FA status,"[""Confirm role, manager approval, and reason for access."", ""Check user status in physical access control system."", ""Assign appropriate access profile and time schedule."", ""Ask user to test badge at required entry points."", ""Log access level changes for audit."", ""Verify user's 2FA status in the identity provider or security portal."", ""Reset 2FA and guide user through re-enrollment if necessary.""]","[""Badge access is granted successfully and tested at required entry points."", ""User can access required areas without issues."", ""2FA is confirmed to be active and functioning properly.""]",auto_approved,RouterGym\results\analysis_outputs\gold_resolution_eval\gold_matched_production_outputs.jsonl
6459,slm_only__base_slm1__mem_rag_bm25,slm_only,slm1,,rag_bm25,re security incident at re card,Access,Access,Access,"Please contact the security team to investigate the security incident with your RE card. If necessary, they will guide you through the process of replacing your card.","[""Contact the security team to report the incident."", ""Follow their instructions for further investigation."", ""If a replacement card is needed, follow their guidance for the replacement process.""]","The ticket falls under the category of Access, as it involves a security issue with a physical access card. However, due to the nature of the security incident, it requires immediate attention from the security team.",False,"{""needs_human"": true, ""needs_llm_escalation"": false, ""policy_gap"": false, ""reasons"": []}",,,True,True,True,1171,0.0005855,1631.302755093202,0.6158864231197694,4,2,1,0,0,2,1,Misses key requirements from gold summary/criteria.; Low alignment with gold resolution steps.,System A,Resolve RE card security incident and verify 2FA status,"[""Confirm role, manager approval, and reason for access."", ""Check user status in physical access control system."", ""Assign appropriate access profile and time schedule."", ""Ask user to test badge at required entry points."", ""Log access level changes for audit."", ""Verify user's 2FA status in the identity provider or security portal."", ""Reset 2FA and guide user through re-enrollment if necessary.""]","[""Badge access is granted successfully and tested at required entry points."", ""User can access required areas without issues."", ""2FA is confirmed to be active and functioning properly.""]",auto_approved,RouterGym\results\analysis_outputs\gold_resolution_eval\gold_matched_production_outputs.jsonl
6459,slm_only__base_slm2__mem_rag_bm25,slm_only,slm2,,rag_bm25,re security incident at re card,Access,Access,HR Support,A security incident has been reported regarding re card access. This requires immediate attention to ensure the safety and integrity of the facility.,"[""Confirm user's role and manager approval."", ""Check physical access control system for user status."", ""Assess and assign appropriate access profile."", ""Log access level changes for audit.""]","The ticket mentions a security incident, indicating a potential breach or misuse of access credentials, which falls under restricted area or building access requests.",False,"{""needs_human"": true, ""needs_llm_escalation"": false, ""policy_gap"": false, ""reasons"": []}",,,True,True,True,933,0.0006531000000000001,1207.1506241336465,0.775892436309103,6,2,1,1,2,2,1,Acceptable scoring across all dimensions.,System F,Resolve RE card security incident and verify 2FA status,"[""Confirm role, manager approval, and reason for access."", ""Check user status in physical access control system."", ""Assign appropriate access profile and time schedule."", ""Ask user to test badge at required entry points."", ""Log access level changes for audit."", ""Verify user's 2FA status in the identity provider or security portal."", ""Reset 2FA and guide user through re-enrollment if necessary.""]","[""Badge access is granted successfully and tested at required entry points."", ""User can access required areas without issues."", ""2FA is confirmed to be active and functioning properly.""]",auto_approved,RouterGym\results\analysis_outputs\gold_resolution_eval\gold_matched_production_outputs.jsonl
6543,llm_only__base_llm1__mem_rag_bm25,llm_only,llm1,,rag_bm25,drive drive hey please thank best regards user acceptance test companion device ext,Access,Access,Access,"To grant access to the companion device for user acceptance testing, confirm the device path and owning team. Validate approval from the manager or data owner. Add the user to the appropriate AD group and update permissions. Guide the user to log off and back on to test access.","[""Confirm the device path and owning team."", ""Validate manager or data owner approval for access."", ""Add user to the appropriate AD group and update permissions."", ""Guide user to log off and back on to test access.""]","The request involves accessing a shared device for testing, which aligns with shared drive access procedures.",False,"{""needs_human"": false, ""needs_llm_escalation"": false, ""policy_gap"": false, ""reasons"": []}",,,True,True,True,987,0.005921999999999999,4299.823212204501,0.7467751248527906,5,2,1,0,2,2,1,Misses key requirements from gold summary/criteria.,System D,Grant access to shared drive and verify functionality,"[""Confirm the specific share path and identify the owning team."", ""Obtain and validate approval from the manager or data owner."", ""Add the user to the appropriate Active Directory (AD) or Network Attached Storage (NAS) group."", ""Update permissions to reflect the necessary access level."", ""Guide the user through mapping the drive or check that automatic mapping via login script is functioning."", ""Instruct the user to log off and then log back on to ensure changes take effect."", ""Test access by attempting to read and write to the shared drive.""]","[""The user successfully accesses the shared drive without errors."", ""The user confirms ability to perform required operations (read/write) on the shared drive.""]",auto_approved,RouterGym\results\analysis_outputs\gold_resolution_eval\gold_matched_production_outputs.jsonl
6543,llm_only__base_llm2__mem_rag_bm25,llm_only,llm2,,rag_bm25,drive drive hey please thank best regards user acceptance test companion device ext,Access,Access,Access,"To grant access to the companion device for the user acceptance test, follow the steps below. Ensure you have the necessary approvals from the manager or data owner.","[""Confirm the device's location and owning team."", ""Validate manager/data owner approval."", ""Add user to relevant AD group."", ""Guide user to connect to the device."", ""Verify access works as expected.""]","The request pertains to accessing a specific device for testing purposes, aligning with typical access requests for shared resources.",False,"{""needs_human"": false, ""needs_llm_escalation"": false, ""policy_gap"": false, ""reasons"": []}",,,True,True,True,909,0.002727,2136.7859279271215,0.7006014472120845,5,2,1,0,2,2,1,Misses key requirements from gold summary/criteria.,System B,Grant access to shared drive and verify functionality,"[""Confirm the specific share path and identify the owning team."", ""Obtain and validate approval from the manager or data owner."", ""Add the user to the appropriate Active Directory (AD) or Network Attached Storage (NAS) group."", ""Update permissions to reflect the necessary access level."", ""Guide the user through mapping the drive or check that automatic mapping via login script is functioning."", ""Instruct the user to log off and then log back on to ensure changes take effect."", ""Test access by attempting to read and write to the shared drive.""]","[""The user successfully accesses the shared drive without errors."", ""The user confirms ability to perform required operations (read/write) on the shared drive.""]",auto_approved,RouterGym\results\analysis_outputs\gold_resolution_eval\gold_matched_production_outputs.jsonl
6543,slm_dominant__base_slm1__esc_llm2__mem_rag_bm25,slm_dominant,slm1,llm2,rag_bm25,drive drive hey please thank best regards user acceptance test companion device ext,Access,Access,Access,Please confirm the folder path and owning team or application. Validate manager or data owner approval for access. Add user to the appropriate AD group or permissions ACL. Ask user to log off and back on or reconnect mapped drive. Verify read/write access as requested; avoid full control unless required.,"[""Confirm folder path and owning team or application"", ""Validate manager or data owner approval for access"", ""Add user to the appropriate AD group or permissions ACL"", ""Ask user to log off and back on or reconnect mapped drive"", ""Verify read/write access as requested; avoid full control unless required""]","The ticket request indicates a need for access to a shared folder, which matches the pattern of a Shared Folder Access Guide request. The resolution steps involve confirming the folder details, validating approval, adding the user to the appropriate group, and verifying access.",False,"{""needs_human"": false, ""needs_llm_escalation"": false, ""policy_gap"": false, ""reasons"": []}",,,True,True,True,1229,0.0006144999999999999,2275.161091936752,0.7376312159024144,6,2,1,1,2,2,1,Acceptable scoring across all dimensions.,System C,Grant access to shared drive and verify functionality,"[""Confirm the specific share path and identify the owning team."", ""Obtain and validate approval from the manager or data owner."", ""Add the user to the appropriate Active Directory (AD) or Network Attached Storage (NAS) group."", ""Update permissions to reflect the necessary access level."", ""Guide the user through mapping the drive or check that automatic mapping via login script is functioning."", ""Instruct the user to log off and then log back on to ensure changes take effect."", ""Test access by attempting to read and write to the shared drive.""]","[""The user successfully accesses the shared drive without errors."", ""The user confirms ability to perform required operations (read/write) on the shared drive.""]",auto_approved,RouterGym\results\analysis_outputs\gold_resolution_eval\gold_matched_production_outputs.jsonl
6543,slm_dominant__base_slm2__esc_llm2__mem_rag_bm25,slm_dominant,slm2,llm2,rag_bm25,drive drive hey please thank best regards user acceptance test companion device ext,Access,Access,Access,User needs access to an external drive for UAT testing. Follow standard procedures to grant access.,"[""Confirm drive path and ownership."", ""Validate manager approval."", ""Add user to relevant AD group."", ""Guide user to map the drive.""]",Request matches typical patterns for shared drive access requests.,False,"{""needs_human"": false, ""needs_llm_escalation"": false, ""policy_gap"": false, ""reasons"": []}",,,True,True,True,870,0.000609,998.7505280878395,0.68572635921017,5,2,1,1,1,2,1,Acceptable scoring across all dimensions.,System E,Grant access to shared drive and verify functionality,"[""Confirm the specific share path and identify the owning team."", ""Obtain and validate approval from the manager or data owner."", ""Add the user to the appropriate Active Directory (AD) or Network Attached Storage (NAS) group."", ""Update permissions to reflect the necessary access level."", ""Guide the user through mapping the drive or check that automatic mapping via login script is functioning."", ""Instruct the user to log off and then log back on to ensure changes take effect."", ""Test access by attempting to read and write to the shared drive.""]","[""The user successfully accesses the shared drive without errors."", ""The user confirms ability to perform required operations (read/write) on the shared drive.""]",auto_approved,RouterGym\results\analysis_outputs\gold_resolution_eval\gold_matched_production_outputs.jsonl
6543,slm_only__base_slm1__mem_rag_bm25,slm_only,slm1,,rag_bm25,drive drive hey please thank best regards user acceptance test companion device ext,Access,Access,Access,Please confirm the folder path and owning team or application. Validate manager or data owner approval for access. Add user to the appropriate AD group or permissions ACL. Ask user to log off and back on or reconnect mapped drive. Verify read/write access as requested; avoid full control unless required.,"[""Confirm folder path and owning team or application"", ""Validate manager or data owner approval for access"", ""Add user to the appropriate AD group or permissions ACL"", ""Ask user to log off and back on or reconnect mapped drive"", ""Verify read/write access as requested; avoid full control unless required""]","The ticket request indicates a need for access to a shared folder, which matches the pattern of a Shared Folder Access Guide request. The resolution steps involve confirming the folder details, validating approval, adding the user to the appropriate group, and verifying access.",False,"{""needs_human"": false, ""needs_llm_escalation"": false, ""policy_gap"": false, ""reasons"": []}",,,True,True,True,1229,0.0006144999999999999,2301.78304691799,0.7376312159024144,6,2,1,1,2,2,1,Acceptable scoring across all dimensions.,System A,Grant access to shared drive and verify functionality,"[""Confirm the specific share path and identify the owning team."", ""Obtain and validate approval from the manager or data owner."", ""Add the user to the appropriate Active Directory (AD) or Network Attached Storage (NAS) group."", ""Update permissions to reflect the necessary access level."", ""Guide the user through mapping the drive or check that automatic mapping via login script is functioning."", ""Instruct the user to log off and then log back on to ensure changes take effect."", ""Test access by attempting to read and write to the shared drive.""]","[""The user successfully accesses the shared drive without errors."", ""The user confirms ability to perform required operations (read/write) on the shared drive.""]",auto_approved,RouterGym\results\analysis_outputs\gold_resolution_eval\gold_matched_production_outputs.jsonl
6543,slm_only__base_slm2__mem_rag_bm25,slm_only,slm2,,rag_bm25,drive drive hey please thank best regards user acceptance test companion device ext,Access,Access,Access,User needs access to an external drive for UAT testing. Follow standard procedures to grant access.,"[""Confirm drive path and ownership."", ""Validate manager approval."", ""Add user to relevant AD group."", ""Guide user to map the drive.""]",Request matches typical patterns for shared drive access requests.,False,"{""needs_human"": false, ""needs_llm_escalation"": false, ""policy_gap"": false, ""reasons"": []}",,,True,True,True,870,0.000609,1391.9049031101167,0.68572635921017,5,2,1,1,1,2,1,Acceptable scoring across all dimensions.,System F,Grant access to shared drive and verify functionality,"[""Confirm the specific share path and identify the owning team."", ""Obtain and validate approval from the manager or data owner."", ""Add the user to the appropriate Active Directory (AD) or Network Attached Storage (NAS) group."", ""Update permissions to reflect the necessary access level."", ""Guide the user through mapping the drive or check that automatic mapping via login script is functioning."", ""Instruct the user to log off and then log back on to ensure changes take effect."", ""Test access by attempting to read and write to the shared drive.""]","[""The user successfully accesses the shared drive without errors."", ""The user confirms ability to perform required operations (read/write) on the shared drive.""]",auto_approved,RouterGym\results\analysis_outputs\gold_resolution_eval\gold_matched_production_outputs.jsonl
6721,llm_only__base_llm1__mem_rag_bm25,llm_only,llm1,,rag_bm25,unmapped natural account unmapped natural hi please thank kind regards october pm unmapped natural hi please approve mapping translation other costs journal because mapped natural thank regards,Access,Access,Access,"To approve the mapping translation for the other costs journal, verify the requester's identity and approval, identify the exact system and role level, check for existing access, and apply the change via the appropriate tool. Ask the user to log off and back in to refresh permissions and confirm the access works.","[""Verify the requester's identity and approval from the manager or system owner."", ""Identify the exact system and role level required for the mapping translation."", ""Check for existing access to avoid duplicates."", ""Apply the change via the IAM tool, AD group, or application admin console."", ""Ask the user to log off and back in to refresh permissions and confirm the access works.""]","The request involves approving a mapping translation for a journal entry, which falls under access management. The steps involve verifying identity, identifying the system, checking for existing access, and applying the change.",False,"{""needs_human"": false, ""needs_llm_escalation"": false, ""policy_gap"": false, ""reasons"": []}",,,True,True,True,1156,0.006935999999999,5499.435914913192,0.7171137841941543,7,2,1,2,2,2,2,Acceptable scoring across all dimensions.,System D,Approval for Mapping Translation and Other Costs Journal Access,"[""Verify the identity of the requester and obtain approval from the manager or system owner."", ""Determine the specific system, group, or repository where access is needed and the required role level."", ""Review current access levels to prevent duplication."", ""Implement the access change using the IAM tool, AD group management, or the application's admin console."", ""Instruct the user to log out and log back in to refresh their permissions."", ""Test the access by performing key actions and document the groups/roles applied in the ticket.""]","[""The user has been granted access to the Mapping Translation and Other Costs Journal."", ""The user can successfully perform necessary actions within the system without issues.""]",auto_approved,RouterGym\results\analysis_outputs\gold_resolution_eval\gold_matched_production_outputs.jsonl
6721,llm_only__base_llm2__mem_rag_bm25,llm_only,llm2,,rag_bm25,unmapped natural account unmapped natural hi please thank kind regards october pm unmapped natural hi please approve mapping translation other costs journal because mapped natural thank regards,Access,Access,Access,"This ticket requests approval for mapping translation of other costs journal entries. The process involves verifying the request, identifying the specific journal entry, checking for existing mappings, applying the change, and confirming the new mapping works correctly.","[""Verify the requester's identity and approval."", ""Identify the specific journal entry requiring mapping."", ""Check for any existing mappings to avoid duplication."", ""Apply the requested mapping through the appropriate system."", ""Confirm the new mapping works correctly.""]","The ticket mentions approving a mapping translation for other costs journal, which aligns with the access category related to system modifications and updates.",False,"{""needs_human"": false, ""needs_llm_escalation"": false, ""policy_gap"": false, ""reasons"": []}",,,True,True,True,1025,0.003075,2379.68902499415,0.6034775214218401,6,2,1,2,1,2,1,Acceptable scoring across all dimensions.,System B,Approval for Mapping Translation and Other Costs Journal Access,"[""Verify the identity of the requester and obtain approval from the manager or system owner."", ""Determine the specific system, group, or repository where access is needed and the required role level."", ""Review current access levels to prevent duplication."", ""Implement the access change using the IAM tool, AD group management, or the application's admin console."", ""Instruct the user to log out and log back in to refresh their permissions."", ""Test the access by performing key actions and document the groups/roles applied in the ticket.""]","[""The user has been granted access to the Mapping Translation and Other Costs Journal."", ""The user can successfully perform necessary actions within the system without issues.""]",auto_approved,RouterGym\results\analysis_outputs\gold_resolution_eval\gold_matched_production_outputs.jsonl
6721,slm_dominant__base_slm1__esc_llm2__mem_rag_bm25,slm_dominant,slm1,llm2,rag_bm25,unmapped natural account unmapped natural hi please thank kind regards october pm unmapped natural hi please approve mapping translation other costs journal because mapped natural thank regards,Access,Access,Access,Your request for mapping 'other costs' to a journal account has been approved.,"[""Verify the account details."", ""Update the account mapping to the journal account."", ""Confirm the update in the accounting system."", ""Inform you of the successful update.""]","The account was previously mapped to a natural account, but you've requested a change to a journal account.",False,"{""needs_human"": false, ""needs_llm_escalation"": false, ""policy_gap"": false, ""reasons"": []}",,,True,True,True,1241,0.0006205000000000001,1564.0791549813002,0.5689586866368819,3,0,1,2,0,2,1,Low category alignment.; Low alignment with gold resolution steps.; Very short answer.,System C,Approval for Mapping Translation and Other Costs Journal Access,"[""Verify the identity of the requester and obtain approval from the manager or system owner."", ""Determine the specific system, group, or repository where access is needed and the required role level."", ""Review current access levels to prevent duplication."", ""Implement the access change using the IAM tool, AD group management, or the application's admin console."", ""Instruct the user to log out and log back in to refresh their permissions."", ""Test the access by performing key actions and document the groups/roles applied in the ticket.""]","[""The user has been granted access to the Mapping Translation and Other Costs Journal."", ""The user can successfully perform necessary actions within the system without issues.""]",auto_approved,RouterGym\results\analysis_outputs\gold_resolution_eval\gold_matched_production_outputs.jsonl
6721,slm_dominant__base_slm2__esc_llm2__mem_rag_bm25,slm_dominant,slm2,llm2,rag_bm25,unmapped natural account unmapped natural hi please thank kind regards october pm unmapped natural hi please approve mapping translation other costs journal because mapped natural thank regards,Access,Access,Access,Mapping natural accounts requires verification and approval to ensure correct access is granted.,"[""Verify requester identity and approval."", ""Identify exact system and role required."", ""Check for existing access."", ""Apply change via appropriate tool."", ""Confirm access works.""]","The request involves mapping a natural account, which falls under the access category requiring standard workflow steps.",False,"{""needs_human"": false, ""needs_llm_escalation"": false, ""policy_gap"": false, ""reasons"": []}",,,True,True,True,978,0.0006845999999999999,1357.5960788875818,0.5872316401478411,3,2,1,1,1,2,1,Very short answer.,System E,Approval for Mapping Translation and Other Costs Journal Access,"[""Verify the identity of the requester and obtain approval from the manager or system owner."", ""Determine the specific system, group, or repository where access is needed and the required role level."", ""Review current access levels to prevent duplication."", ""Implement the access change using the IAM tool, AD group management, or the application's admin console."", ""Instruct the user to log out and log back in to refresh their permissions."", ""Test the access by performing key actions and document the groups/roles applied in the ticket.""]","[""The user has been granted access to the Mapping Translation and Other Costs Journal."", ""The user can successfully perform necessary actions within the system without issues.""]",auto_approved,RouterGym\results\analysis_outputs\gold_resolution_eval\gold_matched_production_outputs.jsonl
6721,slm_only__base_slm1__mem_rag_bm25,slm_only,slm1,,rag_bm25,unmapped natural account unmapped natural hi please thank kind regards october pm unmapped natural hi please approve mapping translation other costs journal because mapped natural thank regards,Access,Access,Access,Your request for mapping 'other costs' to a journal account has been approved.,"[""Verify the account details."", ""Update the account mapping to the journal account."", ""Confirm the update in the accounting system."", ""Inform you of the successful update.""]","The account was previously mapped to a natural account, but you've requested a change to a journal account.",False,"{""needs_human"": false, ""needs_llm_escalation"": false, ""policy_gap"": false, ""reasons"": []}",,,True,True,True,1241,0.0006205000000000001,1607.6207680162042,0.5689586866368819,3,0,1,2,0,2,1,Low category alignment.; Low alignment with gold resolution steps.; Very short answer.,System A,Approval for Mapping Translation and Other Costs Journal Access,"[""Verify the identity of the requester and obtain approval from the manager or system owner."", ""Determine the specific system, group, or repository where access is needed and the required role level."", ""Review current access levels to prevent duplication."", ""Implement the access change using the IAM tool, AD group management, or the application's admin console."", ""Instruct the user to log out and log back in to refresh their permissions."", ""Test the access by performing key actions and document the groups/roles applied in the ticket.""]","[""The user has been granted access to the Mapping Translation and Other Costs Journal."", ""The user can successfully perform necessary actions within the system without issues.""]",auto_approved,RouterGym\results\analysis_outputs\gold_resolution_eval\gold_matched_production_outputs.jsonl
6721,slm_only__base_slm2__mem_rag_bm25,slm_only,slm2,,rag_bm25,unmapped natural account unmapped natural hi please thank kind regards october pm unmapped natural hi please approve mapping translation other costs journal because mapped natural thank regards,Access,Access,Access,Mapping natural accounts requires verification and approval to ensure correct access is granted.,"[""Verify requester identity and approval."", ""Identify exact system and role required."", ""Check for existing access."", ""Apply change via appropriate tool."", ""Confirm access works.""]","The request involves mapping a natural account, which falls under the access category requiring standard workflow steps.",False,"{""needs_human"": false, ""needs_llm_escalation"": false, ""policy_gap"": false, ""reasons"": []}",,,True,True,True,978,0.0006845999999999999,1066.550119081512,0.5872316401478411,3,2,1,1,1,2,1,Very short answer.,System F,Approval for Mapping Translation and Other Costs Journal Access,"[""Verify the identity of the requester and obtain approval from the manager or system owner."", ""Determine the specific system, group, or repository where access is needed and the required role level."", ""Review current access levels to prevent duplication."", ""Implement the access change using the IAM tool, AD group management, or the application's admin console."", ""Instruct the user to log out and log back in to refresh their permissions."", ""Test the access by performing key actions and document the groups/roles applied in the ticket.""]","[""The user has been granted access to the Mapping Translation and Other Costs Journal."", ""The user can successfully perform necessary actions within the system without issues.""]",auto_approved,RouterGym\results\analysis_outputs\gold_resolution_eval\gold_matched_production_outputs.jsonl
6826,llm_only__base_llm1__mem_rag_bm25,llm_only,llm1,,rag_bm25,remove assets from assets hello please make assets please thank application engineer ext,Administrative rights,Administrative rights,Access,"To remove assets from the application and create new ones, follow the standard access request flow. Verify your identity and approval, identify the exact systems and roles, and apply the changes via the appropriate tools. Log off and back in to refresh permissions.","[""Verify requester identity and approval from manager or system owner."", ""Identify exact system, group, or repository required and role level."", ""Check for existing access to avoid duplicates."", ""Apply change via IAM tool, AD group, or application admin console."", ""Ask user to log off and back in to refresh permissions.""]","The request involves modifying access to assets within an application, which falls under the access request flow.",False,"{""needs_human"": false, ""needs_llm_escalation"": false, ""policy_gap"": false, ""reasons"": []}",,,True,True,True,1075,0.006449999999999001,4594.243379076943,0.4796614575924646,3,0,1,0,1,2,1,Low category alignment.; Misses key requirements from gold summary/criteria.,System D,Remove corporate assets from inventory,"[""1. Verify the requester's identity and authority to request asset removal."", ""2. Identify the specific assets to be removed by checking asset tags and serial numbers."", ""3. Update the asset database to reflect the removal, including marking assets as decommissioned."", ""4. Ensure that all relevant information such as warranty status and disposal details are recorded."", ""5. Confirm with the requester that the assets have been successfully removed from the system."", ""6. If necessary, provide documentation or confirmation of the asset removal for audit purposes.""]","[""Assets are accurately removed from the inventory system"", ""Requester receives confirmation of asset removal"", ""Documentation is provided for audit compliance if required""]",auto_approved,RouterGym\results\analysis_outputs\gold_resolution_eval\gold_matched_production_outputs.jsonl
6826,llm_only__base_llm2__mem_rag_bm25,llm_only,llm2,,rag_bm25,remove assets from assets hello please make assets please thank application engineer ext,Administrative rights,Administrative rights,Administrative rights,This request pertains to managing corporate assets and aligns with administrative tasks. Ensure proper authorization and follow the standard workflow for asset management.,"[""Verify requester's authority."", ""Identify specific assets to be removed."", ""Initiate removal process following company policy."", ""Create new assets as requested."", ""Thank the application engineer formally.""]","The request involves modifying corporate resources, which requires adherence to company policies regarding asset management and administrative rights.",False,"{""needs_human"": false, ""needs_llm_escalation"": false, ""policy_gap"": false, ""reasons"": []}",,,True,True,True,965,0.002895,2088.068762095645,0.4953835242884248,5,2,1,1,1,2,1,Acceptable scoring across all dimensions.,System B,Remove corporate assets from inventory,"[""1. Verify the requester's identity and authority to request asset removal."", ""2. Identify the specific assets to be removed by checking asset tags and serial numbers."", ""3. Update the asset database to reflect the removal, including marking assets as decommissioned."", ""4. Ensure that all relevant information such as warranty status and disposal details are recorded."", ""5. Confirm with the requester that the assets have been successfully removed from the system."", ""6. If necessary, provide documentation or confirmation of the asset removal for audit purposes.""]","[""Assets are accurately removed from the inventory system"", ""Requester receives confirmation of asset removal"", ""Documentation is provided for audit compliance if required""]",auto_approved,RouterGym\results\analysis_outputs\gold_resolution_eval\gold_matched_production_outputs.jsonl
6826,slm_dominant__base_slm1__esc_llm2__mem_rag_bm25,slm_dominant,slm1,llm2,rag_bm25,remove assets from assets hello please make assets please thank application engineer ext,Administrative rights,Administrative rights,Miscellaneous,"I'm sorry, but this request is out of scope for IT support. You may need to contact the application engineer or the appropriate department for asset creation.","[""Identify whether the request relates to corporate assets or services."", ""Politely explain support boundaries."", ""Provide guidance for self-help or appropriate external vendor.""]","The ticket pattern indicates a request for creating assets, which is not a corporate service or asset that IT supports.",False,"{""needs_human"": false, ""needs_llm_escalation"": false, ""policy_gap"": false, ""reasons"": []}",,,True,True,True,1188,0.0005939999999990001,1415.3635539114475,0.4904731322123396,3,0,1,0,1,2,0,Low category alignment.; Misses key requirements from gold summary/criteria.; Low policy/gold grounding.,System C,Remove corporate assets from inventory,"[""1. Verify the requester's identity and authority to request asset removal."", ""2. Identify the specific assets to be removed by checking asset tags and serial numbers."", ""3. Update the asset database to reflect the removal, including marking assets as decommissioned."", ""4. Ensure that all relevant information such as warranty status and disposal details are recorded."", ""5. Confirm with the requester that the assets have been successfully removed from the system."", ""6. If necessary, provide documentation or confirmation of the asset removal for audit purposes.""]","[""Assets are accurately removed from the inventory system"", ""Requester receives confirmation of asset removal"", ""Documentation is provided for audit compliance if required""]",auto_approved,RouterGym\results\analysis_outputs\gold_resolution_eval\gold_matched_production_outputs.jsonl
6826,slm_dominant__base_slm2__esc_llm2__mem_rag_bm25,slm_dominant,slm2,llm2,rag_bm25,remove assets from assets hello please make assets please thank application engineer ext,Administrative rights,Administrative rights,Administrative rights,"The request involves managing corporate assets, which falls within IT's scope but requires clarification on specific details.","[""Verify asset details and approvals."", ""Check for existing assets."", ""Remove old assets."", ""Create new assets."", ""Confirm asset status.""]","The request mentions removing and creating assets, indicating it pertains to corporate resources managed by IT.",False,"{""needs_human"": false, ""needs_llm_escalation"": false, ""policy_gap"": false, ""reasons"": []}",,,True,True,True,940,0.000658,1127.997110132128,0.4658840803330532,4,0,1,1,1,2,1,Low category alignment.,System E,Remove corporate assets from inventory,"[""1. Verify the requester's identity and authority to request asset removal."", ""2. Identify the specific assets to be removed by checking asset tags and serial numbers."", ""3. Update the asset database to reflect the removal, including marking assets as decommissioned."", ""4. Ensure that all relevant information such as warranty status and disposal details are recorded."", ""5. Confirm with the requester that the assets have been successfully removed from the system."", ""6. If necessary, provide documentation or confirmation of the asset removal for audit purposes.""]","[""Assets are accurately removed from the inventory system"", ""Requester receives confirmation of asset removal"", ""Documentation is provided for audit compliance if required""]",auto_approved,RouterGym\results\analysis_outputs\gold_resolution_eval\gold_matched_production_outputs.jsonl
6826,slm_only__base_slm1__mem_rag_bm25,slm_only,slm1,,rag_bm25,remove assets from assets hello please make assets please thank application engineer ext,Administrative rights,Administrative rights,Miscellaneous,"I'm sorry, but this request is out of scope for IT support. You may need to contact the application engineer or the appropriate department for asset creation.","[""Identify whether the request relates to corporate assets or services."", ""Politely explain support boundaries."", ""Provide guidance for self-help or appropriate external vendor.""]","The ticket pattern indicates a request for creating assets, which is not a corporate service or asset that IT supports.",False,"{""needs_human"": false, ""needs_llm_escalation"": false, ""policy_gap"": false, ""reasons"": []}",,,True,True,True,1188,0.0005939999999990001,1449.055585078895,0.4904731322123396,3,0,1,0,1,2,0,Low category alignment.; Misses key requirements from gold summary/criteria.; Low policy/gold grounding.,System A,Remove corporate assets from inventory,"[""1. Verify the requester's identity and authority to request asset removal."", ""2. Identify the specific assets to be removed by checking asset tags and serial numbers."", ""3. Update the asset database to reflect the removal, including marking assets as decommissioned."", ""4. Ensure that all relevant information such as warranty status and disposal details are recorded."", ""5. Confirm with the requester that the assets have been successfully removed from the system."", ""6. If necessary, provide documentation or confirmation of the asset removal for audit purposes.""]","[""Assets are accurately removed from the inventory system"", ""Requester receives confirmation of asset removal"", ""Documentation is provided for audit compliance if required""]",auto_approved,RouterGym\results\analysis_outputs\gold_resolution_eval\gold_matched_production_outputs.jsonl
6826,slm_only__base_slm2__mem_rag_bm25,slm_only,slm2,,rag_bm25,remove assets from assets hello please make assets please thank application engineer ext,Administrative rights,Administrative rights,Administrative rights,"The request involves managing corporate assets, which falls within IT's scope but requires clarification on specific details.","[""Verify asset details and approvals."", ""Check for existing assets."", ""Remove old assets."", ""Create new assets."", ""Confirm asset status.""]","The request mentions removing and creating assets, indicating it pertains to corporate resources managed by IT.",False,"{""needs_human"": false, ""needs_llm_escalation"": false, ""policy_gap"": false, ""reasons"": []}",,,True,True,True,940,0.000658,1420.5578879918903,0.4658840803330532,4,0,1,1,1,2,1,Low category alignment.,System F,Remove corporate assets from inventory,"[""1. Verify the requester's identity and authority to request asset removal."", ""2. Identify the specific assets to be removed by checking asset tags and serial numbers."", ""3. Update the asset database to reflect the removal, including marking assets as decommissioned."", ""4. Ensure that all relevant information such as warranty status and disposal details are recorded."", ""5. Confirm with the requester that the assets have been successfully removed from the system."", ""6. If necessary, provide documentation or confirmation of the asset removal for audit purposes.""]","[""Assets are accurately removed from the inventory system"", ""Requester receives confirmation of asset removal"", ""Documentation is provided for audit compliance if required""]",auto_approved,RouterGym\results\analysis_outputs\gold_resolution_eval\gold_matched_production_outputs.jsonl
6847,llm_only__base_llm1__mem_rag_bm25,llm_only,llm1,,rag_bm25,migrate to control hello please create tickets assign queue migrate migrate migrate kind regards engineer friday re control hello guys please turn off won anymore create join under name help configuration after build did yesterday control works fine details schedule call kind regards engineer friday control hello far setup did issues caused by distance satellite ensure control by takes must requires control migrated populated afterwards moved back please work together ensure addressed high priority please reach out additional resources committed effort lead,Hardware,Hardware,Hardware,"To resolve the migration issues, ensure all control systems are properly configured and tested. Verify that the satellite distance is not causing signal interference. If issues persist, consult with the network team to optimize signal strength.","[""Verify all control systems are correctly configured post-migration."", ""Test the control systems to ensure they are functioning as expected."", ""Check for signal interference caused by satellite distance."", ""Consult with the network team to optimize signal strength if necessary.""]","The ticket involves migrating control systems and addressing issues related to satellite distance, indicating a hardware or network problem.",False,"{""needs_human"": false, ""needs_llm_escalation"": false, ""policy_gap"": false, ""reasons"": []}",,,True,True,True,1140,0.006840000000000001,4297.850049100816,0.5072909110818162,5,2,1,1,1,2,1,Acceptable scoring across all dimensions.,System D,Migrate control system to new hardware and address connectivity issues,"[""Schedule a detailed planning call with the engineering team to finalize the migration strategy"", ""Ensure the new hardware is fully set up, configured, and tested before migration"", ""Migrate the control system to the new hardware following the agreed-upon plan"", ""Conduct thorough testing of the control system post-migration to confirm functionality"", ""Address any issues related to distance or satellite connectivity impacting control performance"", ""Review and update the configuration settings to match the new environment"", ""Document all changes made during the migration process for future reference""]","[""The control system is fully functional on the new hardware without any performance degradation"", ""All identified issues, particularly those related to distance or satellite connectivity, are resolved"", ""Access to the control system is properly managed according to the latest access request flow policies""]",auto_approved,RouterGym\results\analysis_outputs\gold_resolution_eval\gold_matched_production_outputs.jsonl
6847,llm_only__base_llm2__mem_rag_bm25,llm_only,llm2,,rag_bm25,migrate to control hello please create tickets assign queue migrate migrate migrate kind regards engineer friday re control hello guys please turn off won anymore create join under name help configuration after build did yesterday control works fine details schedule call kind regards engineer friday control hello far setup did issues caused by distance satellite ensure control by takes must requires control migrated populated afterwards moved back please work together ensure addressed high priority please reach out additional resources committed effort lead,Hardware,Hardware,Hardware,The request involves migrating control systems and addressing hardware issues due to satellite distance. Ensure all necessary configurations are made post-migration and verify system functionality.,"[""Migrate control systems to new environment."", ""Adjust configurations post-migration."", ""Verify system functionality."", ""Ensure satellite distance does not affect control."", ""Schedule follow-up checks.""]",The ticket mentions migration of control systems and hardware issues linked to satellite distance. It requires technical adjustments and validation post-migration.,False,"{""needs_human"": false, ""needs_llm_escalation"": false, ""policy_gap"": false, ""reasons"": []}",,,True,True,True,1052,0.003156,2072.807516902685,0.4960408893933034,6,2,1,1,1,2,2,Acceptable scoring across all dimensions.,System B,Migrate control system to new hardware and address connectivity issues,"[""Schedule a detailed planning call with the engineering team to finalize the migration strategy"", ""Ensure the new hardware is fully set up, configured, and tested before migration"", ""Migrate the control system to the new hardware following the agreed-upon plan"", ""Conduct thorough testing of the control system post-migration to confirm functionality"", ""Address any issues related to distance or satellite connectivity impacting control performance"", ""Review and update the configuration settings to match the new environment"", ""Document all changes made during the migration process for future reference""]","[""The control system is fully functional on the new hardware without any performance degradation"", ""All identified issues, particularly those related to distance or satellite connectivity, are resolved"", ""Access to the control system is properly managed according to the latest access request flow policies""]",auto_approved,RouterGym\results\analysis_outputs\gold_resolution_eval\gold_matched_production_outputs.jsonl
6847,slm_dominant__base_slm1__esc_llm2__mem_rag_bm25,slm_dominant,slm1,llm2,rag_bm25,migrate to control hello please create tickets assign queue migrate migrate migrate kind regards engineer friday re control hello guys please turn off won anymore create join under name help configuration after build did yesterday control works fine details schedule call kind regards engineer friday control hello far setup did issues caused by distance satellite ensure control by takes must requires control migrated populated afterwards moved back please work together ensure addressed high priority please reach out additional resources committed effort lead,Hardware,Hardware,Hardware,The request involves migrating control systems and addressing hardware issues due to satellite distance. Ensure all necessary configurations are made post-migration and verify system functionality.,"[""Migrate control systems to new environment."", ""Adjust configurations post-migration."", ""Verify system functionality."", ""Ensure satellite distance does not affect control."", ""Schedule follow-up checks.""]",The ticket mentions migration of control systems and hardware issues linked to satellite distance. It requires technical adjustments and validation post-migration.,True,"{""needs_human"": false, ""needs_llm_escalation"": true, ""policy_gap"": false, ""reasons"": [""long_ticket""]}",,,True,True,True,2425,0.0038425,3810.971030034125,0.4960408893933034,5,2,1,1,1,1,2,Unnecessary escalation flagged.,System C,Migrate control system to new hardware and address connectivity issues,"[""Schedule a detailed planning call with the engineering team to finalize the migration strategy"", ""Ensure the new hardware is fully set up, configured, and tested before migration"", ""Migrate the control system to the new hardware following the agreed-upon plan"", ""Conduct thorough testing of the control system post-migration to confirm functionality"", ""Address any issues related to distance or satellite connectivity impacting control performance"", ""Review and update the configuration settings to match the new environment"", ""Document all changes made during the migration process for future reference""]","[""The control system is fully functional on the new hardware without any performance degradation"", ""All identified issues, particularly those related to distance or satellite connectivity, are resolved"", ""Access to the control system is properly managed according to the latest access request flow policies""]",auto_approved,RouterGym\results\analysis_outputs\gold_resolution_eval\gold_matched_production_outputs.jsonl
6847,slm_dominant__base_slm2__esc_llm2__mem_rag_bm25,slm_dominant,slm2,llm2,rag_bm25,migrate to control hello please create tickets assign queue migrate migrate migrate kind regards engineer friday re control hello guys please turn off won anymore create join under name help configuration after build did yesterday control works fine details schedule call kind regards engineer friday control hello far setup did issues caused by distance satellite ensure control by takes must requires control migrated populated afterwards moved back please work together ensure addressed high priority please reach out additional resources committed effort lead,Hardware,Hardware,Hardware,The request involves migrating control systems and addressing hardware issues due to satellite distance. Ensure all necessary configurations are made post-migration and verify system functionality.,"[""Migrate control systems to new environment."", ""Adjust configurations post-migration."", ""Verify system functionality."", ""Ensure satellite distance does not affect control."", ""Schedule follow-up checks.""]",The ticket mentions migration of control systems and hardware issues linked to satellite distance. It requires technical adjustments and validation post-migration.,True,"{""needs_human"": false, ""needs_llm_escalation"": true, ""policy_gap"": false, ""reasons"": [""long_ticket""]}",,,True,True,True,2092,0.003884,2945.586681133136,0.4960408893933034,5,2,1,1,1,1,2,Unnecessary escalation flagged.,System E,Migrate control system to new hardware and address connectivity issues,"[""Schedule a detailed planning call with the engineering team to finalize the migration strategy"", ""Ensure the new hardware is fully set up, configured, and tested before migration"", ""Migrate the control system to the new hardware following the agreed-upon plan"", ""Conduct thorough testing of the control system post-migration to confirm functionality"", ""Address any issues related to distance or satellite connectivity impacting control performance"", ""Review and update the configuration settings to match the new environment"", ""Document all changes made during the migration process for future reference""]","[""The control system is fully functional on the new hardware without any performance degradation"", ""All identified issues, particularly those related to distance or satellite connectivity, are resolved"", ""Access to the control system is properly managed according to the latest access request flow policies""]",auto_approved,RouterGym\results\analysis_outputs\gold_resolution_eval\gold_matched_production_outputs.jsonl
6847,slm_only__base_slm1__mem_rag_bm25,slm_only,slm1,,rag_bm25,migrate to control hello please create tickets assign queue migrate migrate migrate kind regards engineer friday re control hello guys please turn off won anymore create join under name help configuration after build did yesterday control works fine details schedule call kind regards engineer friday control hello far setup did issues caused by distance satellite ensure control by takes must requires control migrated populated afterwards moved back please work together ensure addressed high priority please reach out additional resources committed effort lead,Hardware,Hardware,Hardware,"To migrate control to 'hello', follow these steps: 1. Confirm the hardware specifications and satellite connection. 2. Validate the distance impact on the control performance. 3. Ensure the control is properly configured for the new location. 4. Test the control after migration. 5. Address any issues that may arise during the process.","[""Confirm hardware specifications and satellite connection"", ""Validate distance impact on control performance"", ""Ensure proper configuration for the new location"", ""Test control after migration"", ""Address any issues that may arise during the process""]","The request involves migrating control to a new location, which may be affected by distance and satellite connection. It is essential to confirm the hardware specifications, validate the impact of distance, and ensure proper configuration to maintain control performance.",False,"{""needs_human"": false, ""needs_llm_escalation"": false, ""policy_gap"": false, ""reasons"": []}",,,True,True,True,1373,0.0006864999999999999,2044.2208608146757,0.5033185314436681,8,2,2,1,2,2,2,Acceptable scoring across all dimensions.,System A,Migrate control system to new hardware and address connectivity issues,"[""Schedule a detailed planning call with the engineering team to finalize the migration strategy"", ""Ensure the new hardware is fully set up, configured, and tested before migration"", ""Migrate the control system to the new hardware following the agreed-upon plan"", ""Conduct thorough testing of the control system post-migration to confirm functionality"", ""Address any issues related to distance or satellite connectivity impacting control performance"", ""Review and update the configuration settings to match the new environment"", ""Document all changes made during the migration process for future reference""]","[""The control system is fully functional on the new hardware without any performance degradation"", ""All identified issues, particularly those related to distance or satellite connectivity, are resolved"", ""Access to the control system is properly managed according to the latest access request flow policies""]",auto_approved,RouterGym\results\analysis_outputs\gold_resolution_eval\gold_matched_production_outputs.jsonl
6847,slm_only__base_slm2__mem_rag_bm25,slm_only,slm2,,rag_bm25,migrate to control hello please create tickets assign queue migrate migrate migrate kind regards engineer friday re control hello guys please turn off won anymore create join under name help configuration after build did yesterday control works fine details schedule call kind regards engineer friday control hello far setup did issues caused by distance satellite ensure control by takes must requires control migrated populated afterwards moved back please work together ensure addressed high priority please reach out additional resources committed effort lead,Hardware,Hardware,Miscellaneous,Issues related to the control system require immediate attention and coordination among team members. Ensure all necessary resources are available and follow the migration steps carefully.,"[""Review current system configuration."", ""Plan migration steps and timeline."", ""Assign tasks to team members."", ""Monitor progress and address issues promptly.""]","The request involves migrating a critical system and addressing high-priority issues, indicating a need for detailed planning and coordination.",False,"{""needs_human"": false, ""needs_llm_escalation"": false, ""policy_gap"": false, ""reasons"": []}",,,True,True,True,1040,0.0007279999999999999,1223.0534348636866,0.468825666079656,4,0,1,1,1,2,1,Low category alignment.,System F,Migrate control system to new hardware and address connectivity issues,"[""Schedule a detailed planning call with the engineering team to finalize the migration strategy"", ""Ensure the new hardware is fully set up, configured, and tested before migration"", ""Migrate the control system to the new hardware following the agreed-upon plan"", ""Conduct thorough testing of the control system post-migration to confirm functionality"", ""Address any issues related to distance or satellite connectivity impacting control performance"", ""Review and update the configuration settings to match the new environment"", ""Document all changes made during the migration process for future reference""]","[""The control system is fully functional on the new hardware without any performance degradation"", ""All identified issues, particularly those related to distance or satellite connectivity, are resolved"", ""Access to the control system is properly managed according to the latest access request flow policies""]",auto_approved,RouterGym\results\analysis_outputs\gold_resolution_eval\gold_matched_production_outputs.jsonl
6900,llm_only__base_llm1__mem_rag_bm25,llm_only,llm1,,rag_bm25,new purchase po purchase po dear purchased requested by mouse swift grey please log allocation please take consideration mandatory receipts section order receive item ordered how video please explorer kind regards administrator,Purchase,Purchase,Purchase,"To log a new purchase order for a grey mouse swift, ensure you have access to the procurement system. Verify the correct cost centre, GL code, and vendor. Submit the PO and await approval. Once approved, you will receive the PO number and can track the order.","[""Verify access to the procurement system."", ""Ensure correct cost centre, GL code, and vendor are selected."", ""Submit the PO and await approval."", ""Track the order once approved.""]","The request involves creating a new purchase order for a specific item. The steps involve logging the PO, ensuring correct details, and awaiting approval.",False,"{""needs_human"": false, ""needs_llm_escalation"": false, ""policy_gap"": false, ""reasons"": []}",,,True,True,True,1063,0.006378,4367.525016190484,0.6399669076080119,6,2,1,1,2,2,1,Acceptable scoring across all dimensions.,System D,New Purchase PO Allocation and Receipt,"[""Verify that Mouse Swift Grey has access to the procurement system."", ""Check the status of the PO (draft, awaiting approval, approved, closed)."", ""Ensure the correct cost centre, GL code, and vendor are selected."", ""Guide Mouse Swift Grey through fixing any validation errors and resubmitting the PO."", ""Confirm PO approval and share the PO number with Mouse Swift Grey."", ""Retrieve the courier tracking information for the ordered item."", ""Update the ticket with the estimated time of arrival (ETA) and delivery confirmation.""]","[""The PO is approved and allocated correctly."", ""Mouse Swift Grey has received the PO number and the item ordered."", ""The courier tracking information is provided and the delivery is confirmed.""]",auto_approved,RouterGym\results\analysis_outputs\gold_resolution_eval\gold_matched_production_outputs.jsonl
6900,llm_only__base_llm2__mem_rag_bm25,llm_only,llm2,,rag_bm25,new purchase po purchase po dear purchased requested by mouse swift grey please log allocation please take consideration mandatory receipts section order receive item ordered how video please explorer kind regards administrator,Purchase,Purchase,Purchase,"The request involves creating a new purchase order for a grey mouse swift, ensuring proper logging of receipts and correct cost allocation. Follow the standard purchase order workflow and ensure all necessary details are accurately entered into the procurement system.","[""Verify requester's access to procurement system."", ""Check PO status and ensure correct details are entered."", ""Apply correct cost centre and GL codes."", ""Fix any validation errors and resubmit."", ""Share PO number with requester.""]",The ticket indicates a new purchase request with specific product details and mandatory receipt logging requirements. It aligns with typical purchase order creation scenarios involving IT items.,False,"{""needs_human"": false, ""needs_llm_escalation"": false, ""policy_gap"": false, ""reasons"": []}",,,True,True,True,997,0.0029909999999999997,2456.097258022055,0.6104353988511009,5,2,1,1,1,2,1,Acceptable scoring across all dimensions.,System B,New Purchase PO Allocation and Receipt,"[""Verify that Mouse Swift Grey has access to the procurement system."", ""Check the status of the PO (draft, awaiting approval, approved, closed)."", ""Ensure the correct cost centre, GL code, and vendor are selected."", ""Guide Mouse Swift Grey through fixing any validation errors and resubmitting the PO."", ""Confirm PO approval and share the PO number with Mouse Swift Grey."", ""Retrieve the courier tracking information for the ordered item."", ""Update the ticket with the estimated time of arrival (ETA) and delivery confirmation.""]","[""The PO is approved and allocated correctly."", ""Mouse Swift Grey has received the PO number and the item ordered."", ""The courier tracking information is provided and the delivery is confirmed.""]",auto_approved,RouterGym\results\analysis_outputs\gold_resolution_eval\gold_matched_production_outputs.jsonl
6900,slm_dominant__base_slm1__esc_llm2__mem_rag_bm25,slm_dominant,slm1,llm2,rag_bm25,new purchase po purchase po dear purchased requested by mouse swift grey please log allocation please take consideration mandatory receipts section order receive item ordered how video please explorer kind regards administrator,Purchase,Purchase,Purchase,"The IT department will process your purchase order for the Swift Grey Mouse. Please allow some time for budget approval and cost allocation. Once approved, you will receive the PO number.","[""Confirm requester has access to procurement system"", ""Validate budget availability for the purchase"", ""Apply correct cost centre and GL codes in procurement system"", ""Document final allocation in ticket and PO notes""]","The ticket falls under the Purchase Order Workflow and Budget Approval and Cost Allocation categories. It requires verification of the requester, budget availability, and correct cost centre allocation.",False,"{""needs_human"": false, ""needs_llm_escalation"": false, ""policy_gap"": false, ""reasons"": []}",,,True,True,True,1265,0.0006324999999990001,1787.378906039521,0.5931881887140793,5,2,1,1,1,2,1,Acceptable scoring across all dimensions.,System C,New Purchase PO Allocation and Receipt,"[""Verify that Mouse Swift Grey has access to the procurement system."", ""Check the status of the PO (draft, awaiting approval, approved, closed)."", ""Ensure the correct cost centre, GL code, and vendor are selected."", ""Guide Mouse Swift Grey through fixing any validation errors and resubmitting the PO."", ""Confirm PO approval and share the PO number with Mouse Swift Grey."", ""Retrieve the courier tracking information for the ordered item."", ""Update the ticket with the estimated time of arrival (ETA) and delivery confirmation.""]","[""The PO is approved and allocated correctly."", ""Mouse Swift Grey has received the PO number and the item ordered."", ""The courier tracking information is provided and the delivery is confirmed.""]",auto_approved,RouterGym\results\analysis_outputs\gold_resolution_eval\gold_matched_production_outputs.jsonl
6900,slm_dominant__base_slm2__esc_llm2__mem_rag_bm25,slm_dominant,slm2,llm2,rag_bm25,new purchase po purchase po dear purchased requested by mouse swift grey please log allocation please take consideration mandatory receipts section order receive item ordered how video please explorer kind regards administrator,Purchase,Purchase,Purchase,The ticket involves a purchase order needing allocation and mandatory receipt section handling.,"[""Verify requester's procurement system access."", ""Check PO status and ensure correct details."", ""Guide through fixing any validation errors."", ""Confirm PO approval and share PO number.""]","The request mentions PO and allocation, indicating a purchase order issue requiring action in the mandatory receipts section.",False,"{""needs_human"": false, ""needs_llm_escalation"": false, ""policy_gap"": false, ""reasons"": []}",,,True,True,True,940,0.000658,1080.127923982218,0.6140269364724031,3,2,0,2,2,2,1,Answer lacks actionable steps.; Very short answer.,System E,New Purchase PO Allocation and Receipt,"[""Verify that Mouse Swift Grey has access to the procurement system."", ""Check the status of the PO (draft, awaiting approval, approved, closed)."", ""Ensure the correct cost centre, GL code, and vendor are selected."", ""Guide Mouse Swift Grey through fixing any validation errors and resubmitting the PO."", ""Confirm PO approval and share the PO number with Mouse Swift Grey."", ""Retrieve the courier tracking information for the ordered item."", ""Update the ticket with the estimated time of arrival (ETA) and delivery confirmation.""]","[""The PO is approved and allocated correctly."", ""Mouse Swift Grey has received the PO number and the item ordered."", ""The courier tracking information is provided and the delivery is confirmed.""]",auto_approved,RouterGym\results\analysis_outputs\gold_resolution_eval\gold_matched_production_outputs.jsonl
6900,slm_only__base_slm1__mem_rag_bm25,slm_only,slm1,,rag_bm25,new purchase po purchase po dear purchased requested by mouse swift grey please log allocation please take consideration mandatory receipts section order receive item ordered how video please explorer kind regards administrator,Purchase,Purchase,Purchase,"The IT department will process your purchase order for the Swift Grey Mouse. Please allow some time for budget approval and cost allocation. Once approved, you will receive the PO number.","[""Confirm requester has access to procurement system"", ""Validate budget availability for the purchase"", ""Apply correct cost centre and GL codes in procurement system"", ""Document final allocation in ticket and PO notes""]","The ticket falls under the Purchase Order Workflow and Budget Approval and Cost Allocation categories. It requires verification of the requester, budget availability, and correct cost centre allocation.",False,"{""needs_human"": false, ""needs_llm_escalation"": false, ""policy_gap"": false, ""reasons"": []}",,,True,True,True,1265,0.0006324999999990001,1817.439400125295,0.5931881887140793,5,2,1,1,1,2,1,Acceptable scoring across all dimensions.,System A,New Purchase PO Allocation and Receipt,"[""Verify that Mouse Swift Grey has access to the procurement system."", ""Check the status of the PO (draft, awaiting approval, approved, closed)."", ""Ensure the correct cost centre, GL code, and vendor are selected."", ""Guide Mouse Swift Grey through fixing any validation errors and resubmitting the PO."", ""Confirm PO approval and share the PO number with Mouse Swift Grey."", ""Retrieve the courier tracking information for the ordered item."", ""Update the ticket with the estimated time of arrival (ETA) and delivery confirmation.""]","[""The PO is approved and allocated correctly."", ""Mouse Swift Grey has received the PO number and the item ordered."", ""The courier tracking information is provided and the delivery is confirmed.""]",auto_approved,RouterGym\results\analysis_outputs\gold_resolution_eval\gold_matched_production_outputs.jsonl
6900,slm_only__base_slm2__mem_rag_bm25,slm_only,slm2,,rag_bm25,new purchase po purchase po dear purchased requested by mouse swift grey please log allocation please take consideration mandatory receipts section order receive item ordered how video please explorer kind regards administrator,Purchase,Purchase,Purchase,The ticket involves a purchase order needing allocation and mandatory receipt section handling.,"[""Verify requester's procurement system access."", ""Check PO status and ensure correct details."", ""Guide through fixing any validation errors."", ""Confirm PO approval and share PO number.""]","The request mentions PO and allocation, indicating a purchase order issue requiring action in the mandatory receipts section.",False,"{""needs_human"": false, ""needs_llm_escalation"": false, ""policy_gap"": false, ""reasons"": []}",,,True,True,True,940,0.000658,1141.9049547985196,0.6140269364724031,4,2,0,2,2,2,1,Answer lacks actionable steps.; Very short answer.,System F,New Purchase PO Allocation and Receipt,"[""Verify that Mouse Swift Grey has access to the procurement system."", ""Check the status of the PO (draft, awaiting approval, approved, closed)."", ""Ensure the correct cost centre, GL code, and vendor are selected."", ""Guide Mouse Swift Grey through fixing any validation errors and resubmitting the PO."", ""Confirm PO approval and share the PO number with Mouse Swift Grey."", ""Retrieve the courier tracking information for the ordered item."", ""Update the ticket with the estimated time of arrival (ETA) and delivery confirmation.""]","[""The PO is approved and allocated correctly."", ""Mouse Swift Grey has received the PO number and the item ordered."", ""The courier tracking information is provided and the delivery is confirmed.""]",auto_approved,RouterGym\results\analysis_outputs\gold_resolution_eval\gold_matched_production_outputs.jsonl
7137,llm_only__base_llm1__mem_rag_bm25,llm_only,llm1,,rag_bm25,bod new list dear please changes mailing create include both please include thanks head out public holiday,Miscellaneous,Miscellaneous,Miscellaneous,"To create a new mailing list that includes both public holiday and head out notifications, follow these steps: 1. Verify the requester's identity and approval. 2. Identify the exact mailing list and the groups or users to be included. 3. Create the mailing list via the email management tool. 4. Add the necessary notifications to the mailing list. 5. Confirm the mailing list works by sending a test email.","[""Verify the requester's identity and approval."", ""Identify the exact mailing list and the groups or users to be included."", ""Create the mailing list via the email management tool."", ""Add the necessary notifications to the mailing list."", ""Confirm the mailing list works by sending a test email.""]","The request involves creating a new mailing list with specific notifications, which falls under the Miscellaneous category.",False,"{""needs_human"": false, ""needs_llm_escalation"": false, ""policy_gap"": false, ""reasons"": []}",,,True,True,True,1138,0.006828,5408.604509895667,0.6411084823231866,8,2,2,1,2,2,2,Acceptable scoring across all dimensions.,System D,Create a new mailing list including public holiday and head out announcements,"[""Verify requester identity and confirm authority to initiate mailing list creation"", ""Identify the scope and purpose of the new mailing list"", ""Create the mailing list using the organization's approved tools and platforms"", ""Add 'public holiday' and 'head out' topics as categories or tags within the list"", ""Configure list settings to allow appropriate subscription and posting permissions"", ""Notify potential subscribers about the new mailing list and its purpose"", ""Monitor initial feedback and adjust settings as necessary""]","[""Mailing list is successfully created and configured"", ""All relevant stakeholders receive notification about the new mailing list"", ""List settings allow proper management of subscriptions and postings""]",auto_approved,RouterGym\results\analysis_outputs\gold_resolution_eval\gold_matched_production_outputs.jsonl
7137,llm_only__base_llm2__mem_rag_bm25,llm_only,llm2,,rag_bm25,bod new list dear please changes mailing create include both please include thanks head out public holiday,Miscellaneous,Miscellaneous,Miscellaneous,"To address your request, we will create a new mailing list that includes both parties mentioned. Additionally, a thank you note will be added to acknowledge their efforts during the public holiday.","[""Identify both parties to be included in the mailing list."", ""Create a new mailing list and add both parties."", ""Draft a thank you note acknowledging their efforts during the public holiday."", ""Add the thank you note to the mailing list."", ""Send the mailing list to all recipients.""]",The request pertains to administrative tasks related to communication and does not align directly with access management or administrative rights review processes.,False,"{""needs_human"": false, ""needs_llm_escalation"": false, ""policy_gap"": false, ""reasons"": []}",,,True,True,True,1021,0.003062999999999,2486.0183699056506,0.6263523242863435,4,0,1,1,1,2,1,Low category alignment.,System B,Create a new mailing list including public holiday and head out announcements,"[""Verify requester identity and confirm authority to initiate mailing list creation"", ""Identify the scope and purpose of the new mailing list"", ""Create the mailing list using the organization's approved tools and platforms"", ""Add 'public holiday' and 'head out' topics as categories or tags within the list"", ""Configure list settings to allow appropriate subscription and posting permissions"", ""Notify potential subscribers about the new mailing list and its purpose"", ""Monitor initial feedback and adjust settings as necessary""]","[""Mailing list is successfully created and configured"", ""All relevant stakeholders receive notification about the new mailing list"", ""List settings allow proper management of subscriptions and postings""]",auto_approved,RouterGym\results\analysis_outputs\gold_resolution_eval\gold_matched_production_outputs.jsonl
7137,slm_dominant__base_slm1__esc_llm2__mem_rag_bm25,slm_dominant,slm1,llm2,rag_bm25,bod new list dear please changes mailing create include both please include thanks head out public holiday,Miscellaneous,Miscellaneous,Miscellaneous,"To create a new mailing list and include both recipients, follow these steps: 1. Log into the mailing list management system. 2. Create a new list and add the recipients. 3. Send a welcome email to the list with the announcement for the public holiday. 4. Send a confirmation email to both recipients, thanking them for their inclusion.","[""Log into the mailing list management system"", ""Create a new list"", ""Add recipients"", ""Send a welcome email with the announcement"", ""Send a confirmation email to recipients""]","The request involves creating a new mailing list and adding recipients, as well as sending an announcement and thank you emails. This can be accomplished by following the steps outlined above.",False,"{""needs_human"": false, ""needs_llm_escalation"": false, ""policy_gap"": false, ""reasons"": []}",,,True,True,True,1317,0.0006585,2061.646174872294,0.5885398226252629,5,0,2,1,1,2,1,Low category alignment.,System C,Create a new mailing list including public holiday and head out announcements,"[""Verify requester identity and confirm authority to initiate mailing list creation"", ""Identify the scope and purpose of the new mailing list"", ""Create the mailing list using the organization's approved tools and platforms"", ""Add 'public holiday' and 'head out' topics as categories or tags within the list"", ""Configure list settings to allow appropriate subscription and posting permissions"", ""Notify potential subscribers about the new mailing list and its purpose"", ""Monitor initial feedback and adjust settings as necessary""]","[""Mailing list is successfully created and configured"", ""All relevant stakeholders receive notification about the new mailing list"", ""List settings allow proper management of subscriptions and postings""]",auto_approved,RouterGym\results\analysis_outputs\gold_resolution_eval\gold_matched_production_outputs.jsonl
7137,slm_dominant__base_slm2__esc_llm2__mem_rag_bm25,slm_dominant,slm2,llm2,rag_bm25,bod new list dear please changes mailing create include both please include thanks head out public holiday,Miscellaneous,Miscellaneous,Miscellaneous,This request involves creating a mailing list with specific email addresses. Follow standard access request procedures to ensure accuracy and security.,"[""Verify email addresses and ownership."", ""Create mailing list with specified emails."", ""Confirm inclusion with all recipients.""]",The request aligns with the Access Request Flow category but focuses on email addresses rather than system access.,False,"{""needs_human"": false, ""needs_llm_escalation"": false, ""policy_gap"": false, ""reasons"": []}",,,True,True,True,959,0.0006713,1115.8888801001012,0.5819107802527518,4,0,1,1,1,2,1,Low category alignment.,System E,Create a new mailing list including public holiday and head out announcements,"[""Verify requester identity and confirm authority to initiate mailing list creation"", ""Identify the scope and purpose of the new mailing list"", ""Create the mailing list using the organization's approved tools and platforms"", ""Add 'public holiday' and 'head out' topics as categories or tags within the list"", ""Configure list settings to allow appropriate subscription and posting permissions"", ""Notify potential subscribers about the new mailing list and its purpose"", ""Monitor initial feedback and adjust settings as necessary""]","[""Mailing list is successfully created and configured"", ""All relevant stakeholders receive notification about the new mailing list"", ""List settings allow proper management of subscriptions and postings""]",auto_approved,RouterGym\results\analysis_outputs\gold_resolution_eval\gold_matched_production_outputs.jsonl
7137,slm_only__base_slm1__mem_rag_bm25,slm_only,slm1,,rag_bm25,bod new list dear please changes mailing create include both please include thanks head out public holiday,Miscellaneous,Miscellaneous,Miscellaneous,"To create a new mailing list and include both recipients, follow these steps: 1. Log into the mailing list management system. 2. Create a new list and add the recipients. 3. Send a welcome email to the list with the announcement for the public holiday. 4. Send a confirmation email to both recipients, thanking them for their inclusion.","[""Log into the mailing list management system"", ""Create a new list"", ""Add recipients"", ""Send a welcome email with the announcement"", ""Send a confirmation email to recipients""]","The request involves creating a new mailing list and adding recipients, as well as sending an announcement and thank you emails. This can be accomplished by following the steps outlined above.",False,"{""needs_human"": false, ""needs_llm_escalation"": false, ""policy_gap"": false, ""reasons"": []}",,,True,True,True,1317,0.0006585,2064.7919229231775,0.5885398226252629,5,0,2,1,1,2,1,Low category alignment.,System A,Create a new mailing list including public holiday and head out announcements,"[""Verify requester identity and confirm authority to initiate mailing list creation"", ""Identify the scope and purpose of the new mailing list"", ""Create the mailing list using the organization's approved tools and platforms"", ""Add 'public holiday' and 'head out' topics as categories or tags within the list"", ""Configure list settings to allow appropriate subscription and posting permissions"", ""Notify potential subscribers about the new mailing list and its purpose"", ""Monitor initial feedback and adjust settings as necessary""]","[""Mailing list is successfully created and configured"", ""All relevant stakeholders receive notification about the new mailing list"", ""List settings allow proper management of subscriptions and postings""]",auto_approved,RouterGym\results\analysis_outputs\gold_resolution_eval\gold_matched_production_outputs.jsonl
7137,slm_only__base_slm2__mem_rag_bm25,slm_only,slm2,,rag_bm25,bod new list dear please changes mailing create include both please include thanks head out public holiday,Miscellaneous,Miscellaneous,Miscellaneous,This request involves creating a mailing list with specific email addresses. Follow standard access request procedures to ensure accuracy and security.,"[""Verify email addresses and ownership."", ""Create mailing list with specified emails."", ""Confirm inclusion with all recipients.""]",The request aligns with the Access Request Flow category but focuses on email addresses rather than system access.,False,"{""needs_human"": false, ""needs_llm_escalation"": false, ""policy_gap"": false, ""reasons"": []}",,,True,True,True,959,0.0006713,1101.8055819440633,0.5819107802527518,6,0,1,1,1,2,1,Low category alignment.,System F,Create a new mailing list including public holiday and head out announcements,"[""Verify requester identity and confirm authority to initiate mailing list creation"", ""Identify the scope and purpose of the new mailing list"", ""Create the mailing list using the organization's approved tools and platforms"", ""Add 'public holiday' and 'head out' topics as categories or tags within the list"", ""Configure list settings to allow appropriate subscription and posting permissions"", ""Notify potential subscribers about the new mailing list and its purpose"", ""Monitor initial feedback and adjust settings as necessary""]","[""Mailing list is successfully created and configured"", ""All relevant stakeholders receive notification about the new mailing list"", ""List settings allow proper management of subscriptions and postings""]",auto_approved,RouterGym\results\analysis_outputs\gold_resolution_eval\gold_matched_production_outputs.jsonl
7167,llm_only__base_llm1__mem_rag_bm25,llm_only,llm1,,rag_bm25,re new purchase po re purchase po later update please kind regards administrator tuesday pm purchase po dear purchased pro retina intel plus graphics kb please log allocation please take consideration mandatory receipts section order receive item ordered how video please explorer kind regards administrator,Purchase,Purchase,Purchase,"To log the allocation and consider mandatory receipts for your new purchase order, follow these steps: Verify your access to the procurement system, check the PO status, ensure correct details are selected, and guide through fixing any validation errors. If issues persist, escalate to the vendor or logistics team.","[""Verify requester has access to the procurement system."", ""Check PO status (draft, awaiting approval, approved, closed)."", ""Ensure correct cost centre, GL code, and vendor are selected."", ""Guide user through fixing validation errors and resubmitting.""]","The user is requesting help with logging allocation and considering mandatory receipts for a new purchase order. This involves verifying access, checking PO status, and ensuring correct details are selected.",False,"{""needs_human"": false, ""needs_llm_escalation"": false, ""policy_gap"": false, ""reasons"": []}",,,True,True,True,1113,0.006678,5101.740098092705,0.7312184539954044,7,2,1,1,2,2,2,Acceptable scoring across all dimensions.,System D,Resolving purchase order issues and tracking deliveries for IT items,"[""Verify requester has access to procurement system and understands the purchase order workflow."", ""Check PO status (draft, awaiting approval, approved, closed) and guide the user through any necessary corrections."", ""Ensure correct cost centre, GL code, and vendor are selected; adjust if necessary."", ""Guide user through fixing validation errors and resubmitting the PO."", ""Confirm PO approval and share PO number with requester."", ""Look up PO or order number and current status for tracking purposes."", ""Retrieve courier tracking information if available and confirm shipping address and contact information with user.""]","[""PO is approved and PO number is shared with the requester."", ""Requester has access to procurement system and can track PO status."", ""Courier tracking information is provided to the requester for delivery tracking.""]",auto_approved,RouterGym\results\analysis_outputs\gold_resolution_eval\gold_matched_production_outputs.jsonl
7167,llm_only__base_llm2__mem_rag_bm25,llm_only,llm2,,rag_bm25,re new purchase po re purchase po later update please kind regards administrator tuesday pm purchase po dear purchased pro retina intel plus graphics kb please log allocation please take consideration mandatory receipts section order receive item ordered how video please explorer kind regards administrator,Purchase,Purchase,Purchase,"To obtain the PO number for the Pro Retina Intel Plus graphics device, verify your access to the procurement system, check the PO status, ensure correct details are entered, and submit the PO for approval. Once approved, you will receive the PO number.","[""Verify access to procurement system."", ""Check PO status and details."", ""Ensure correct cost center and vendor."", ""Submit PO for approval."", ""Receive and confirm PO number.""]","The request pertains to obtaining a PO number for a specific IT item, aligning with typical purchase order workflows.",False,"{""needs_human"": false, ""needs_llm_escalation"": false, ""policy_gap"": false, ""reasons"": []}",,,True,True,True,991,0.002973,2287.654102081433,0.6652535676603614,5,2,1,1,1,2,1,Acceptable scoring across all dimensions.,System B,Resolving purchase order issues and tracking deliveries for IT items,"[""Verify requester has access to procurement system and understands the purchase order workflow."", ""Check PO status (draft, awaiting approval, approved, closed) and guide the user through any necessary corrections."", ""Ensure correct cost centre, GL code, and vendor are selected; adjust if necessary."", ""Guide user through fixing validation errors and resubmitting the PO."", ""Confirm PO approval and share PO number with requester."", ""Look up PO or order number and current status for tracking purposes."", ""Retrieve courier tracking information if available and confirm shipping address and contact information with user.""]","[""PO is approved and PO number is shared with the requester."", ""Requester has access to procurement system and can track PO status."", ""Courier tracking information is provided to the requester for delivery tracking.""]",auto_approved,RouterGym\results\analysis_outputs\gold_resolution_eval\gold_matched_production_outputs.jsonl
7167,slm_dominant__base_slm1__esc_llm2__mem_rag_bm25,slm_dominant,slm1,llm2,rag_bm25,re new purchase po re purchase po later update please kind regards administrator tuesday pm purchase po dear purchased pro retina intel plus graphics kb please log allocation please take consideration mandatory receipts section order receive item ordered how video please explorer kind regards administrator,Purchase,Purchase,Purchase,"To proceed with the purchase, please follow these steps: 1. Log into the procurement system. 2. Create a new PO for the Pro Retina Intel Plus Graphics KB. 3. Ensure the mandatory receipts section is filled out. 4. Submit the PO for approval. 5. Once approved, you will receive the PO number.","[""Log into the procurement system"", ""Create a new PO for the Pro Retina Intel Plus Graphics KB"", ""Ensure the mandatory receipts section is filled out"", ""Submit the PO for approval"", ""Once approved, you will receive the PO number""]","The request is related to creating a new purchase order for an IT item. The resolution involves creating a new PO, filling out the mandatory receipts section, and submitting it for approval.",False,"{""needs_human"": false, ""needs_llm_escalation"": false, ""policy_gap"": false, ""reasons"": []}",,,True,True,True,1305,0.0006525,2065.1233980897814,0.6107775865333424,6,2,2,0,1,2,1,Misses key requirements from gold summary/criteria.,System C,Resolving purchase order issues and tracking deliveries for IT items,"[""Verify requester has access to procurement system and understands the purchase order workflow."", ""Check PO status (draft, awaiting approval, approved, closed) and guide the user through any necessary corrections."", ""Ensure correct cost centre, GL code, and vendor are selected; adjust if necessary."", ""Guide user through fixing validation errors and resubmitting the PO."", ""Confirm PO approval and share PO number with requester."", ""Look up PO or order number and current status for tracking purposes."", ""Retrieve courier tracking information if available and confirm shipping address and contact information with user.""]","[""PO is approved and PO number is shared with the requester."", ""Requester has access to procurement system and can track PO status."", ""Courier tracking information is provided to the requester for delivery tracking.""]",auto_approved,RouterGym\results\analysis_outputs\gold_resolution_eval\gold_matched_production_outputs.jsonl
7167,slm_dominant__base_slm2__esc_llm2__mem_rag_bm25,slm_dominant,slm2,llm2,rag_bm25,re new purchase po re purchase po later update please kind regards administrator tuesday pm purchase po dear purchased pro retina intel plus graphics kb please log allocation please take consideration mandatory receipts section order receive item ordered how video please explorer kind regards administrator,Purchase,Purchase,Purchase,A purchase order has been placed for Pro Retina Intel Plus Graphics. Allocation and receipt handling will follow standard procedures.,"[""Create purchase order for Pro Retina Intel Plus Graphics."", ""Log allocation and receipt details."", ""Ensure mandatory receipts are processed.""]","The request is clearly for a new purchase and mentions specific product details, indicating a need for PO creation and receipt management.",False,"{""needs_human"": false, ""needs_llm_escalation"": false, ""policy_gap"": false, ""reasons"": []}",,,True,True,True,963,0.0006741,1195.1414900831878,0.5987818958258672,5,2,1,1,0,2,1,Low alignment with gold resolution steps.,System E,Resolving purchase order issues and tracking deliveries for IT items,"[""Verify requester has access to procurement system and understands the purchase order workflow."", ""Check PO status (draft, awaiting approval, approved, closed) and guide the user through any necessary corrections."", ""Ensure correct cost centre, GL code, and vendor are selected; adjust if necessary."", ""Guide user through fixing validation errors and resubmitting the PO."", ""Confirm PO approval and share PO number with requester."", ""Look up PO or order number and current status for tracking purposes."", ""Retrieve courier tracking information if available and confirm shipping address and contact information with user.""]","[""PO is approved and PO number is shared with the requester."", ""Requester has access to procurement system and can track PO status."", ""Courier tracking information is provided to the requester for delivery tracking.""]",auto_approved,RouterGym\results\analysis_outputs\gold_resolution_eval\gold_matched_production_outputs.jsonl
7167,slm_only__base_slm1__mem_rag_bm25,slm_only,slm1,,rag_bm25,re new purchase po re purchase po later update please kind regards administrator tuesday pm purchase po dear purchased pro retina intel plus graphics kb please log allocation please take consideration mandatory receipts section order receive item ordered how video please explorer kind regards administrator,Purchase,Purchase,Purchase,"To proceed with the purchase, please follow these steps: 1. Log into the procurement system. 2. Create a new PO for the Pro Retina Intel Plus Graphics KB. 3. Ensure the mandatory receipts section is filled out. 4. Submit the PO for approval. 5. Once approved, you will receive the PO number.","[""Log into the procurement system"", ""Create a new PO for the Pro Retina Intel Plus Graphics KB"", ""Ensure the mandatory receipts section is filled out"", ""Submit the PO for approval"", ""Once approved, you will receive the PO number""]","The request is related to creating a new purchase order for an IT item. The resolution involves creating a new PO, filling out the mandatory receipts section, and submitting it for approval.",False,"{""needs_human"": false, ""needs_llm_escalation"": false, ""policy_gap"": false, ""reasons"": []}",,,True,True,True,1305,0.0006525,2066.551645984873,0.6107775865333424,6,2,2,0,1,2,1,Misses key requirements from gold summary/criteria.,System A,Resolving purchase order issues and tracking deliveries for IT items,"[""Verify requester has access to procurement system and understands the purchase order workflow."", ""Check PO status (draft, awaiting approval, approved, closed) and guide the user through any necessary corrections."", ""Ensure correct cost centre, GL code, and vendor are selected; adjust if necessary."", ""Guide user through fixing validation errors and resubmitting the PO."", ""Confirm PO approval and share PO number with requester."", ""Look up PO or order number and current status for tracking purposes."", ""Retrieve courier tracking information if available and confirm shipping address and contact information with user.""]","[""PO is approved and PO number is shared with the requester."", ""Requester has access to procurement system and can track PO status."", ""Courier tracking information is provided to the requester for delivery tracking.""]",auto_approved,RouterGym\results\analysis_outputs\gold_resolution_eval\gold_matched_production_outputs.jsonl
7167,slm_only__base_slm2__mem_rag_bm25,slm_only,slm2,,rag_bm25,re new purchase po re purchase po later update please kind regards administrator tuesday pm purchase po dear purchased pro retina intel plus graphics kb please log allocation please take consideration mandatory receipts section order receive item ordered how video please explorer kind regards administrator,Purchase,Purchase,Purchase,A purchase order has been placed for Pro Retina Intel Plus Graphics. Allocation and receipt handling will follow standard procedures.,"[""Create purchase order for Pro Retina Intel Plus Graphics."", ""Log allocation and receipt details."", ""Ensure mandatory receipts are processed.""]","The request is clearly for a new purchase and mentions specific product details, indicating a need for PO creation and receipt management.",False,"{""needs_human"": false, ""needs_llm_escalation"": false, ""policy_gap"": false, ""reasons"": []}",,,True,True,True,963,0.0006741,1231.3087661750615,0.5987818958258672,5,2,1,1,0,2,1,Low alignment with gold resolution steps.,System F,Resolving purchase order issues and tracking deliveries for IT items,"[""Verify requester has access to procurement system and understands the purchase order workflow."", ""Check PO status (draft, awaiting approval, approved, closed) and guide the user through any necessary corrections."", ""Ensure correct cost centre, GL code, and vendor are selected; adjust if necessary."", ""Guide user through fixing validation errors and resubmitting the PO."", ""Confirm PO approval and share PO number with requester."", ""Look up PO or order number and current status for tracking purposes."", ""Retrieve courier tracking information if available and confirm shipping address and contact information with user.""]","[""PO is approved and PO number is shared with the requester."", ""Requester has access to procurement system and can track PO status."", ""Courier tracking information is provided to the requester for delivery tracking.""]",auto_approved,RouterGym\results\analysis_outputs\gold_resolution_eval\gold_matched_production_outputs.jsonl
7196,llm_only__base_llm1__mem_rag_bm25,llm_only,llm1,,rag_bm25,request for repositories for java and net graduates programs repositories graduates programs hello repositories graduates programs october graduates trainers rights graduates trainers rights regards senior developer,Access,Purchase,Internal Project,"To fulfill the request, confirm the project details and required systems. Assign an IT contact and define support hours. For administrative rights, validate the request and apply the necessary permissions.","[""Confirm project details, including sponsor, manager, and duration."", ""Identify required systems such as repositories, CI/CD, and databases."", ""Assign a primary IT contact or support group."", ""Define support hours, incident severity, and escalation contacts."", ""Validate the administrative rights request and apply necessary permissions.""]","The request involves setting up repositories and administrative rights for graduate programs, which falls under internal project support and administrative rights policies.",False,"{""needs_human"": false, ""needs_llm_escalation"": false, ""policy_gap"": false, ""reasons"": []}",,,True,True,True,1048,0.006287999999999,4470.88150982745,0.7252445402546108,4,0,1,1,2,1,1,Low category alignment.; Escalation expected but not flagged.,System D,Grant access to repositories and administrative rights for Java and .NET graduates programs,"[""Confirm project sponsor, manager, and expected duration for the graduates programs."", ""Identify required systems including repositories, CI/CD pipelines, databases, and test/stage environments."", ""Assign a primary IT contact or support group for ongoing assistance."", ""Define support hours, incident severity levels, and escalation contacts for program-related issues."", ""Document project setup and support model in a shared location accessible to all stakeholders."", ""Confirm request for administrative rights from the program managers or system owners."", ""Validate business justification and duration of access needed for trainers and senior developers.""]","[""Repositories are accessible by Java and .NET graduates programs as per the defined access levels."", ""Trainers and senior developers have necessary rights to manage and oversee the programs effectively.""]",auto_approved,RouterGym\results\analysis_outputs\gold_resolution_eval\gold_matched_production_outputs.jsonl
7196,llm_only__base_llm2__mem_rag_bm25,llm_only,llm2,,rag_bm25,request for repositories for java and net graduates programs repositories graduates programs hello repositories graduates programs october graduates trainers rights graduates trainers rights regards senior developer,Access,Purchase,Administrative rights,Access to Java and .NET graduate program repositories and administrative rights for trainers can be granted following the administrative rights request flow and internal project support guidelines.,"[""Confirm request with manager."", ""Validate business justification."", ""Map request to standard admin profiles."", ""Apply rights using approved tools."", ""Document scope and duration.""]","The request involves both repository access for educational purposes and administrative rights for trainers, aligning with administrative rights and internal project support policies.",False,"{""needs_human"": false, ""needs_llm_escalation"": false, ""policy_gap"": false, ""reasons"": []}",,,True,True,True,957,0.0028710000000000003,2104.085735976696,0.6041518699670247,6,2,1,2,1,1,2,Escalation expected but not flagged.,System B,Grant access to repositories and administrative rights for Java and .NET graduates programs,"[""Confirm project sponsor, manager, and expected duration for the graduates programs."", ""Identify required systems including repositories, CI/CD pipelines, databases, and test/stage environments."", ""Assign a primary IT contact or support group for ongoing assistance."", ""Define support hours, incident severity levels, and escalation contacts for program-related issues."", ""Document project setup and support model in a shared location accessible to all stakeholders."", ""Confirm request for administrative rights from the program managers or system owners."", ""Validate business justification and duration of access needed for trainers and senior developers.""]","[""Repositories are accessible by Java and .NET graduates programs as per the defined access levels."", ""Trainers and senior developers have necessary rights to manage and oversee the programs effectively.""]",auto_approved,RouterGym\results\analysis_outputs\gold_resolution_eval\gold_matched_production_outputs.jsonl
7196,slm_dominant__base_slm1__esc_llm2__mem_rag_bm25,slm_dominant,slm1,llm2,rag_bm25,request for repositories for java and net graduates programs repositories graduates programs hello repositories graduates programs october graduates trainers rights graduates trainers rights regards senior developer,Access,Purchase,Internal Project,"To set up repositories for your graduate programs, please follow these steps: 1. Identify the required systems (repositories, CI/CD, databases, test/stage). 2. Assign a primary IT contact or support group. 3. Define support hours, incident severity, and escalation contacts. 4. Document project setup and support model in a shared location.","[""Identify required systems"", ""Assign primary IT contact"", ""Define support hours"", ""Document project setup""]","The request is for setting up repositories for graduate programs, which falls under the category of Internal Projects. The resolution involves identifying required systems, assigning IT support, defining support hours, and documenting the setup.",False,"{""needs_human"": false, ""needs_llm_escalation"": false, ""policy_gap"": false, ""reasons"": []}",,,True,True,True,1281,0.0006405,1982.6812259852886,0.6139284968449941,6,0,2,0,2,2,2,Low category alignment.; Misses key requirements from gold summary/criteria.,System C,Grant access to repositories and administrative rights for Java and .NET graduates programs,"[""Confirm project sponsor, manager, and expected duration for the graduates programs."", ""Identify required systems including repositories, CI/CD pipelines, databases, and test/stage environments."", ""Assign a primary IT contact or support group for ongoing assistance."", ""Define support hours, incident severity levels, and escalation contacts for program-related issues."", ""Document project setup and support model in a shared location accessible to all stakeholders."", ""Confirm request for administrative rights from the program managers or system owners."", ""Validate business justification and duration of access needed for trainers and senior developers.""]","[""Repositories are accessible by Java and .NET graduates programs as per the defined access levels."", ""Trainers and senior developers have necessary rights to manage and oversee the programs effectively.""]",auto_approved,RouterGym\results\analysis_outputs\gold_resolution_eval\gold_matched_production_outputs.jsonl
7196,slm_dominant__base_slm2__esc_llm2__mem_rag_bm25,slm_dominant,slm2,llm2,rag_bm25,request for repositories for java and net graduates programs repositories graduates programs hello repositories graduates programs october graduates trainers rights graduates trainers rights regards senior developer,Access,Purchase,Internal Project,A request for repositories for Java and .NET graduates programs is categorized as an internal project setup needing IT support.,"[""Confirm project sponsor and expected duration."", ""Identify required systems (repositories, CI/CD)."", ""Assign a primary IT contact."", ""Document project setup in a shared location.""]","The request involves setting up repositories for educational programs, which aligns with internal project setup requirements.",False,"{""needs_human"": false, ""needs_llm_escalation"": false, ""policy_gap"": false, ""reasons"": []}",,,True,True,True,943,0.0006600999999999999,1205.1493721082807,0.6776393807843579,6,1,1,2,2,1,2,Escalation expected but not flagged.,System E,Grant access to repositories and administrative rights for Java and .NET graduates programs,"[""Confirm project sponsor, manager, and expected duration for the graduates programs."", ""Identify required systems including repositories, CI/CD pipelines, databases, and test/stage environments."", ""Assign a primary IT contact or support group for ongoing assistance."", ""Define support hours, incident severity levels, and escalation contacts for program-related issues."", ""Document project setup and support model in a shared location accessible to all stakeholders."", ""Confirm request for administrative rights from the program managers or system owners."", ""Validate business justification and duration of access needed for trainers and senior developers.""]","[""Repositories are accessible by Java and .NET graduates programs as per the defined access levels."", ""Trainers and senior developers have necessary rights to manage and oversee the programs effectively.""]",auto_approved,RouterGym\results\analysis_outputs\gold_resolution_eval\gold_matched_production_outputs.jsonl
7196,slm_only__base_slm1__mem_rag_bm25,slm_only,slm1,,rag_bm25,request for repositories for java and net graduates programs repositories graduates programs hello repositories graduates programs october graduates trainers rights graduates trainers rights regards senior developer,Access,Purchase,Internal Project,"To set up repositories for your graduate programs, please follow these steps: 1. Identify the required systems (repositories, CI/CD, databases, test/stage). 2. Assign a primary IT contact or support group. 3. Define support hours, incident severity, and escalation contacts. 4. Document project setup and support model in a shared location.","[""Identify required systems"", ""Assign primary IT contact"", ""Define support hours"", ""Document project setup""]","The request is for setting up repositories for graduate programs, which falls under the category of Internal Projects. The resolution involves identifying required systems, assigning IT support, defining support hours, and documenting the setup.",False,"{""needs_human"": false, ""needs_llm_escalation"": false, ""policy_gap"": false, ""reasons"": []}",,,True,True,True,1281,0.0006405,2082.8157539945096,0.6139284968449941,6,0,2,0,2,2,2,Low category alignment.; Misses key requirements from gold summary/criteria.,System A,Grant access to repositories and administrative rights for Java and .NET graduates programs,"[""Confirm project sponsor, manager, and expected duration for the graduates programs."", ""Identify required systems including repositories, CI/CD pipelines, databases, and test/stage environments."", ""Assign a primary IT contact or support group for ongoing assistance."", ""Define support hours, incident severity levels, and escalation contacts for program-related issues."", ""Document project setup and support model in a shared location accessible to all stakeholders."", ""Confirm request for administrative rights from the program managers or system owners."", ""Validate business justification and duration of access needed for trainers and senior developers.""]","[""Repositories are accessible by Java and .NET graduates programs as per the defined access levels."", ""Trainers and senior developers have necessary rights to manage and oversee the programs effectively.""]",auto_approved,RouterGym\results\analysis_outputs\gold_resolution_eval\gold_matched_production_outputs.jsonl
7196,slm_only__base_slm2__mem_rag_bm25,slm_only,slm2,,rag_bm25,request for repositories for java and net graduates programs repositories graduates programs hello repositories graduates programs october graduates trainers rights graduates trainers rights regards senior developer,Access,Purchase,Internal Project,A request for repositories for Java and .NET graduates programs is categorized as an internal project setup needing IT support.,"[""Confirm project sponsor and expected duration."", ""Identify required systems (repositories, CI/CD)."", ""Assign a primary IT contact."", ""Document project setup in a shared location.""]","The request involves setting up repositories for educational programs, which aligns with internal project setup requirements.",False,"{""needs_human"": false, ""needs_llm_escalation"": false, ""policy_gap"": false, ""reasons"": []}",,,True,True,True,943,0.0006600999999999999,1149.1824521217495,0.6776393807843579,6,1,1,2,2,1,2,Escalation expected but not flagged.,System F,Grant access to repositories and administrative rights for Java and .NET graduates programs,"[""Confirm project sponsor, manager, and expected duration for the graduates programs."", ""Identify required systems including repositories, CI/CD pipelines, databases, and test/stage environments."", ""Assign a primary IT contact or support group for ongoing assistance."", ""Define support hours, incident severity levels, and escalation contacts for program-related issues."", ""Document project setup and support model in a shared location accessible to all stakeholders."", ""Confirm request for administrative rights from the program managers or system owners."", ""Validate business justification and duration of access needed for trainers and senior developers.""]","[""Repositories are accessible by Java and .NET graduates programs as per the defined access levels."", ""Trainers and senior developers have necessary rights to manage and oversee the programs effectively.""]",auto_approved,RouterGym\results\analysis_outputs\gold_resolution_eval\gold_matched_production_outputs.jsonl
7239,llm_only__base_llm1__mem_rag_bm25,llm_only,llm1,,rag_bm25,template test newsletter new design template test design hello possible give view published yet him articles everyone communication employer specialist template test design afb ca ad ad abc bb ad ca bb cd bb cd,Hardware,Hardware,Miscellaneous,"The user should check the publishing status in the system and verify if the template is visible to the intended audience. If issues persist, clear the browser cache or try a different browser.","[""Check the publishing status of the template in the system."", ""Verify if the template is visible to the intended audience."", ""Clear the browser cache if issues persist."", ""Try accessing the template in a different browser."", ""Contact the application owner if the problem continues.""]","The ticket mentions a new design template for a newsletter and inquires about its publishing status. This aligns with template and design issues, which are often related to report generation and template problems.",False,"{""needs_human"": false, ""needs_llm_escalation"": false, ""policy_gap"": false, ""reasons"": []}",,,True,True,True,1029,0.006174000000000001,4108.376909978688,0.507973186869016,3,0,1,0,1,2,1,Low category alignment.; Misses key requirements from gold summary/criteria.,System D,Newsletter template design issue,"[""Confirm the exact template being used for the newsletter."", ""Reproduce the issue using a test account to verify the problem."", ""Review user permissions for accessing and editing templates."", ""Clear browser cache or test in an alternate browser if web-based."", ""Log any errors encountered and coordinate with the application owner for fixes."", ""Apply standard corporate template policies or guidelines."", ""Send a test newsletter to a controlled group to confirm template appearance.""]","[""Verify that the template design issue is resolved across all platforms."", ""Confirm that the newsletter is published successfully and appears correctly to all recipients.""]",auto_approved,RouterGym\results\analysis_outputs\gold_resolution_eval\gold_matched_production_outputs.jsonl
7239,llm_only__base_llm2__mem_rag_bm25,llm_only,llm2,,rag_bm25,template test newsletter new design template test design hello possible give view published yet him articles everyone communication employer specialist template test design afb ca ad ad abc bb ad ca bb cd bb cd,Hardware,Hardware,Miscellaneous,"The newsletter design template is not showing up. Please confirm the exact template name, check if it has been published, and verify user permissions. If issues persist, clear browser cache or try another browser.","[""Confirm template name and publication status."", ""Verify user permissions for template access."", ""Clear browser cache or use another browser."", ""Check for any system-generated errors.""]","Based on the provided information, the issue seems related to visibility of a specific template rather than hardware or software functionality. However, given the classifier's high confidence in 'Hardware', this might indicate a misclassification.",False,"{""needs_human"": false, ""needs_llm_escalation"": false, ""policy_gap"": false, ""reasons"": []}",,,True,True,True,979,0.0029370000000000004,2303.491445025429,0.5132644958638211,5,2,1,1,1,2,1,Acceptable scoring across all dimensions.,System B,Newsletter template design issue,"[""Confirm the exact template being used for the newsletter."", ""Reproduce the issue using a test account to verify the problem."", ""Review user permissions for accessing and editing templates."", ""Clear browser cache or test in an alternate browser if web-based."", ""Log any errors encountered and coordinate with the application owner for fixes."", ""Apply standard corporate template policies or guidelines."", ""Send a test newsletter to a controlled group to confirm template appearance.""]","[""Verify that the template design issue is resolved across all platforms."", ""Confirm that the newsletter is published successfully and appears correctly to all recipients.""]",auto_approved,RouterGym\results\analysis_outputs\gold_resolution_eval\gold_matched_production_outputs.jsonl
7239,slm_dominant__base_slm1__esc_llm2__mem_rag_bm25,slm_dominant,slm1,llm2,rag_bm25,template test newsletter new design template test design hello possible give view published yet him articles everyone communication employer specialist template test design afb ca ad ad abc bb ad ca bb cd bb cd,Hardware,Hardware,Miscellaneous,The issue might be related to the newsletter template design. Try the following steps: 1. Confirm the exact template and design. 2. Test the template using a test account. 3. Check user permissions for the template. 4. Clear browser cache or test in alternate browser. 5. Log any errors and coordinate with the application owner for fixes.,"[""Confirm the exact template and design"", ""Test the template using a test account"", ""Check user permissions for the template"", ""Clear browser cache or test in alternate browser"", ""Log any errors and coordinate with the application owner for fixes""]","The ticket mentions a new design template for a newsletter, which suggests a potential issue with the template design. The steps provided are common troubleshooting steps for such issues.",False,"{""needs_human"": false, ""needs_llm_escalation"": false, ""policy_gap"": false, ""reasons"": []}",,,True,True,True,1274,0.000637,2025.7291018497199,0.6045692717052935,7,0,2,1,2,2,2,Low category alignment.,System C,Newsletter template design issue,"[""Confirm the exact template being used for the newsletter."", ""Reproduce the issue using a test account to verify the problem."", ""Review user permissions for accessing and editing templates."", ""Clear browser cache or test in an alternate browser if web-based."", ""Log any errors encountered and coordinate with the application owner for fixes."", ""Apply standard corporate template policies or guidelines."", ""Send a test newsletter to a controlled group to confirm template appearance.""]","[""Verify that the template design issue is resolved across all platforms."", ""Confirm that the newsletter is published successfully and appears correctly to all recipients.""]",auto_approved,RouterGym\results\analysis_outputs\gold_resolution_eval\gold_matched_production_outputs.jsonl
7239,slm_dominant__base_slm2__esc_llm2__mem_rag_bm25,slm_dominant,slm2,llm2,rag_bm25,template test newsletter new design template test design hello possible give view published yet him articles everyone communication employer specialist template test design afb ca ad ad abc bb ad ca bb cd bb cd,Hardware,Hardware,Hardware,Template design issues often relate to report generation problems. Follow the troubleshooting steps provided in KB Reference 2.,"[""Confirm the exact template settings and design elements."", ""Attempt to reproduce the issue using a test account."", ""Check user permissions for template access."", ""Clear browser cache or test in another browser.""]","The ticket mentions a template test design, which is similar to report generation issues described in KB Reference 2.",False,"{""needs_human"": false, ""needs_llm_escalation"": false, ""policy_gap"": false, ""reasons"": []}",,,True,True,True,947,0.0006629,1200.9545520413667,0.5713948874229117,5,0,1,1,2,2,1,Low category alignment.,System E,Newsletter template design issue,"[""Confirm the exact template being used for the newsletter."", ""Reproduce the issue using a test account to verify the problem."", ""Review user permissions for accessing and editing templates."", ""Clear browser cache or test in an alternate browser if web-based."", ""Log any errors encountered and coordinate with the application owner for fixes."", ""Apply standard corporate template policies or guidelines."", ""Send a test newsletter to a controlled group to confirm template appearance.""]","[""Verify that the template design issue is resolved across all platforms."", ""Confirm that the newsletter is published successfully and appears correctly to all recipients.""]",auto_approved,RouterGym\results\analysis_outputs\gold_resolution_eval\gold_matched_production_outputs.jsonl
7239,slm_only__base_slm1__mem_rag_bm25,slm_only,slm1,,rag_bm25,template test newsletter new design template test design hello possible give view published yet him articles everyone communication employer specialist template test design afb ca ad ad abc bb ad ca bb cd bb cd,Hardware,Hardware,Miscellaneous,The issue might be related to the newsletter template design. Try the following steps: 1. Confirm the exact template and design. 2. Test the template using a test account. 3. Check user permissions for the template. 4. Clear browser cache or test in alternate browser. 5. Log any errors and coordinate with the application owner for fixes.,"[""Confirm the exact template and design"", ""Test the template using a test account"", ""Check user permissions for the template"", ""Clear browser cache or test in alternate browser"", ""Log any errors and coordinate with the application owner for fixes""]","The ticket mentions a new design template for a newsletter, which suggests a potential issue with the template design. The steps provided are common troubleshooting steps for such issues.",False,"{""needs_human"": false, ""needs_llm_escalation"": false, ""policy_gap"": false, ""reasons"": []}",,,True,True,True,1274,0.000637,2088.280030991882,0.6045692717052935,7,0,2,1,2,2,2,Low category alignment.,System A,Newsletter template design issue,"[""Confirm the exact template being used for the newsletter."", ""Reproduce the issue using a test account to verify the problem."", ""Review user permissions for accessing and editing templates."", ""Clear browser cache or test in an alternate browser if web-based."", ""Log any errors encountered and coordinate with the application owner for fixes."", ""Apply standard corporate template policies or guidelines."", ""Send a test newsletter to a controlled group to confirm template appearance.""]","[""Verify that the template design issue is resolved across all platforms."", ""Confirm that the newsletter is published successfully and appears correctly to all recipients.""]",auto_approved,RouterGym\results\analysis_outputs\gold_resolution_eval\gold_matched_production_outputs.jsonl
7239,slm_only__base_slm2__mem_rag_bm25,slm_only,slm2,,rag_bm25,template test newsletter new design template test design hello possible give view published yet him articles everyone communication employer specialist template test design afb ca ad ad abc bb ad ca bb cd bb cd,Hardware,Hardware,Hardware,Template design issues often relate to report generation problems. Follow the troubleshooting steps provided in KB Reference 2.,"[""Confirm the exact template settings and design elements."", ""Attempt to reproduce the issue using a test account."", ""Check user permissions for template access."", ""Clear browser cache or test in another browser.""]","The ticket mentions a template test design, which is similar to report generation issues described in KB Reference 2.",False,"{""needs_human"": false, ""needs_llm_escalation"": false, ""policy_gap"": false, ""reasons"": []}",,,True,True,True,947,0.0006629,1214.3922781106085,0.5713948874229117,5,0,1,1,2,2,1,Low category alignment.,System F,Newsletter template design issue,"[""Confirm the exact template being used for the newsletter."", ""Reproduce the issue using a test account to verify the problem."", ""Review user permissions for accessing and editing templates."", ""Clear browser cache or test in an alternate browser if web-based."", ""Log any errors encountered and coordinate with the application owner for fixes."", ""Apply standard corporate template policies or guidelines."", ""Send a test newsletter to a controlled group to confirm template appearance.""]","[""Verify that the template design issue is resolved across all platforms."", ""Confirm that the newsletter is published successfully and appears correctly to all recipients.""]",auto_approved,RouterGym\results\analysis_outputs\gold_resolution_eval\gold_matched_production_outputs.jsonl
7278,llm_only__base_llm1__mem_rag_bm25,llm_only,llm1,,rag_bm25,prod database access prod database dear since working tool please database prod regards engineer,Hardware,Hardware,Internal Project,"To grant access to the production database, gather project details, estimate resource needs, and provision the necessary access. Ensure compliance with data security policies.","[""Collect project details including stack, environments, and users."", ""Estimate compute, storage, and network requirements."", ""Map requirements to standard platforms and provision access."", ""Share resource overview and access details with the engineer."", ""Ensure compliance with data security policies.""]","The request involves accessing a production database, which requires careful handling of sensitive data and compliance with security protocols.",False,"{""needs_human"": false, ""needs_llm_escalation"": false, ""policy_gap"": false, ""reasons"": []}",,,True,True,True,967,0.005802,3481.132594170049,0.4980490981676755,4,0,1,1,1,2,1,Low category alignment.,System D,Grant access to production database for engineer,"[""Verify the engineer's identity and obtain approval from their manager or the system owner"", ""Determine the specific production database and the required role level for access"", ""Review current access levels to prevent duplication of access rights"", ""Provision access through the Identity and Access Management (IAM) tool or application admin console"", ""Instruct the engineer to log out and log back in to refresh their permissions"", ""Test the access to ensure it functions correctly for necessary operations"", ""Document the granted access in the ticket, including the groups and roles applied""]","[""The engineer successfully accesses the production database with the correct role level"", ""Access details are accurately recorded and communicated to the relevant parties""]",auto_approved,RouterGym\results\analysis_outputs\gold_resolution_eval\gold_matched_production_outputs.jsonl
7278,llm_only__base_llm2__mem_rag_bm25,llm_only,llm2,,rag_bm25,prod database access prod database dear since working tool please database prod regards engineer,Hardware,Hardware,Hardware,"Access to the production database is requested. This involves assessing the need, ensuring compliance with security policies, and granting appropriate permissions.","[""Assess the necessity of database access."", ""Ensure compliance with security protocols."", ""Grant access with least privilege principle."", ""Document all access grants and usage logs.""]","The request pertains to accessing a critical system component, requiring careful handling to ensure data integrity and security.",False,"{""needs_human"": true, ""needs_llm_escalation"": false, ""policy_gap"": false, ""reasons"": []}",,,True,True,True,920,0.0027600000000000003,2268.029310973361,0.4839497306018216,3,0,1,1,1,1,1,Low category alignment.; Unnecessary escalation flagged.,System B,Grant access to production database for engineer,"[""Verify the engineer's identity and obtain approval from their manager or the system owner"", ""Determine the specific production database and the required role level for access"", ""Review current access levels to prevent duplication of access rights"", ""Provision access through the Identity and Access Management (IAM) tool or application admin console"", ""Instruct the engineer to log out and log back in to refresh their permissions"", ""Test the access to ensure it functions correctly for necessary operations"", ""Document the granted access in the ticket, including the groups and roles applied""]","[""The engineer successfully accesses the production database with the correct role level"", ""Access details are accurately recorded and communicated to the relevant parties""]",auto_approved,RouterGym\results\analysis_outputs\gold_resolution_eval\gold_matched_production_outputs.jsonl
7278,slm_dominant__base_slm1__esc_llm2__mem_rag_bm25,slm_dominant,slm1,llm2,rag_bm25,prod database access prod database dear since working tool please database prod regards engineer,Hardware,Hardware,Miscellaneous,"To grant access to the production database, we need to follow our internal project resource requirements. We will collect project details, estimate requirements, and provision the necessary resources. Once done, we will share access details with the engineering team.","[""Collect basic project details: stack, environments (dev/test/prod), users."", ""Estimate compute, storage, and network requirements."", ""Map requirements to standard platforms (cloud, on-prem, shared services)."", ""Raise necessary provisioning requests and track completion."", ""Share resource overview and access details with the project team.""]","The ticket pattern matches a request for a production database, which falls under the 'Project IT Resource Requirements' category. The resolution involves provisioning resources and sharing access details.",False,"{""needs_human"": false, ""needs_llm_escalation"": false, ""policy_gap"": false, ""reasons"": []}",,,True,True,True,1229,0.0006144999999999999,2044.631700962782,0.4899170597218069,4,0,1,1,1,2,1,Low category alignment.,System C,Grant access to production database for engineer,"[""Verify the engineer's identity and obtain approval from their manager or the system owner"", ""Determine the specific production database and the required role level for access"", ""Review current access levels to prevent duplication of access rights"", ""Provision access through the Identity and Access Management (IAM) tool or application admin console"", ""Instruct the engineer to log out and log back in to refresh their permissions"", ""Test the access to ensure it functions correctly for necessary operations"", ""Document the granted access in the ticket, including the groups and roles applied""]","[""The engineer successfully accesses the production database with the correct role level"", ""Access details are accurately recorded and communicated to the relevant parties""]",auto_approved,RouterGym\results\analysis_outputs\gold_resolution_eval\gold_matched_production_outputs.jsonl
7278,slm_dominant__base_slm2__esc_llm2__mem_rag_bm25,slm_dominant,slm2,llm2,rag_bm25,prod database access prod database dear since working tool please database prod regards engineer,Hardware,Hardware,Internal Project,"The request is for production database access for an engineering tool, which falls under project infrastructure needs.","[""Gather project details (stack, environments, users)."", ""Estimate compute and storage needs."", ""Map requirements to standard platforms."", ""Raise provisioning requests and track completion.""]","The ticket mentions production database access for a tool, aligning with project infrastructure requirements.",False,"{""needs_human"": false, ""needs_llm_escalation"": false, ""policy_gap"": false, ""reasons"": []}",,,True,True,True,909,0.0006363,1356.5259668976068,0.457323735612004,3,0,1,1,0,2,1,Low category alignment.; Low alignment with gold resolution steps.,System E,Grant access to production database for engineer,"[""Verify the engineer's identity and obtain approval from their manager or the system owner"", ""Determine the specific production database and the required role level for access"", ""Review current access levels to prevent duplication of access rights"", ""Provision access through the Identity and Access Management (IAM) tool or application admin console"", ""Instruct the engineer to log out and log back in to refresh their permissions"", ""Test the access to ensure it functions correctly for necessary operations"", ""Document the granted access in the ticket, including the groups and roles applied""]","[""The engineer successfully accesses the production database with the correct role level"", ""Access details are accurately recorded and communicated to the relevant parties""]",auto_approved,RouterGym\results\analysis_outputs\gold_resolution_eval\gold_matched_production_outputs.jsonl
7278,slm_only__base_slm1__mem_rag_bm25,slm_only,slm1,,rag_bm25,prod database access prod database dear since working tool please database prod regards engineer,Hardware,Hardware,Miscellaneous,"To grant access to the production database, we need to follow our internal project resource requirements. We will collect project details, estimate requirements, and provision the necessary resources. Once done, we will share access details with the engineering team.","[""Collect basic project details: stack, environments (dev/test/prod), users."", ""Estimate compute, storage, and network requirements."", ""Map requirements to standard platforms (cloud, on-prem, shared services)."", ""Raise necessary provisioning requests and track completion."", ""Share resource overview and access details with the project team.""]","The ticket pattern matches a request for a production database, which falls under the 'Project IT Resource Requirements' category. The resolution involves provisioning resources and sharing access details.",False,"{""needs_human"": false, ""needs_llm_escalation"": false, ""policy_gap"": false, ""reasons"": []}",,,True,True,True,1229,0.0006144999999999999,2089.626922039315,0.4899170597218069,4,0,1,1,1,2,1,Low category alignment.,System A,Grant access to production database for engineer,"[""Verify the engineer's identity and obtain approval from their manager or the system owner"", ""Determine the specific production database and the required role level for access"", ""Review current access levels to prevent duplication of access rights"", ""Provision access through the Identity and Access Management (IAM) tool or application admin console"", ""Instruct the engineer to log out and log back in to refresh their permissions"", ""Test the access to ensure it functions correctly for necessary operations"", ""Document the granted access in the ticket, including the groups and roles applied""]","[""The engineer successfully accesses the production database with the correct role level"", ""Access details are accurately recorded and communicated to the relevant parties""]",auto_approved,RouterGym\results\analysis_outputs\gold_resolution_eval\gold_matched_production_outputs.jsonl
7278,slm_only__base_slm2__mem_rag_bm25,slm_only,slm2,,rag_bm25,prod database access prod database dear since working tool please database prod regards engineer,Hardware,Hardware,Internal Project,"The request is for production database access for an engineering tool, which falls under project infrastructure needs.","[""Gather project details (stack, environments, users)."", ""Estimate compute and storage needs."", ""Map requirements to standard platforms."", ""Raise provisioning requests and track completion.""]","The ticket mentions production database access for a tool, aligning with project infrastructure requirements.",False,"{""needs_human"": false, ""needs_llm_escalation"": false, ""policy_gap"": false, ""reasons"": []}",,,True,True,True,909,0.0006363,1126.7471800092608,0.457323735612004,3,0,1,1,0,2,1,Low category alignment.; Low alignment with gold resolution steps.,System F,Grant access to production database for engineer,"[""Verify the engineer's identity and obtain approval from their manager or the system owner"", ""Determine the specific production database and the required role level for access"", ""Review current access levels to prevent duplication of access rights"", ""Provision access through the Identity and Access Management (IAM) tool or application admin console"", ""Instruct the engineer to log out and log back in to refresh their permissions"", ""Test the access to ensure it functions correctly for necessary operations"", ""Document the granted access in the ticket, including the groups and roles applied""]","[""The engineer successfully accesses the production database with the correct role level"", ""Access details are accurately recorded and communicated to the relevant parties""]",auto_approved,RouterGym\results\analysis_outputs\gold_resolution_eval\gold_matched_production_outputs.jsonl
7478,llm_only__base_llm1__mem_rag_bm25,llm_only,llm1,,rag_bm25,create security for all users create users,Access,Access,Access,"To create security settings and user accounts, follow these steps: Verify the user list, create user accounts, assign security roles, and test access. Ensure compliance with security policies.","[""Verify the list of users who need accounts."", ""Create user accounts with necessary details."", ""Assign appropriate security roles to each user."", ""Test access to ensure users can log in and perform their tasks.""]","The request involves setting up security and user accounts, which requires creating user profiles and assigning appropriate security roles.",False,"{""needs_human"": false, ""needs_llm_escalation"": false, ""policy_gap"": false, ""reasons"": []}",,,True,True,True,986,0.005915999999999999,3376.197051955387,0.5003501925379621,6,2,1,1,1,2,2,Acceptable scoring across all dimensions.,System D,Create security for all users and establish user accounts,"[""1. Verify that the requester has the necessary permissions to create new user accounts."", ""2. Check the system to confirm whether the user account already exists."", ""3. If the user account does not exist, create a new user account with appropriate access levels and security settings based on the user's role."", ""4. Assign the user to the correct group and role within the organization's access management system."", ""5. Ensure that the user's account complies with the guidelines outlined in 'admin_rights.privileged_account_usage_guidelines' for any required administrative access."", ""6. Confirm that the user can log in successfully and has the required access according to their role."", ""7. Review the user's account settings against the 'access.expired_account_handling' policy to ensure proper handling of account expiration.""]","[""The user can log in successfully with the correct credentials."", ""The user has the required access and security settings aligned with their role.""]",auto_approved,RouterGym\results\analysis_outputs\gold_resolution_eval\gold_matched_production_outputs.jsonl
7478,llm_only__base_llm2__mem_rag_bm25,llm_only,llm2,,rag_bm25,create security for all users create users,Access,Access,Access,"To address the request, follow the steps below to ensure all users have appropriate security settings and are created within the system.","[""Verify access permissions for all users."", ""Configure security settings for each user."", ""Create user accounts following company guidelines."", ""Assign necessary roles and permissions."", ""Confirm all users have proper access and security settings.""]",The request pertains to setting up security measures for all users and creating their accounts. This involves ensuring proper access controls and user creation procedures are followed.,False,"{""needs_human"": false, ""needs_llm_escalation"": false, ""policy_gap"": false, ""reasons"": []}",,,True,True,True,953,0.002859,2200.922345975414,0.4793275875025095,10,2,2,2,2,2,2,Acceptable scoring across all dimensions.,System B,Create security for all users and establish user accounts,"[""1. Verify that the requester has the necessary permissions to create new user accounts."", ""2. Check the system to confirm whether the user account already exists."", ""3. If the user account does not exist, create a new user account with appropriate access levels and security settings based on the user's role."", ""4. Assign the user to the correct group and role within the organization's access management system."", ""5. Ensure that the user's account complies with the guidelines outlined in 'admin_rights.privileged_account_usage_guidelines' for any required administrative access."", ""6. Confirm that the user can log in successfully and has the required access according to their role."", ""7. Review the user's account settings against the 'access.expired_account_handling' policy to ensure proper handling of account expiration.""]","[""The user can log in successfully with the correct credentials."", ""The user has the required access and security settings aligned with their role.""]",auto_approved,RouterGym\results\analysis_outputs\gold_resolution_eval\gold_matched_production_outputs.jsonl
7478,slm_dominant__base_slm1__esc_llm2__mem_rag_bm25,slm_dominant,slm1,llm2,rag_bm25,create security for all users create users,Access,Access,Access,"To create security for all users and create user accounts, follow these steps: 1. Set up user roles and permissions in the security system. 2. Create user accounts with appropriate roles and permissions. 3. Send account activation links to users. 4. Configure multi-factor authentication for added security. 5. Ensure all users are aware of security policies and best practices.","[""Set up user roles and permissions"", ""Create user accounts"", ""Send account activation links"", ""Configure multi-factor authentication"", ""Inform users of security policies""]","The request involves creating user accounts and setting up security, which can be addressed by following standard user account creation and security configuration procedures.",False,"{""needs_human"": false, ""needs_llm_escalation"": false, ""policy_gap"": false, ""reasons"": []}",,,True,True,True,1242,0.000621,1882.927794009447,0.4606173480214905,5,0,2,1,1,2,1,Low category alignment.,System C,Create security for all users and establish user accounts,"[""1. Verify that the requester has the necessary permissions to create new user accounts."", ""2. Check the system to confirm whether the user account already exists."", ""3. If the user account does not exist, create a new user account with appropriate access levels and security settings based on the user's role."", ""4. Assign the user to the correct group and role within the organization's access management system."", ""5. Ensure that the user's account complies with the guidelines outlined in 'admin_rights.privileged_account_usage_guidelines' for any required administrative access."", ""6. Confirm that the user can log in successfully and has the required access according to their role."", ""7. Review the user's account settings against the 'access.expired_account_handling' policy to ensure proper handling of account expiration.""]","[""The user can log in successfully with the correct credentials."", ""The user has the required access and security settings aligned with their role.""]",auto_approved,RouterGym\results\analysis_outputs\gold_resolution_eval\gold_matched_production_outputs.jsonl
7478,slm_dominant__base_slm2__esc_llm2__mem_rag_bm25,slm_dominant,slm2,llm2,rag_bm25,create security for all users create users,Access,Access,Access,Security measures should be created and users added following standard IT procedures.,"[""Review security policies and procedures."", ""Create security roles and permissions."", ""Add new users to the system."", ""Assign appropriate roles to new users.""]","The request involves creating security and adding users, which are common IT tasks requiring standard procedures and access controls.",False,"{""needs_human"": false, ""needs_llm_escalation"": false, ""policy_gap"": false, ""reasons"": []}",,,True,True,True,920,0.0006439999999999999,1346.4863400440663,0.4730340016677769,3,2,1,1,1,2,1,Very short answer.,System E,Create security for all users and establish user accounts,"[""1. Verify that the requester has the necessary permissions to create new user accounts."", ""2. Check the system to confirm whether the user account already exists."", ""3. If the user account does not exist, create a new user account with appropriate access levels and security settings based on the user's role."", ""4. Assign the user to the correct group and role within the organization's access management system."", ""5. Ensure that the user's account complies with the guidelines outlined in 'admin_rights.privileged_account_usage_guidelines' for any required administrative access."", ""6. Confirm that the user can log in successfully and has the required access according to their role."", ""7. Review the user's account settings against the 'access.expired_account_handling' policy to ensure proper handling of account expiration.""]","[""The user can log in successfully with the correct credentials."", ""The user has the required access and security settings aligned with their role.""]",auto_approved,RouterGym\results\analysis_outputs\gold_resolution_eval\gold_matched_production_outputs.jsonl
7478,slm_only__base_slm1__mem_rag_bm25,slm_only,slm1,,rag_bm25,create security for all users create users,Access,Access,Access,"To create security for all users and create user accounts, follow these steps: 1. Set up user roles and permissions in the security system. 2. Create user accounts with appropriate roles and permissions. 3. Send account activation links to users. 4. Configure multi-factor authentication for added security. 5. Ensure all users are aware of security policies and best practices.","[""Set up user roles and permissions"", ""Create user accounts"", ""Send account activation links"", ""Configure multi-factor authentication"", ""Inform users of security policies""]","The request involves creating user accounts and setting up security, which can be addressed by following standard user account creation and security configuration procedures.",False,"{""needs_human"": false, ""needs_llm_escalation"": false, ""policy_gap"": false, ""reasons"": []}",,,True,True,True,1242,0.000621,1877.2876518778503,0.4606173480214905,5,0,2,1,1,2,1,Low category alignment.,System A,Create security for all users and establish user accounts,"[""1. Verify that the requester has the necessary permissions to create new user accounts."", ""2. Check the system to confirm whether the user account already exists."", ""3. If the user account does not exist, create a new user account with appropriate access levels and security settings based on the user's role."", ""4. Assign the user to the correct group and role within the organization's access management system."", ""5. Ensure that the user's account complies with the guidelines outlined in 'admin_rights.privileged_account_usage_guidelines' for any required administrative access."", ""6. Confirm that the user can log in successfully and has the required access according to their role."", ""7. Review the user's account settings against the 'access.expired_account_handling' policy to ensure proper handling of account expiration.""]","[""The user can log in successfully with the correct credentials."", ""The user has the required access and security settings aligned with their role.""]",auto_approved,RouterGym\results\analysis_outputs\gold_resolution_eval\gold_matched_production_outputs.jsonl
7478,slm_only__base_slm2__mem_rag_bm25,slm_only,slm2,,rag_bm25,create security for all users create users,Access,Access,Access,Security measures should be created and users added following standard IT procedures.,"[""Review security policies and procedures."", ""Create security roles and permissions."", ""Add new users to the system."", ""Assign appropriate roles to new users.""]","The request involves creating security and adding users, which are common IT tasks requiring standard procedures and access controls.",False,"{""needs_human"": false, ""needs_llm_escalation"": false, ""policy_gap"": false, ""reasons"": []}",,,True,True,True,920,0.0006439999999999999,1080.2082349546254,0.4730340016677769,5,2,1,1,1,2,1,Very short answer.,System F,Create security for all users and establish user accounts,"[""1. Verify that the requester has the necessary permissions to create new user accounts."", ""2. Check the system to confirm whether the user account already exists."", ""3. If the user account does not exist, create a new user account with appropriate access levels and security settings based on the user's role."", ""4. Assign the user to the correct group and role within the organization's access management system."", ""5. Ensure that the user's account complies with the guidelines outlined in 'admin_rights.privileged_account_usage_guidelines' for any required administrative access."", ""6. Confirm that the user can log in successfully and has the required access according to their role."", ""7. Review the user's account settings against the 'access.expired_account_handling' policy to ensure proper handling of account expiration.""]","[""The user can log in successfully with the correct credentials."", ""The user has the required access and security settings aligned with their role.""]",auto_approved,RouterGym\results\analysis_outputs\gold_resolution_eval\gold_matched_production_outputs.jsonl
7503,llm_only__base_llm1__mem_rag_bm25,llm_only,llm1,,rag_bm25,provide access to and while on assets provide while hello please provide colleagues while connected both working number while since both collaborators client side provided by his employer please find attached also strange received connect thank consultant mobile,Hardware,HR Support,Internal Project,"To provide access to assets and connect colleagues, confirm the data owner and purpose of use. Classify the requested data and choose the appropriate access method. Apply access via roles or views and log approvals. Review access regularly and remove when the project ends.","[""Confirm data owner and purpose of use."", ""Classify requested data (public, internal, confidential, personal)."", ""Choose appropriate access method (read-only views, masked data, anonymised extracts)."", ""Apply access via roles or views and log approvals."", ""Review access regularly and remove when project ends.""]","The request involves data access and security for project teams, which falls under the 'Internal Project' category.",False,"{""needs_human"": false, ""needs_llm_escalation"": false, ""policy_gap"": false, ""reasons"": []}",,,True,True,True,1121,0.006725999999999999,4677.2406990639865,0.6581834249270015,5,0,1,1,2,2,1,Low category alignment.,System D,Grant secure access to hardware assets and ensure data compliance,"[""Confirm the specific hardware assets and data access required by the colleagues."", ""Classify the requested data as public, internal, confidential, or personal."", ""Choose appropriate access methods ensuring data security and privacy rules are followed."", ""Apply access controls via roles or views and document approvals."", ""Review access permissions regularly and adjust as necessary."", ""Ensure all collaborators have the correct working numbers and contact details for connectivity."", ""Document the access setup and any additional information in the ticket""]","[""Colleagues have been granted secure access to the required hardware and data."", ""All connectivity issues have been resolved and confirmed by the requesting party.""]",auto_approved,RouterGym\results\analysis_outputs\gold_resolution_eval\gold_matched_production_outputs.jsonl
7503,llm_only__base_llm2__mem_rag_bm25,llm_only,llm2,,rag_bm25,provide access to and while on assets provide while hello please provide colleagues while connected both working number while since both collaborators client side provided by his employer please find attached also strange received connect thank consultant mobile,Hardware,HR Support,Access,Access to work assets will be granted to your colleagues who are using employer-provided devices. Ensure that all necessary security protocols are followed.,"[""Confirm data owner and purpose of access."", ""Classify requested data according to sensitivity."", ""Grant appropriate access level."", ""Log all approvals and reviews."", ""Remove access post-project completion.""]","The request pertains to providing access to company resources for employees using company-issued devices, aligning with internal project data access policies.",False,"{""needs_human"": false, ""needs_llm_escalation"": false, ""policy_gap"": false, ""reasons"": []}",,,True,True,True,1017,0.0030510000000000003,2215.6649760436267,0.5842540693854457,4,0,1,1,1,2,1,Low category alignment.,System B,Grant secure access to hardware assets and ensure data compliance,"[""Confirm the specific hardware assets and data access required by the colleagues."", ""Classify the requested data as public, internal, confidential, or personal."", ""Choose appropriate access methods ensuring data security and privacy rules are followed."", ""Apply access controls via roles or views and document approvals."", ""Review access permissions regularly and adjust as necessary."", ""Ensure all collaborators have the correct working numbers and contact details for connectivity."", ""Document the access setup and any additional information in the ticket""]","[""Colleagues have been granted secure access to the required hardware and data."", ""All connectivity issues have been resolved and confirmed by the requesting party.""]",auto_approved,RouterGym\results\analysis_outputs\gold_resolution_eval\gold_matched_production_outputs.jsonl
7503,slm_dominant__base_slm1__esc_llm2__mem_rag_bm25,slm_dominant,slm1,llm2,rag_bm25,provide access to and while on assets provide while hello please provide colleagues while connected both working number while since both collaborators client side provided by his employer please find attached also strange received connect thank consultant mobile,Hardware,HR Support,Administrative rights,"To facilitate collaboration, please follow these steps: 1. Confirm the collaborators' employment status and their need for access. 2. Grant access to the required assets. 3. Share contact information securely. 4. Monitor access and usage. If the collaborators are from different departments or regions, escalate the request to the appropriate team.","[""Confirm collaborators' employment status"", ""Grant access to assets"", ""Share contact information securely"", ""Monitor access and usage""]","The request involves providing access to assets and sharing contact information for collaboration. This requires verifying the collaborators' employment status and ensuring secure sharing of information. If the collaborators are from different departments or regions, escalation may be necessary.",False,"{""needs_human"": false, ""needs_llm_escalation"": false, ""policy_gap"": false, ""reasons"": []}",,,True,True,True,1287,0.0006435,1735.0511869881302,0.5571483460515557,5,0,2,1,1,2,1,Low category alignment.,System C,Grant secure access to hardware assets and ensure data compliance,"[""Confirm the specific hardware assets and data access required by the colleagues."", ""Classify the requested data as public, internal, confidential, or personal."", ""Choose appropriate access methods ensuring data security and privacy rules are followed."", ""Apply access controls via roles or views and document approvals."", ""Review access permissions regularly and adjust as necessary."", ""Ensure all collaborators have the correct working numbers and contact details for connectivity."", ""Document the access setup and any additional information in the ticket""]","[""Colleagues have been granted secure access to the required hardware and data."", ""All connectivity issues have been resolved and confirmed by the requesting party.""]",auto_approved,RouterGym\results\analysis_outputs\gold_resolution_eval\gold_matched_production_outputs.jsonl
7503,slm_dominant__base_slm2__esc_llm2__mem_rag_bm25,slm_dominant,slm2,llm2,rag_bm25,provide access to and while on assets provide while hello please provide colleagues while connected both working number while since both collaborators client side provided by his employer please find attached also strange received connect thank consultant mobile,Hardware,HR Support,Access,Access requests need to be processed based on project needs and security policies. Ensure data is classified and access is granted through appropriate methods.,"[""Confirm data owner and purpose."", ""Classify requested data (public, internal, confidential)."", ""Choose access method (read-only, masked data)."", ""Apply access via roles or views.""]","The request involves accessing colleagues' information, which requires adherence to data access and security policies.",False,"{""needs_human"": false, ""needs_llm_escalation"": false, ""policy_gap"": false, ""reasons"": []}",,,True,True,True,1007,0.0007049,1234.3599828891456,0.6122243793183306,5,0,1,1,2,2,1,Low category alignment.,System E,Grant secure access to hardware assets and ensure data compliance,"[""Confirm the specific hardware assets and data access required by the colleagues."", ""Classify the requested data as public, internal, confidential, or personal."", ""Choose appropriate access methods ensuring data security and privacy rules are followed."", ""Apply access controls via roles or views and document approvals."", ""Review access permissions regularly and adjust as necessary."", ""Ensure all collaborators have the correct working numbers and contact details for connectivity."", ""Document the access setup and any additional information in the ticket""]","[""Colleagues have been granted secure access to the required hardware and data."", ""All connectivity issues have been resolved and confirmed by the requesting party.""]",auto_approved,RouterGym\results\analysis_outputs\gold_resolution_eval\gold_matched_production_outputs.jsonl
7503,slm_only__base_slm1__mem_rag_bm25,slm_only,slm1,,rag_bm25,provide access to and while on assets provide while hello please provide colleagues while connected both working number while since both collaborators client side provided by his employer please find attached also strange received connect thank consultant mobile,Hardware,HR Support,Administrative rights,"To facilitate collaboration, please follow these steps: 1. Confirm the collaborators' employment status and their need for access. 2. Grant access to the required assets. 3. Share contact information securely. 4. Monitor access and usage. If the collaborators are from different departments or regions, escalate the request to the appropriate team.","[""Confirm collaborators' employment status"", ""Grant access to assets"", ""Share contact information securely"", ""Monitor access and usage""]","The request involves providing access to assets and sharing contact information for collaboration. This requires verifying the collaborators' employment status and ensuring secure sharing of information. If the collaborators are from different departments or regions, escalation may be necessary.",False,"{""needs_human"": false, ""needs_llm_escalation"": false, ""policy_gap"": false, ""reasons"": []}",,,True,True,True,1287,0.0006435,1749.2365329526365,0.5571483460515557,5,0,2,1,1,2,1,Low category alignment.,System A,Grant secure access to hardware assets and ensure data compliance,"[""Confirm the specific hardware assets and data access required by the colleagues."", ""Classify the requested data as public, internal, confidential, or personal."", ""Choose appropriate access methods ensuring data security and privacy rules are followed."", ""Apply access controls via roles or views and document approvals."", ""Review access permissions regularly and adjust as necessary."", ""Ensure all collaborators have the correct working numbers and contact details for connectivity."", ""Document the access setup and any additional information in the ticket""]","[""Colleagues have been granted secure access to the required hardware and data."", ""All connectivity issues have been resolved and confirmed by the requesting party.""]",auto_approved,RouterGym\results\analysis_outputs\gold_resolution_eval\gold_matched_production_outputs.jsonl
7503,slm_only__base_slm2__mem_rag_bm25,slm_only,slm2,,rag_bm25,provide access to and while on assets provide while hello please provide colleagues while connected both working number while since both collaborators client side provided by his employer please find attached also strange received connect thank consultant mobile,Hardware,HR Support,Access,Access requests need to be processed based on project needs and security policies. Ensure data is classified and access is granted through appropriate methods.,"[""Confirm data owner and purpose."", ""Classify requested data (public, internal, confidential)."", ""Choose access method (read-only, masked data)."", ""Apply access via roles or views.""]","The request involves accessing colleagues' information, which requires adherence to data access and security policies.",False,"{""needs_human"": false, ""needs_llm_escalation"": false, ""policy_gap"": false, ""reasons"": []}",,,True,True,True,1007,0.0007049,1511.841346975416,0.6122243793183306,5,0,1,1,2,2,1,Low category alignment.,System F,Grant secure access to hardware assets and ensure data compliance,"[""Confirm the specific hardware assets and data access required by the colleagues."", ""Classify the requested data as public, internal, confidential, or personal."", ""Choose appropriate access methods ensuring data security and privacy rules are followed."", ""Apply access controls via roles or views and document approvals."", ""Review access permissions regularly and adjust as necessary."", ""Ensure all collaborators have the correct working numbers and contact details for connectivity."", ""Document the access setup and any additional information in the ticket""]","[""Colleagues have been granted secure access to the required hardware and data."", ""All connectivity issues have been resolved and confirmed by the requesting party.""]",auto_approved,RouterGym\results\analysis_outputs\gold_resolution_eval\gold_matched_production_outputs.jsonl
7528,llm_only__base_llm1__mem_rag_bm25,llm_only,llm1,,rag_bm25,access hi please colleague same has she entity thank,HR Support,HR Support,HR Support,"To grant the same access as another entity, verify the requester's identity and approval, identify the exact system and role, check for existing access, apply the change via the appropriate tool, and confirm the access works.","[""Verify the requester's identity and approval."", ""Identify the exact system, group, or repository required and role level."", ""Check for existing access to avoid duplicates."", ""Apply change via IAM tool, AD group, or application admin console."", ""Confirm access works for key actions; update ticket with groups/roles applied.""]","The request is for granting access similar to another entity, which falls under the access request flow.",False,"{""needs_human"": false, ""needs_llm_escalation"": false, ""policy_gap"": false, ""reasons"": []}",,,True,True,True,1044,0.0062640000000000005,3919.3201810121536,0.6664020739883886,5,0,1,1,2,2,1,Low category alignment.,System D,Granting access to a system or entity for a colleague,"[""Verify the identity of the requester and obtain necessary approval from the manager or system owner."", ""Identify the specific system, group, or repository the colleague requires access to and determine the appropriate role level."", ""Check if the colleague already has access to prevent duplication."", ""Apply the access change through the IAM tool, AD group, or the application's admin console."", ""Instruct the colleague to log out and log back in to refresh their permissions."", ""Test the access to ensure the colleague can perform essential functions within the system."", ""Update the ticket with details of the groups or roles that have been assigned.""]","[""The colleague confirms they can access the specified system or entity."", ""The colleague demonstrates the ability to perform key actions within the system.""]",auto_approved,RouterGym\results\analysis_outputs\gold_resolution_eval\gold_matched_production_outputs.jsonl
7528,llm_only__base_llm2__mem_rag_bm25,llm_only,llm2,,rag_bm25,access hi please colleague same has she entity thank,HR Support,HR Support,Access,"To resolve this request, verify the colleague's identity and approval, identify the required system and role, check for existing access, apply the necessary changes, and confirm the access works.","[""Verify requester identity and approval."", ""Identify required system and role."", ""Check for existing access."", ""Apply changes via IAM tool."", ""Confirm access works.""]","The request is clear and aligns with typical access requests, requiring standard verification and application of access rights.",False,"{""needs_human"": false, ""needs_llm_escalation"": false, ""policy_gap"": false, ""reasons"": []}",,,True,True,True,966,0.0028979999999990003,2033.7600149214268,0.5829940699548629,4,0,1,1,1,2,1,Low category alignment.,System B,Granting access to a system or entity for a colleague,"[""Verify the identity of the requester and obtain necessary approval from the manager or system owner."", ""Identify the specific system, group, or repository the colleague requires access to and determine the appropriate role level."", ""Check if the colleague already has access to prevent duplication."", ""Apply the access change through the IAM tool, AD group, or the application's admin console."", ""Instruct the colleague to log out and log back in to refresh their permissions."", ""Test the access to ensure the colleague can perform essential functions within the system."", ""Update the ticket with details of the groups or roles that have been assigned.""]","[""The colleague confirms they can access the specified system or entity."", ""The colleague demonstrates the ability to perform key actions within the system.""]",auto_approved,RouterGym\results\analysis_outputs\gold_resolution_eval\gold_matched_production_outputs.jsonl
7528,slm_dominant__base_slm1__esc_llm2__mem_rag_bm25,slm_dominant,slm1,llm2,rag_bm25,access hi please colleague same has she entity thank,HR Support,HR Support,Access,"Your access request has been received. We will verify your identity and the required system, then apply the change via the IAM tool or application admin console. You may need to log off and back in to refresh permissions.","[""Verify requester identity and approval"", ""Identify exact system required and role level"", ""Apply change via IAM tool, AD group, or application admin console"", ""Ask user to log off and back in to refresh permissions""]","The ticket matches the Access Request Flow pattern, which covers creating, changing, or removing user access to systems.",False,"{""needs_human"": false, ""needs_llm_escalation"": false, ""policy_gap"": false, ""reasons"": []}",,,True,True,True,1246,0.0006230000000000001,1775.7795138750225,0.6400591752492605,4,0,1,0,2,2,1,Low category alignment.; Misses key requirements from gold summary/criteria.,System C,Granting access to a system or entity for a colleague,"[""Verify the identity of the requester and obtain necessary approval from the manager or system owner."", ""Identify the specific system, group, or repository the colleague requires access to and determine the appropriate role level."", ""Check if the colleague already has access to prevent duplication."", ""Apply the access change through the IAM tool, AD group, or the application's admin console."", ""Instruct the colleague to log out and log back in to refresh their permissions."", ""Test the access to ensure the colleague can perform essential functions within the system."", ""Update the ticket with details of the groups or roles that have been assigned.""]","[""The colleague confirms they can access the specified system or entity."", ""The colleague demonstrates the ability to perform key actions within the system.""]",auto_approved,RouterGym\results\analysis_outputs\gold_resolution_eval\gold_matched_production_outputs.jsonl
7528,slm_dominant__base_slm2__esc_llm2__mem_rag_bm25,slm_dominant,slm2,llm2,rag_bm25,access hi please colleague same has she entity thank,HR Support,HR Support,Access,Access request for the same entity as another user is being processed.,"[""Verify requester's identity and approval."", ""Identify the specific entity and role."", ""Check for existing access."", ""Apply change via appropriate tool."", ""Confirm access works.""]","The request is for access similar to another user's, fitting the access request pattern.",False,"{""needs_human"": false, ""needs_llm_escalation"": false, ""policy_gap"": false, ""reasons"": []}",,,True,True,True,941,0.0006586999999990001,1059.5093970187008,0.5933390041325386,3,0,1,1,1,2,1,Low category alignment.; Very short answer.,System E,Granting access to a system or entity for a colleague,"[""Verify the identity of the requester and obtain necessary approval from the manager or system owner."", ""Identify the specific system, group, or repository the colleague requires access to and determine the appropriate role level."", ""Check if the colleague already has access to prevent duplication."", ""Apply the access change through the IAM tool, AD group, or the application's admin console."", ""Instruct the colleague to log out and log back in to refresh their permissions."", ""Test the access to ensure the colleague can perform essential functions within the system."", ""Update the ticket with details of the groups or roles that have been assigned.""]","[""The colleague confirms they can access the specified system or entity."", ""The colleague demonstrates the ability to perform key actions within the system.""]",auto_approved,RouterGym\results\analysis_outputs\gold_resolution_eval\gold_matched_production_outputs.jsonl
7528,slm_only__base_slm1__mem_rag_bm25,slm_only,slm1,,rag_bm25,access hi please colleague same has she entity thank,HR Support,HR Support,Access,"Your access request has been received. We will verify your identity and the required system, then apply the change via the IAM tool or application admin console. You may need to log off and back in to refresh permissions.","[""Verify requester identity and approval"", ""Identify exact system required and role level"", ""Apply change via IAM tool, AD group, or application admin console"", ""Ask user to log off and back in to refresh permissions""]","The ticket matches the Access Request Flow pattern, which covers creating, changing, or removing user access to systems.",False,"{""needs_human"": false, ""needs_llm_escalation"": false, ""policy_gap"": false, ""reasons"": []}",,,True,True,True,1246,0.0006230000000000001,1767.8711789194494,0.6400591752492605,4,0,1,0,2,2,1,Low category alignment.; Misses key requirements from gold summary/criteria.,System A,Granting access to a system or entity for a colleague,"[""Verify the identity of the requester and obtain necessary approval from the manager or system owner."", ""Identify the specific system, group, or repository the colleague requires access to and determine the appropriate role level."", ""Check if the colleague already has access to prevent duplication."", ""Apply the access change through the IAM tool, AD group, or the application's admin console."", ""Instruct the colleague to log out and log back in to refresh their permissions."", ""Test the access to ensure the colleague can perform essential functions within the system."", ""Update the ticket with details of the groups or roles that have been assigned.""]","[""The colleague confirms they can access the specified system or entity."", ""The colleague demonstrates the ability to perform key actions within the system.""]",auto_approved,RouterGym\results\analysis_outputs\gold_resolution_eval\gold_matched_production_outputs.jsonl
7528,slm_only__base_slm2__mem_rag_bm25,slm_only,slm2,,rag_bm25,access hi please colleague same has she entity thank,HR Support,HR Support,Access,Access request for the same entity as another user is being processed.,"[""Verify requester's identity and approval."", ""Identify the specific entity and role."", ""Check for existing access."", ""Apply change via appropriate tool."", ""Confirm access works.""]","The request is for access similar to another user's, fitting the access request pattern.",False,"{""needs_human"": false, ""needs_llm_escalation"": false, ""policy_gap"": false, ""reasons"": []}",,,True,True,True,941,0.0006586999999990001,1098.5793080180883,0.5933390041325386,3,0,1,1,1,2,1,Low category alignment.; Very short answer.,System F,Granting access to a system or entity for a colleague,"[""Verify the identity of the requester and obtain necessary approval from the manager or system owner."", ""Identify the specific system, group, or repository the colleague requires access to and determine the appropriate role level."", ""Check if the colleague already has access to prevent duplication."", ""Apply the access change through the IAM tool, AD group, or the application's admin console."", ""Instruct the colleague to log out and log back in to refresh their permissions."", ""Test the access to ensure the colleague can perform essential functions within the system."", ""Update the ticket with details of the groups or roles that have been assigned.""]","[""The colleague confirms they can access the specified system or entity."", ""The colleague demonstrates the ability to perform key actions within the system.""]",auto_approved,RouterGym\results\analysis_outputs\gold_resolution_eval\gold_matched_production_outputs.jsonl
7971,llm_only__base_llm1__mem_rag_bm25,llm_only,llm1,,rag_bm25,cooler request for laptop cooler hello cooler where ask thank engineer,Hardware,Hardware,Hardware,"To address overheating, ensure your laptop is on a hard surface, check for blocked vents, and update your BIOS and chipset drivers. If the issue persists, consider using a laptop cooler.","[""Ensure the laptop is used on a hard, flat surface."", ""Check for blocked vents and clean any dust buildup."", ""Update BIOS and chipset drivers, focusing on thermal management."", ""Consider using a laptop cooler to improve airflow.""]",The user's request for a laptop cooler indicates potential overheating issues. Addressing airflow and thermal management can mitigate this problem.,False,"{""needs_human"": false, ""needs_llm_escalation"": false, ""policy_gap"": false, ""reasons"": []}",,,True,True,True,1138,0.006828000000000001,4179.919617017731,0.6237172187911638,4,0,1,1,1,2,1,Low category alignment.,System D,Resolution for laptop overheating and cooler request,"[""Inquire about the device usage environment (desk, bed, docking station) and advise using the laptop on a hard surface to improve airflow."", ""Inspect for any blocked vents, dust accumulation, or third-party covers that may restrict airflow."", ""Investigate running processes to identify any CPU-intensive applications or potential malware causing excessive heat."", ""Update BIOS and chipset drivers, specifically focusing on thermal and power management updates."", ""Run hardware diagnostics to check for CPU and fan errors; document any error codes."", ""If overheating continues, schedule an inspection for possible replacement of thermal paste or the fan."", ""Advise the user on best practices for preventing future overheating issues.""]","[""The device is consistently used on a hard surface with unobstructed airflow."", ""All vents are clear of dust and obstructions, and third-party covers have been removed."", ""Running processes have been reviewed and optimized to reduce heat generation."", ""Hardware diagnostics do not indicate critical errors related to the CPU or fan.""]",auto_approved,RouterGym\results\analysis_outputs\gold_resolution_eval\gold_matched_production_outputs.jsonl
7971,llm_only__base_llm2__mem_rag_bm25,llm_only,llm2,,rag_bm25,cooler request for laptop cooler hello cooler where ask thank engineer,Hardware,Hardware,Hardware,A laptop cooler can help manage heat and improve performance. Please follow the steps below to address potential cooling issues.,"[""Identify usage location and encourage use on a hard surface."", ""Check for blocked vents or dust buildup."", ""Review running applications for CPU-intensive tasks."", ""Update BIOS and chipset drivers."", ""Run diagnostics for CPU and fan.""]","The user is requesting a laptop cooler, which typically indicates concerns about overheating or managing heat effectively while using the laptop.",False,"{""needs_human"": false, ""needs_llm_escalation"": false, ""policy_gap"": false, ""reasons"": []}",,,True,True,True,1048,0.0031439999999999997,2026.8294429406524,0.6257648578633414,5,0,1,1,2,2,1,Low category alignment.,System B,Resolution for laptop overheating and cooler request,"[""Inquire about the device usage environment (desk, bed, docking station) and advise using the laptop on a hard surface to improve airflow."", ""Inspect for any blocked vents, dust accumulation, or third-party covers that may restrict airflow."", ""Investigate running processes to identify any CPU-intensive applications or potential malware causing excessive heat."", ""Update BIOS and chipset drivers, specifically focusing on thermal and power management updates."", ""Run hardware diagnostics to check for CPU and fan errors; document any error codes."", ""If overheating continues, schedule an inspection for possible replacement of thermal paste or the fan."", ""Advise the user on best practices for preventing future overheating issues.""]","[""The device is consistently used on a hard surface with unobstructed airflow."", ""All vents are clear of dust and obstructions, and third-party covers have been removed."", ""Running processes have been reviewed and optimized to reduce heat generation."", ""Hardware diagnostics do not indicate critical errors related to the CPU or fan.""]",auto_approved,RouterGym\results\analysis_outputs\gold_resolution_eval\gold_matched_production_outputs.jsonl
7971,slm_dominant__base_slm1__esc_llm2__mem_rag_bm25,slm_dominant,slm1,llm2,rag_bm25,cooler request for laptop cooler hello cooler where ask thank engineer,Hardware,Hardware,Hardware,"We recommend using a laptop cooler to address the overheating issue. Here are some steps to help you: 1. Clean the vents and remove any dust or obstructions. 2. Check for CPU-intensive applications or malware. 3. Update BIOS and chipset drivers, focusing on thermal/power management updates. 4. If the problem persists, consider scheduling an inspection and possible replacement of thermal paste or fan.","[""Clean the vents and remove any dust or obstructions."", ""Check for CPU-intensive applications or malware."", ""Update BIOS and chipset drivers, focusing on thermal/power management updates."", ""If the problem persists, consider scheduling an inspection and possible replacement of thermal paste or fan.""]","The user's laptop is overheating, which is a common issue with laptops. The steps provided aim to resolve the overheating problem by cleaning the vents, checking for CPU-intensive applications, updating drivers, and possibly inspecting the thermal components.",False,"{""needs_human"": false, ""needs_llm_escalation"": false, ""policy_gap"": false, ""reasons"": []}",,,True,True,True,1392,0.000696,1996.8979300465435,0.6623180703499097,6,0,2,1,2,2,1,Low category alignment.,System C,Resolution for laptop overheating and cooler request,"[""Inquire about the device usage environment (desk, bed, docking station) and advise using the laptop on a hard surface to improve airflow."", ""Inspect for any blocked vents, dust accumulation, or third-party covers that may restrict airflow."", ""Investigate running processes to identify any CPU-intensive applications or potential malware causing excessive heat."", ""Update BIOS and chipset drivers, specifically focusing on thermal and power management updates."", ""Run hardware diagnostics to check for CPU and fan errors; document any error codes."", ""If overheating continues, schedule an inspection for possible replacement of thermal paste or the fan."", ""Advise the user on best practices for preventing future overheating issues.""]","[""The device is consistently used on a hard surface with unobstructed airflow."", ""All vents are clear of dust and obstructions, and third-party covers have been removed."", ""Running processes have been reviewed and optimized to reduce heat generation."", ""Hardware diagnostics do not indicate critical errors related to the CPU or fan.""]",auto_approved,RouterGym\results\analysis_outputs\gold_resolution_eval\gold_matched_production_outputs.jsonl
7971,slm_dominant__base_slm2__esc_llm2__mem_rag_bm25,slm_dominant,slm2,llm2,rag_bm25,cooler request for laptop cooler hello cooler where ask thank engineer,Hardware,Hardware,Hardware,A laptop cooler can help reduce heat and improve performance. Ensure proper placement and check for dust buildup.,"[""Place cooler on a hard surface."", ""Check for dust and clean vents.""]","The request is about a laptop accessory and its usage, fitting into the hardware category related to cooling and performance issues.",False,"{""needs_human"": false, ""needs_llm_escalation"": false, ""policy_gap"": false, ""reasons"": []}",,,True,True,True,1021,0.0007147,1064.7298921830952,0.5635174973883351,5,2,1,1,0,2,1,Low alignment with gold resolution steps.,System E,Resolution for laptop overheating and cooler request,"[""Inquire about the device usage environment (desk, bed, docking station) and advise using the laptop on a hard surface to improve airflow."", ""Inspect for any blocked vents, dust accumulation, or third-party covers that may restrict airflow."", ""Investigate running processes to identify any CPU-intensive applications or potential malware causing excessive heat."", ""Update BIOS and chipset drivers, specifically focusing on thermal and power management updates."", ""Run hardware diagnostics to check for CPU and fan errors; document any error codes."", ""If overheating continues, schedule an inspection for possible replacement of thermal paste or the fan."", ""Advise the user on best practices for preventing future overheating issues.""]","[""The device is consistently used on a hard surface with unobstructed airflow."", ""All vents are clear of dust and obstructions, and third-party covers have been removed."", ""Running processes have been reviewed and optimized to reduce heat generation."", ""Hardware diagnostics do not indicate critical errors related to the CPU or fan.""]",auto_approved,RouterGym\results\analysis_outputs\gold_resolution_eval\gold_matched_production_outputs.jsonl
7971,slm_only__base_slm1__mem_rag_bm25,slm_only,slm1,,rag_bm25,cooler request for laptop cooler hello cooler where ask thank engineer,Hardware,Hardware,Hardware,"We recommend using a laptop cooler to address the overheating issue. Here are some steps to help you: 1. Clean the vents and remove any dust or obstructions. 2. Check for CPU-intensive applications or malware. 3. Update BIOS and chipset drivers, focusing on thermal/power management updates. 4. If the problem persists, consider scheduling an inspection and possible replacement of thermal paste or fan.","[""Clean the vents and remove any dust or obstructions."", ""Check for CPU-intensive applications or malware."", ""Update BIOS and chipset drivers, focusing on thermal/power management updates."", ""If the problem persists, consider scheduling an inspection and possible replacement of thermal paste or fan.""]","The user's laptop is overheating, which is a common issue with laptops. The steps provided aim to resolve the overheating problem by cleaning the vents, checking for CPU-intensive applications, updating drivers, and possibly inspecting the thermal components.",False,"{""needs_human"": false, ""needs_llm_escalation"": false, ""policy_gap"": false, ""reasons"": []}",,,True,True,True,1392,0.000696,1985.4506270494312,0.6623180703499097,6,0,2,1,2,2,1,Low category alignment.,System A,Resolution for laptop overheating and cooler request,"[""Inquire about the device usage environment (desk, bed, docking station) and advise using the laptop on a hard surface to improve airflow."", ""Inspect for any blocked vents, dust accumulation, or third-party covers that may restrict airflow."", ""Investigate running processes to identify any CPU-intensive applications or potential malware causing excessive heat."", ""Update BIOS and chipset drivers, specifically focusing on thermal and power management updates."", ""Run hardware diagnostics to check for CPU and fan errors; document any error codes."", ""If overheating continues, schedule an inspection for possible replacement of thermal paste or the fan."", ""Advise the user on best practices for preventing future overheating issues.""]","[""The device is consistently used on a hard surface with unobstructed airflow."", ""All vents are clear of dust and obstructions, and third-party covers have been removed."", ""Running processes have been reviewed and optimized to reduce heat generation."", ""Hardware diagnostics do not indicate critical errors related to the CPU or fan.""]",auto_approved,RouterGym\results\analysis_outputs\gold_resolution_eval\gold_matched_production_outputs.jsonl
7971,slm_only__base_slm2__mem_rag_bm25,slm_only,slm2,,rag_bm25,cooler request for laptop cooler hello cooler where ask thank engineer,Hardware,Hardware,Hardware,A laptop cooler can help reduce heat and improve performance. Ensure proper placement and check for dust buildup.,"[""Place cooler on a hard surface."", ""Check for dust and clean vents.""]","The request is about a laptop accessory and its usage, fitting into the hardware category related to cooling and performance issues.",False,"{""needs_human"": false, ""needs_llm_escalation"": false, ""policy_gap"": false, ""reasons"": []}",,,True,True,True,1021,0.0007147,1075.6335069891065,0.5635174973883351,5,2,1,1,0,2,1,Low alignment with gold resolution steps.,System F,Resolution for laptop overheating and cooler request,"[""Inquire about the device usage environment (desk, bed, docking station) and advise using the laptop on a hard surface to improve airflow."", ""Inspect for any blocked vents, dust accumulation, or third-party covers that may restrict airflow."", ""Investigate running processes to identify any CPU-intensive applications or potential malware causing excessive heat."", ""Update BIOS and chipset drivers, specifically focusing on thermal and power management updates."", ""Run hardware diagnostics to check for CPU and fan errors; document any error codes."", ""If overheating continues, schedule an inspection for possible replacement of thermal paste or the fan."", ""Advise the user on best practices for preventing future overheating issues.""]","[""The device is consistently used on a hard surface with unobstructed airflow."", ""All vents are clear of dust and obstructions, and third-party covers have been removed."", ""Running processes have been reviewed and optimized to reduce heat generation."", ""Hardware diagnostics do not indicate critical errors related to the CPU or fan.""]",auto_approved,RouterGym\results\analysis_outputs\gold_resolution_eval\gold_matched_production_outputs.jsonl
8005,llm_only__base_llm1__mem_rag_bm25,llm_only,llm1,,rag_bm25,re network switch problem re switch problem hi copied please ensure switches labelled help networks thanks switch problem hi please book top switch rack room seems had call dead phone meeting room had patch spare socket second switch down switches labelled find name serial number thanks,Hardware,Hardware,Hardware,"Label all network switches with their names and serial numbers. Check the switches in the top rack room and the meeting room for any issues. Ensure all cables are properly connected and test the network connectivity. If any switch is down, replace it with a spare socket.","[""Label all network switches with their names and serial numbers."", ""Check the switches in the top rack room and the meeting room for any issues."", ""Ensure all cables are properly connected and test the network connectivity."", ""If any switch is down, replace it with a spare socket.""]","The ticket indicates issues with network switches, specifically mentioning the need to label switches and check for problems in certain rooms. The mention of a 'dead phone' and 'second switch down' suggests connectivity issues.",False,"{""needs_human"": false, ""needs_llm_escalation"": false, ""policy_gap"": false, ""reasons"": []}",,,True,True,True,1180,0.007079999999999,4570.095779839903,0.6736161990961583,3,0,1,1,1,1,1,Low category alignment.; Escalation expected but not flagged.,System D,Resolution for network switch problems affecting connectivity,"[""Identify and label all switches in the rack room to ensure proper network management."", ""Check if multiple users in the same area are experiencing connectivity loss to determine if the issue is localized or widespread."", ""Perform basic network diagnostics by running `ipconfig` and `ping` commands to verify IP configuration and reachability."", ""Inspect the physical connections of the network cables and ensure they are securely connected and undamaged."", ""Test alternative network ports or switches to isolate the problem component."", ""If the issue persists, escalate to network engineering team for further investigation into possible switch, router, or firewall outages.""]","[""All switches are correctly identified and labeled."", ""Network connectivity is restored for all affected users."", ""No further reports of connectivity issues within the same network segment.""]",auto_approved,RouterGym\results\analysis_outputs\gold_resolution_eval\gold_matched_production_outputs.jsonl
8005,llm_only__base_llm2__mem_rag_bm25,llm_only,llm2,,rag_bm25,re network switch problem re switch problem hi copied please ensure switches labelled help networks thanks switch problem hi please book top switch rack room seems had call dead phone meeting room had patch spare socket second switch down switches labelled find name serial number thanks,Hardware,Hardware,Hardware,"To resolve the network switch issue, label all switches with their names and serial numbers. Book the top switch rack for a spare socket to replace the faulty switch.","[""Label all network switches with names and serial numbers."", ""Book the top switch rack for a spare socket."", ""Replace the faulty switch with the spare socket.""]",The request involves labeling network switches and booking a rack for a spare socket due to a second switch failure. This aligns with hardware troubleshooting related to network infrastructure.,False,"{""needs_human"": false, ""needs_llm_escalation"": false, ""policy_gap"": false, ""reasons"": []}",,,True,True,True,1090,0.0032700000000000003,2286.7651721462607,0.6433011128219381,5,2,1,1,1,1,1,Escalation expected but not flagged.,System B,Resolution for network switch problems affecting connectivity,"[""Identify and label all switches in the rack room to ensure proper network management."", ""Check if multiple users in the same area are experiencing connectivity loss to determine if the issue is localized or widespread."", ""Perform basic network diagnostics by running `ipconfig` and `ping` commands to verify IP configuration and reachability."", ""Inspect the physical connections of the network cables and ensure they are securely connected and undamaged."", ""Test alternative network ports or switches to isolate the problem component."", ""If the issue persists, escalate to network engineering team for further investigation into possible switch, router, or firewall outages.""]","[""All switches are correctly identified and labeled."", ""Network connectivity is restored for all affected users."", ""No further reports of connectivity issues within the same network segment.""]",auto_approved,RouterGym\results\analysis_outputs\gold_resolution_eval\gold_matched_production_outputs.jsonl
8005,slm_dominant__base_slm1__esc_llm2__mem_rag_bm25,slm_dominant,slm1,llm2,rag_bm25,re network switch problem re switch problem hi copied please ensure switches labelled help networks thanks switch problem hi please book top switch rack room seems had call dead phone meeting room had patch spare socket second switch down switches labelled find name serial number thanks,Hardware,Hardware,Hardware,"Ensure all switches are labeled correctly and functioning. If a switch is down, power cycle it. If a spare socket is available, patch the second switch to it. Find the name, serial number, and label each switch.","[""Check the labels on all switches for accuracy."", ""Power cycle any switches that are down."", ""If a spare socket is available, patch the second switch to it."", ""Label each switch correctly and find the name and serial number for each.""]","The ticket indicates a problem with network switches, specifically mentioning a dead phone meeting room and a second switch being down. The problem may be due to mislabeled switches or a faulty switch.",False,"{""needs_human"": false, ""needs_llm_escalation"": false, ""policy_gap"": false, ""reasons"": []}",,,True,True,True,1397,0.0006985,1984.0127329807729,0.6410357681148209,3,0,1,0,1,1,1,Low category alignment.; Misses key requirements from gold summary/criteria.; Escalation expected but not flagged.,System C,Resolution for network switch problems affecting connectivity,"[""Identify and label all switches in the rack room to ensure proper network management."", ""Check if multiple users in the same area are experiencing connectivity loss to determine if the issue is localized or widespread."", ""Perform basic network diagnostics by running `ipconfig` and `ping` commands to verify IP configuration and reachability."", ""Inspect the physical connections of the network cables and ensure they are securely connected and undamaged."", ""Test alternative network ports or switches to isolate the problem component."", ""If the issue persists, escalate to network engineering team for further investigation into possible switch, router, or firewall outages.""]","[""All switches are correctly identified and labeled."", ""Network connectivity is restored for all affected users."", ""No further reports of connectivity issues within the same network segment.""]",auto_approved,RouterGym\results\analysis_outputs\gold_resolution_eval\gold_matched_production_outputs.jsonl
8005,slm_dominant__base_slm2__esc_llm2__mem_rag_bm25,slm_dominant,slm2,llm2,rag_bm25,re network switch problem re switch problem hi copied please ensure switches labelled help networks thanks switch problem hi please book top switch rack room seems had call dead phone meeting room had patch spare socket second switch down switches labelled find name serial number thanks,Hardware,Hardware,Hardware,Switches need to be labeled and the rack reserved for maintenance.,"[""Reserve top switch rack in meeting room."", ""Label switches with names and serial numbers."", ""Verify labels are clear and visible.""]",Request is about reserving space and labeling network switches for better management.,False,"{""needs_human"": false, ""needs_llm_escalation"": false, ""policy_gap"": false, ""reasons"": []}",,,True,True,True,1035,0.0007245,1101.7957981675863,0.6195568821914057,2,0,0,1,0,1,1,Low category alignment.; Answer lacks actionable steps.; Low alignment with gold resolution steps.; Escalation expected but not flagged.; Very short answer.,System E,Resolution for network switch problems affecting connectivity,"[""Identify and label all switches in the rack room to ensure proper network management."", ""Check if multiple users in the same area are experiencing connectivity loss to determine if the issue is localized or widespread."", ""Perform basic network diagnostics by running `ipconfig` and `ping` commands to verify IP configuration and reachability."", ""Inspect the physical connections of the network cables and ensure they are securely connected and undamaged."", ""Test alternative network ports or switches to isolate the problem component."", ""If the issue persists, escalate to network engineering team for further investigation into possible switch, router, or firewall outages.""]","[""All switches are correctly identified and labeled."", ""Network connectivity is restored for all affected users."", ""No further reports of connectivity issues within the same network segment.""]",auto_approved,RouterGym\results\analysis_outputs\gold_resolution_eval\gold_matched_production_outputs.jsonl
8005,slm_only__base_slm1__mem_rag_bm25,slm_only,slm1,,rag_bm25,re network switch problem re switch problem hi copied please ensure switches labelled help networks thanks switch problem hi please book top switch rack room seems had call dead phone meeting room had patch spare socket second switch down switches labelled find name serial number thanks,Hardware,Hardware,Hardware,"Ensure all switches are labeled correctly and functioning. If a switch is down, power cycle it. If a spare socket is available, patch the second switch to it. Find the name, serial number, and label each switch.","[""Check the labels on all switches for accuracy."", ""Power cycle any switches that are down."", ""If a spare socket is available, patch the second switch to it."", ""Label each switch correctly and find the name and serial number for each.""]","The ticket indicates a problem with network switches, specifically mentioning a dead phone meeting room and a second switch being down. The problem may be due to mislabeled switches or a faulty switch.",False,"{""needs_human"": false, ""needs_llm_escalation"": false, ""policy_gap"": false, ""reasons"": []}",,,True,True,True,1397,0.0006985,1974.0103781223297,0.6410357681148209,3,0,1,0,1,1,1,Low category alignment.; Misses key requirements from gold summary/criteria.; Escalation expected but not flagged.,System A,Resolution for network switch problems affecting connectivity,"[""Identify and label all switches in the rack room to ensure proper network management."", ""Check if multiple users in the same area are experiencing connectivity loss to determine if the issue is localized or widespread."", ""Perform basic network diagnostics by running `ipconfig` and `ping` commands to verify IP configuration and reachability."", ""Inspect the physical connections of the network cables and ensure they are securely connected and undamaged."", ""Test alternative network ports or switches to isolate the problem component."", ""If the issue persists, escalate to network engineering team for further investigation into possible switch, router, or firewall outages.""]","[""All switches are correctly identified and labeled."", ""Network connectivity is restored for all affected users."", ""No further reports of connectivity issues within the same network segment.""]",auto_approved,RouterGym\results\analysis_outputs\gold_resolution_eval\gold_matched_production_outputs.jsonl
8005,slm_only__base_slm2__mem_rag_bm25,slm_only,slm2,,rag_bm25,re network switch problem re switch problem hi copied please ensure switches labelled help networks thanks switch problem hi please book top switch rack room seems had call dead phone meeting room had patch spare socket second switch down switches labelled find name serial number thanks,Hardware,Hardware,Hardware,Switches need to be labeled and the rack reserved for maintenance.,"[""Reserve top switch rack in meeting room."", ""Label switches with names and serial numbers."", ""Verify labels are clear and visible.""]",Request is about reserving space and labeling network switches for better management.,False,"{""needs_human"": false, ""needs_llm_escalation"": false, ""policy_gap"": false, ""reasons"": []}",,,True,True,True,1035,0.0007245,1034.220812143758,0.6195568821914057,2,0,0,1,0,1,1,Low category alignment.; Answer lacks actionable steps.; Low alignment with gold resolution steps.; Escalation expected but not flagged.; Very short answer.,System F,Resolution for network switch problems affecting connectivity,"[""Identify and label all switches in the rack room to ensure proper network management."", ""Check if multiple users in the same area are experiencing connectivity loss to determine if the issue is localized or widespread."", ""Perform basic network diagnostics by running `ipconfig` and `ping` commands to verify IP configuration and reachability."", ""Inspect the physical connections of the network cables and ensure they are securely connected and undamaged."", ""Test alternative network ports or switches to isolate the problem component."", ""If the issue persists, escalate to network engineering team for further investigation into possible switch, router, or firewall outages.""]","[""All switches are correctly identified and labeled."", ""Network connectivity is restored for all affected users."", ""No further reports of connectivity issues within the same network segment.""]",auto_approved,RouterGym\results\analysis_outputs\gold_resolution_eval\gold_matched_production_outputs.jsonl
8558,llm_only__base_llm1__mem_rag_bm25,llm_only,llm1,,rag_bm25,create active directory groups and add users please create active directory groups specified attached file add mentioned users,Miscellaneous,Miscellaneous,Miscellaneous,"To create Active Directory groups and add users, follow these steps: Open Active Directory Users and Computers, create new groups, add users to these groups, and verify the changes.","[""Open Active Directory Users and Computers."", ""Create new groups as specified in the attached file."", ""Add the mentioned users to the respective groups."", ""Verify the changes to ensure users are added correctly.""]","The request involves creating groups and adding users, which is a standard Active Directory management task.",False,"{""needs_human"": false, ""needs_llm_escalation"": false, ""policy_gap"": false, ""reasons"": []}",,,True,True,True,976,0.005856,3402.5463711004704,0.5358684125816469,7,1,1,2,2,2,2,Acceptable scoring across all dimensions.,System D,Create active directory groups and add users as specified in the attached file.,"[""1. Verify the attached file contains the correct group names and user lists."", ""2. Create the active directory groups specified in the file using the AD group management console."", ""3. Add the mentioned users to the corresponding groups ensuring they receive the appropriate roles."", ""4. Double-check the group membership and permissions via the AD management tool to confirm accuracy."", ""5. Instruct the users to log off and back in to refresh their permissions."", ""6. Have the users test their access to the required resources to ensure the changes are effective.""]","[""All specified active directory groups are created without errors."", ""Users are correctly added to their respective groups with the right permissions."", ""Users report successful access to the necessary resources after logging in.""]",auto_approved,RouterGym\results\analysis_outputs\gold_resolution_eval\gold_matched_production_outputs.jsonl
8558,llm_only__base_llm2__mem_rag_bm25,llm_only,llm2,,rag_bm25,create active directory groups and add users please create active directory groups specified attached file add mentioned users,Miscellaneous,Miscellaneous,Miscellaneous,"To fulfill this request, I will create the Active Directory groups as specified in the attached file and add the mentioned users to those groups. This involves accessing the AD management console and performing group creation and user addition tasks.","[""Access AD management tools."", ""Create groups based on attached file."", ""Add specified users to respective groups."", ""Verify group membership."", ""Confirm successful setup with requester.""]","The request is clear and pertains to Active Directory management, which does not align with the provided knowledge base entries about file permissions or purchase order workflows. The task requires administrative access to AD and careful execution to ensure accuracy.",False,"{""needs_human"": false, ""needs_llm_escalation"": false, ""policy_gap"": false, ""reasons"": []}",,,True,True,True,968,0.0029040000000000003,2483.140110038221,0.4909161166742439,6,0,1,2,2,2,2,Low category alignment.,System B,Create active directory groups and add users as specified in the attached file.,"[""1. Verify the attached file contains the correct group names and user lists."", ""2. Create the active directory groups specified in the file using the AD group management console."", ""3. Add the mentioned users to the corresponding groups ensuring they receive the appropriate roles."", ""4. Double-check the group membership and permissions via the AD management tool to confirm accuracy."", ""5. Instruct the users to log off and back in to refresh their permissions."", ""6. Have the users test their access to the required resources to ensure the changes are effective.""]","[""All specified active directory groups are created without errors."", ""Users are correctly added to their respective groups with the right permissions."", ""Users report successful access to the necessary resources after logging in.""]",auto_approved,RouterGym\results\analysis_outputs\gold_resolution_eval\gold_matched_production_outputs.jsonl
8558,slm_dominant__base_slm1__esc_llm2__mem_rag_bm25,slm_dominant,slm1,llm2,rag_bm25,create active directory groups and add users please create active directory groups specified attached file add mentioned users,Miscellaneous,Miscellaneous,Administrative rights,"To create Active Directory groups and add users, follow these steps: 1. Open Active Directory Users and Computers. 2. Navigate to the desired organizational unit (OU). 3. Right-click and select 'New' > 'Group'. 4. Name the group according to the attached file. 5. Right-click the new group and select 'Properties'. In the 'Members' tab, add the specified users. Click 'Add' and select the users from the search results.","[""Open Active Directory Users and Computers"", ""Navigate to the desired OU"", ""Right-click and select 'New' > 'Group'"", ""Name the group according to the attached file"", ""Right-click the new group and select 'Properties'"", ""In the 'Members' tab, add the specified users""]","The request involves creating Active Directory groups and adding users, which can be done through the Active Directory Users and Computers tool.",False,"{""needs_human"": false, ""needs_llm_escalation"": false, ""policy_gap"": false, ""reasons"": []}",,,True,True,True,1282,0.000641,2267.6879160571843,0.4970513320896872,7,1,2,2,1,2,2,Acceptable scoring across all dimensions.,System C,Create active directory groups and add users as specified in the attached file.,"[""1. Verify the attached file contains the correct group names and user lists."", ""2. Create the active directory groups specified in the file using the AD group management console."", ""3. Add the mentioned users to the corresponding groups ensuring they receive the appropriate roles."", ""4. Double-check the group membership and permissions via the AD management tool to confirm accuracy."", ""5. Instruct the users to log off and back in to refresh their permissions."", ""6. Have the users test their access to the required resources to ensure the changes are effective.""]","[""All specified active directory groups are created without errors."", ""Users are correctly added to their respective groups with the right permissions."", ""Users report successful access to the necessary resources after logging in.""]",auto_approved,RouterGym\results\analysis_outputs\gold_resolution_eval\gold_matched_production_outputs.jsonl
8558,slm_dominant__base_slm2__esc_llm2__mem_rag_bm25,slm_dominant,slm2,llm2,rag_bm25,create active directory groups and add users please create active directory groups specified attached file add mentioned users,Miscellaneous,Miscellaneous,Miscellaneous,"AD groups will be created based on the file, and users will be added accordingly.","[""Review attached file for group details."", ""Create AD groups as specified."", ""Add mentioned users to respective groups.""]",Request is clear and aligns with standard AD group creation and user addition procedures.,False,"{""needs_human"": false, ""needs_llm_escalation"": false, ""policy_gap"": false, ""reasons"": []}",,,True,True,True,901,0.0006307000000000001,1064.5648951176554,0.5013140002570329,5,0,1,2,1,2,1,Low category alignment.,System E,Create active directory groups and add users as specified in the attached file.,"[""1. Verify the attached file contains the correct group names and user lists."", ""2. Create the active directory groups specified in the file using the AD group management console."", ""3. Add the mentioned users to the corresponding groups ensuring they receive the appropriate roles."", ""4. Double-check the group membership and permissions via the AD management tool to confirm accuracy."", ""5. Instruct the users to log off and back in to refresh their permissions."", ""6. Have the users test their access to the required resources to ensure the changes are effective.""]","[""All specified active directory groups are created without errors."", ""Users are correctly added to their respective groups with the right permissions."", ""Users report successful access to the necessary resources after logging in.""]",auto_approved,RouterGym\results\analysis_outputs\gold_resolution_eval\gold_matched_production_outputs.jsonl
8558,slm_only__base_slm1__mem_rag_bm25,slm_only,slm1,,rag_bm25,create active directory groups and add users please create active directory groups specified attached file add mentioned users,Miscellaneous,Miscellaneous,Administrative rights,"To create Active Directory groups and add users, follow these steps: 1. Open Active Directory Users and Computers. 2. Navigate to the desired organizational unit (OU). 3. Right-click and select 'New' > 'Group'. 4. Name the group according to the attached file. 5. Right-click the new group and select 'Properties'. In the 'Members' tab, add the specified users. Click 'Add' and select the users from the search results.","[""Open Active Directory Users and Computers"", ""Navigate to the desired OU"", ""Right-click and select 'New' > 'Group'"", ""Name the group according to the attached file"", ""Right-click the new group and select 'Properties'"", ""In the 'Members' tab, add the specified users""]","The request involves creating Active Directory groups and adding users, which can be done through the Active Directory Users and Computers tool.",False,"{""needs_human"": false, ""needs_llm_escalation"": false, ""policy_gap"": false, ""reasons"": []}",,,True,True,True,1282,0.000641,2271.131717832759,0.4970513320896872,7,1,2,2,1,2,2,Acceptable scoring across all dimensions.,System A,Create active directory groups and add users as specified in the attached file.,"[""1. Verify the attached file contains the correct group names and user lists."", ""2. Create the active directory groups specified in the file using the AD group management console."", ""3. Add the mentioned users to the corresponding groups ensuring they receive the appropriate roles."", ""4. Double-check the group membership and permissions via the AD management tool to confirm accuracy."", ""5. Instruct the users to log off and back in to refresh their permissions."", ""6. Have the users test their access to the required resources to ensure the changes are effective.""]","[""All specified active directory groups are created without errors."", ""Users are correctly added to their respective groups with the right permissions."", ""Users report successful access to the necessary resources after logging in.""]",auto_approved,RouterGym\results\analysis_outputs\gold_resolution_eval\gold_matched_production_outputs.jsonl
8558,slm_only__base_slm2__mem_rag_bm25,slm_only,slm2,,rag_bm25,create active directory groups and add users please create active directory groups specified attached file add mentioned users,Miscellaneous,Miscellaneous,Miscellaneous,"AD groups will be created based on the file, and users will be added accordingly.","[""Review attached file for group details."", ""Create AD groups as specified."", ""Add mentioned users to respective groups.""]",Request is clear and aligns with standard AD group creation and user addition procedures.,False,"{""needs_human"": false, ""needs_llm_escalation"": false, ""policy_gap"": false, ""reasons"": []}",,,True,True,True,901,0.0006307000000000001,1096.2516500148922,0.5013140002570329,5,0,1,2,1,2,1,Low category alignment.,System F,Create active directory groups and add users as specified in the attached file.,"[""1. Verify the attached file contains the correct group names and user lists."", ""2. Create the active directory groups specified in the file using the AD group management console."", ""3. Add the mentioned users to the corresponding groups ensuring they receive the appropriate roles."", ""4. Double-check the group membership and permissions via the AD management tool to confirm accuracy."", ""5. Instruct the users to log off and back in to refresh their permissions."", ""6. Have the users test their access to the required resources to ensure the changes are effective.""]","[""All specified active directory groups are created without errors."", ""Users are correctly added to their respective groups with the right permissions."", ""Users report successful access to the necessary resources after logging in.""]",auto_approved,RouterGym\results\analysis_outputs\gold_resolution_eval\gold_matched_production_outputs.jsonl
8607,llm_only__base_llm1__mem_rag_bm25,llm_only,llm1,,rag_bm25,request to export a folder hello talk regarding exporting library saved conversation conversations tab conversation history folder export share folder hi working application organize content establish which helpful script share export files secure location application possible create thanks kind regards,Storage,Storage,Storage,"To export the 'hello talk' folder, use the application's export feature. Ensure the folder is selected and choose a secure location for the exported files. If issues arise, check user permissions and clear the browser cache.","[""Select the 'hello talk' folder in the conversation history tab."", ""Use the application's export feature to export the folder."", ""Choose a secure location to save the exported files."", ""Verify user permissions and clear browser cache if issues persist.""]","The request involves exporting a specific folder from a conversation history tab, which falls under storage management. The user needs guidance on how to export and organize the content securely.",False,"{""needs_human"": false, ""needs_llm_escalation"": false, ""policy_gap"": false, ""reasons"": []}",,,True,True,True,1097,0.006581999999999999,4672.735888976604,0.6116139970586288,5,2,1,1,1,2,1,Acceptable scoring across all dimensions.,System D,Assistance with exporting a conversation history folder and organizing content,"[""Confirm the exact folder and export format required for the conversation history."", ""Check if the application has an export feature for the conversation history folder."", ""If the application does not support direct export, consider alternative methods such as screen capture or manual copy to a document."", ""Provide standard folder templates (e.g., _01-Admin, 02-Working, 03-Archive_) and encourage separation of personal, team, and project data."", ""Align permissions with the structure (e.g., confidential vs general folders) and assist the requester in restructuring existing content when necessary."", ""Document the agreed structure and share with the team."", ""Ensure that the exported files are stored in a secure location accessible by authorized personnel.""]","[""Folder is exported successfully in the required format."", ""Folder structure is organized and aligned with permissions."", ""Exported files are securely stored and accessible to the appropriate team members.""]",auto_approved,RouterGym\results\analysis_outputs\gold_resolution_eval\gold_matched_production_outputs.jsonl
8607,llm_only__base_llm2__mem_rag_bm25,llm_only,llm2,,rag_bm25,request to export a folder hello talk regarding exporting library saved conversation conversations tab conversation history folder export share folder hi working application organize content establish which helpful script share export files secure location application possible create thanks kind regards,Storage,Storage,Storage,"To export a folder containing conversation history, you can use the 'export' feature within the application's conversations tab. Ensure you have the necessary permissions and follow the application's guidelines for secure file sharing.","[""Access the conversations tab."", ""Select the 'export' option."", ""Choose the desired folder to export."", ""Verify the exported files are secure."", ""Store in a designated secure location.""]","The request pertains to exporting conversation history, aligning with storage concerns about organizing and securing content. The application likely has built-in features for this task.",False,"{""needs_human"": false, ""needs_llm_escalation"": false, ""policy_gap"": false, ""reasons"": []}",,,True,True,True,1009,0.0030269999999999997,2255.0301349256188,0.5835778677679576,5,2,1,1,1,2,1,Acceptable scoring across all dimensions.,System B,Assistance with exporting a conversation history folder and organizing content,"[""Confirm the exact folder and export format required for the conversation history."", ""Check if the application has an export feature for the conversation history folder."", ""If the application does not support direct export, consider alternative methods such as screen capture or manual copy to a document."", ""Provide standard folder templates (e.g., _01-Admin, 02-Working, 03-Archive_) and encourage separation of personal, team, and project data."", ""Align permissions with the structure (e.g., confidential vs general folders) and assist the requester in restructuring existing content when necessary."", ""Document the agreed structure and share with the team."", ""Ensure that the exported files are stored in a secure location accessible by authorized personnel.""]","[""Folder is exported successfully in the required format."", ""Folder structure is organized and aligned with permissions."", ""Exported files are securely stored and accessible to the appropriate team members.""]",auto_approved,RouterGym\results\analysis_outputs\gold_resolution_eval\gold_matched_production_outputs.jsonl
8607,slm_dominant__base_slm1__esc_llm2__mem_rag_bm25,slm_dominant,slm1,llm2,rag_bm25,request to export a folder hello talk regarding exporting library saved conversation conversations tab conversation history folder export share folder hi working application organize content establish which helpful script share export files secure location application possible create thanks kind regards,Storage,Storage,,"To export the conversation history folder from your working application, follow these steps: 1. Navigate to the Conversations tab. 2. Select the desired conversation history folder. 3. Use the built-in export function to save the folder as a zip file. 4. Choose a secure location to save the exported files. 5. Share the exported files as needed.","[""Navigate to the Conversations tab"", ""Select the desired conversation history folder"", ""Use the built-in export function"", ""Choose a secure location"", ""Share the exported files""]",The request involves exporting a specific folder containing conversation history from a working application. The resolution steps provided are based on common practices for exporting files from applications.,False,"{""needs_human"": false, ""needs_llm_escalation"": false, ""policy_gap"": false, ""reasons"": []}",Model output is not valid JSON.,,True,False,True,1318,0.0006590000000000001,2017.4254479352385,0.5908699785025961,5,0,2,0,1,2,1,Low category alignment.; Misses key requirements from gold summary/criteria.,System C,Assistance with exporting a conversation history folder and organizing content,"[""Confirm the exact folder and export format required for the conversation history."", ""Check if the application has an export feature for the conversation history folder."", ""If the application does not support direct export, consider alternative methods such as screen capture or manual copy to a document."", ""Provide standard folder templates (e.g., _01-Admin, 02-Working, 03-Archive_) and encourage separation of personal, team, and project data."", ""Align permissions with the structure (e.g., confidential vs general folders) and assist the requester in restructuring existing content when necessary."", ""Document the agreed structure and share with the team."", ""Ensure that the exported files are stored in a secure location accessible by authorized personnel.""]","[""Folder is exported successfully in the required format."", ""Folder structure is organized and aligned with permissions."", ""Exported files are securely stored and accessible to the appropriate team members.""]",auto_approved,RouterGym\results\analysis_outputs\gold_resolution_eval\gold_matched_production_outputs.jsonl
8607,slm_dominant__base_slm2__esc_llm2__mem_rag_bm25,slm_dominant,slm2,llm2,rag_bm25,request to export a folder hello talk regarding exporting library saved conversation conversations tab conversation history folder export share folder hi working application organize content establish which helpful script share export files secure location application possible create thanks kind regards,Storage,Storage,Storage,The 'hello talk' folder contains conversation history that can be exported and shared securely. Follow the steps below to organize and export the content.,"[""Organize the 'hello talk' folder under the '02-Working' section."", ""Create a secure location for the exported files."", ""Use a script to automate the export process if needed."", ""Share the exported files with relevant team members.""]","The request involves exporting a specific folder, which aligns with storage management and organization practices.",False,"{""needs_human"": false, ""needs_llm_escalation"": false, ""policy_gap"": false, ""reasons"": []}",,,True,True,True,998,0.0006986,1330.700728110969,0.6100713533117715,5,2,1,1,1,2,1,Acceptable scoring across all dimensions.,System E,Assistance with exporting a conversation history folder and organizing content,"[""Confirm the exact folder and export format required for the conversation history."", ""Check if the application has an export feature for the conversation history folder."", ""If the application does not support direct export, consider alternative methods such as screen capture or manual copy to a document."", ""Provide standard folder templates (e.g., _01-Admin, 02-Working, 03-Archive_) and encourage separation of personal, team, and project data."", ""Align permissions with the structure (e.g., confidential vs general folders) and assist the requester in restructuring existing content when necessary."", ""Document the agreed structure and share with the team."", ""Ensure that the exported files are stored in a secure location accessible by authorized personnel.""]","[""Folder is exported successfully in the required format."", ""Folder structure is organized and aligned with permissions."", ""Exported files are securely stored and accessible to the appropriate team members.""]",auto_approved,RouterGym\results\analysis_outputs\gold_resolution_eval\gold_matched_production_outputs.jsonl
8607,slm_only__base_slm1__mem_rag_bm25,slm_only,slm1,,rag_bm25,request to export a folder hello talk regarding exporting library saved conversation conversations tab conversation history folder export share folder hi working application organize content establish which helpful script share export files secure location application possible create thanks kind regards,Storage,Storage,,"To export the conversation history folder from your working application, follow these steps: 1. Navigate to the Conversations tab. 2. Select the desired conversation history folder. 3. Use the built-in export function to save the folder as a zip file. 4. Choose a secure location to save the exported files. 5. Share the exported files as needed.","[""Navigate to the Conversations tab"", ""Select the desired conversation history folder"", ""Use the built-in export function"", ""Choose a secure location"", ""Share the exported files""]",The request involves exporting a specific folder containing conversation history from a working application. The resolution steps provided are based on common practices for exporting files from applications.,False,"{""needs_human"": false, ""needs_llm_escalation"": false, ""policy_gap"": false, ""reasons"": []}",Model output is not valid JSON.,,True,False,True,1318,0.0006590000000000001,2023.005556082353,0.5908699785025961,5,0,2,0,1,2,1,Low category alignment.; Misses key requirements from gold summary/criteria.,System A,Assistance with exporting a conversation history folder and organizing content,"[""Confirm the exact folder and export format required for the conversation history."", ""Check if the application has an export feature for the conversation history folder."", ""If the application does not support direct export, consider alternative methods such as screen capture or manual copy to a document."", ""Provide standard folder templates (e.g., _01-Admin, 02-Working, 03-Archive_) and encourage separation of personal, team, and project data."", ""Align permissions with the structure (e.g., confidential vs general folders) and assist the requester in restructuring existing content when necessary."", ""Document the agreed structure and share with the team."", ""Ensure that the exported files are stored in a secure location accessible by authorized personnel.""]","[""Folder is exported successfully in the required format."", ""Folder structure is organized and aligned with permissions."", ""Exported files are securely stored and accessible to the appropriate team members.""]",auto_approved,RouterGym\results\analysis_outputs\gold_resolution_eval\gold_matched_production_outputs.jsonl
8607,slm_only__base_slm2__mem_rag_bm25,slm_only,slm2,,rag_bm25,request to export a folder hello talk regarding exporting library saved conversation conversations tab conversation history folder export share folder hi working application organize content establish which helpful script share export files secure location application possible create thanks kind regards,Storage,Storage,Storage,The 'hello talk' folder contains conversation history that can be exported and shared securely. Follow the steps below to organize and export the content.,"[""Organize the 'hello talk' folder under the '02-Working' section."", ""Create a secure location for the exported files."", ""Use a script to automate the export process if needed."", ""Share the exported files with relevant team members.""]","The request involves exporting a specific folder, which aligns with storage management and organization practices.",False,"{""needs_human"": false, ""needs_llm_escalation"": false, ""policy_gap"": false, ""reasons"": []}",,,True,True,True,998,0.0006986,1347.2479230258614,0.6100713533117715,5,2,1,1,1,2,1,Acceptable scoring across all dimensions.,System F,Assistance with exporting a conversation history folder and organizing content,"[""Confirm the exact folder and export format required for the conversation history."", ""Check if the application has an export feature for the conversation history folder."", ""If the application does not support direct export, consider alternative methods such as screen capture or manual copy to a document."", ""Provide standard folder templates (e.g., _01-Admin, 02-Working, 03-Archive_) and encourage separation of personal, team, and project data."", ""Align permissions with the structure (e.g., confidential vs general folders) and assist the requester in restructuring existing content when necessary."", ""Document the agreed structure and share with the team."", ""Ensure that the exported files are stored in a secure location accessible by authorized personnel.""]","[""Folder is exported successfully in the required format."", ""Folder structure is organized and aligned with permissions."", ""Exported files are securely stored and accessible to the appropriate team members.""]",auto_approved,RouterGym\results\analysis_outputs\gold_resolution_eval\gold_matched_production_outputs.jsonl
8674,llm_only__base_llm1__mem_rag_bm25,llm_only,llm1,,rag_bm25,new request dear kind create called composition thanks id image add,Miscellaneous,Access,Access,"To create a new composition with an image ID, follow these steps: Verify access to the system, ensure the image ID is correct, and add it to the composition. If issues persist, check for validation errors and resubmit.","[""Verify user access to the composition system."", ""Ensure the image ID is correct and available."", ""Add the image ID to the new composition."", ""Check for any validation errors and resubmit if necessary."", ""Confirm the composition creation and share details with the user.""]","The request involves creating a new composition and adding an image ID, which aligns with procurement and hardware processes.",False,"{""needs_human"": false, ""needs_llm_escalation"": false, ""policy_gap"": false, ""reasons"": []}",,,True,True,True,1052,0.006312,4183.515114942566,0.5140304014046297,4,0,1,1,1,2,1,Low category alignment.,System D,Clarify and Assist in Creating a Composition with an ID Image,"[""Verify the requester's intent and clarify whether they are referring to a specific type of document or project."", ""Guide the user to provide detailed specifications for the composition, including format, content, and purpose."", ""Determine if the creation of the composition falls under any existing policies or procedures (e.g., project documentation, report creation)."", ""Assist the user in understanding how to incorporate an ID image into the composition, ensuring it meets any specified guidelines."", ""Provide step-by-step instructions on how to save the composition and add the ID image using available tools or software."", ""Confirm with the user that the composition is ready for submission and advise on the submission process."", ""Follow up to ensure the composition has been submitted successfully and address any further concerns.""]","[""The user understands the process for creating the composition and adding the ID image."", ""The composition is created and submitted according to the user's requirements and any applicable guidelines.""]",auto_approved,RouterGym\results\analysis_outputs\gold_resolution_eval\gold_matched_production_outputs.jsonl
8674,llm_only__base_llm2__mem_rag_bm25,llm_only,llm2,,rag_bm25,new request dear kind create called composition thanks id image add,Miscellaneous,Access,Access,"This appears to be a request for creating a composition with an associated image ID. However, without specific context, it's unclear whether this pertains to a purchase order, hardware replacement, or another process. Please provide more details.","[""Verify if the request pertains to a specific workflow or system."", ""Check if there are any existing guidelines or processes related to compositions and images."", ""Guide the user on how to proceed based on identified guidelines."", ""If necessary, escalate to a specialist for further assistance.""]","The request mentions 'composition' and 'image ID', which do not directly align with typical patterns in either the Purchase Order Workflow or Hardware Replacement Process. Additional context is needed to determine the appropriate category and resolution steps.",False,"{""needs_human"": true, ""needs_llm_escalation"": false, ""policy_gap"": false, ""reasons"": []}",,,True,True,True,1040,0.0031200000000000004,2747.5891429930925,0.5118864134974488,3,0,1,1,1,1,1,Low category alignment.; Unnecessary escalation flagged.,System B,Clarify and Assist in Creating a Composition with an ID Image,"[""Verify the requester's intent and clarify whether they are referring to a specific type of document or project."", ""Guide the user to provide detailed specifications for the composition, including format, content, and purpose."", ""Determine if the creation of the composition falls under any existing policies or procedures (e.g., project documentation, report creation)."", ""Assist the user in understanding how to incorporate an ID image into the composition, ensuring it meets any specified guidelines."", ""Provide step-by-step instructions on how to save the composition and add the ID image using available tools or software."", ""Confirm with the user that the composition is ready for submission and advise on the submission process."", ""Follow up to ensure the composition has been submitted successfully and address any further concerns.""]","[""The user understands the process for creating the composition and adding the ID image."", ""The composition is created and submitted according to the user's requirements and any applicable guidelines.""]",auto_approved,RouterGym\results\analysis_outputs\gold_resolution_eval\gold_matched_production_outputs.jsonl
8674,slm_dominant__base_slm1__esc_llm2__mem_rag_bm25,slm_dominant,slm1,llm2,rag_bm25,new request dear kind create called composition thanks id image add,Miscellaneous,Access,,"To create a composition with image addition, follow these steps: 1. Log in to the content management system (CMS). 2. Navigate to the 'Compositions' section. 3. Click on 'Create New Composition'. 4. Add your content and upload the desired image. 5. Save and publish your composition.","[""Log in to the CMS"", ""Navigate to Compositions"", ""Create New Composition"", ""Add content and image"", ""Save and publish""]","The request is for creating a composition with image addition, which can be achieved by following the standard process for creating and managing content in the CMS.",False,"{""needs_human"": false, ""needs_llm_escalation"": false, ""policy_gap"": false, ""reasons"": []}",Model output is not valid JSON.,,True,False,True,1282,0.0006410000000000001,1868.6567840632051,0.4550518622797515,5,0,2,1,1,2,1,Low category alignment.,System C,Clarify and Assist in Creating a Composition with an ID Image,"[""Verify the requester's intent and clarify whether they are referring to a specific type of document or project."", ""Guide the user to provide detailed specifications for the composition, including format, content, and purpose."", ""Determine if the creation of the composition falls under any existing policies or procedures (e.g., project documentation, report creation)."", ""Assist the user in understanding how to incorporate an ID image into the composition, ensuring it meets any specified guidelines."", ""Provide step-by-step instructions on how to save the composition and add the ID image using available tools or software."", ""Confirm with the user that the composition is ready for submission and advise on the submission process."", ""Follow up to ensure the composition has been submitted successfully and address any further concerns.""]","[""The user understands the process for creating the composition and adding the ID image."", ""The composition is created and submitted according to the user's requirements and any applicable guidelines.""]",auto_approved,RouterGym\results\analysis_outputs\gold_resolution_eval\gold_matched_production_outputs.jsonl
8674,slm_dominant__base_slm2__esc_llm2__mem_rag_bm25,slm_dominant,slm2,llm2,rag_bm25,new request dear kind create called composition thanks id image add,Miscellaneous,Access,Access,A new request to add an image to a composition requires verification of access and ensuring the correct ID is used. Follow standard procurement steps if related to hardware or purchase orders.,"[""Verify access to procurement system."", ""Ensure correct composition ID is used."", ""Follow standard PO creation steps if applicable.""]","The request involves adding an image to a composition, which could be related to hardware replacement or purchase order processes. KB references suggest following standard procurement steps.",False,"{""needs_human"": false, ""needs_llm_escalation"": false, ""policy_gap"": false, ""reasons"": []}",,,True,True,True,983,0.0006881,1306.0493329539895,0.4634813547937289,3,0,1,1,0,2,1,Low category alignment.; Low alignment with gold resolution steps.,System E,Clarify and Assist in Creating a Composition with an ID Image,"[""Verify the requester's intent and clarify whether they are referring to a specific type of document or project."", ""Guide the user to provide detailed specifications for the composition, including format, content, and purpose."", ""Determine if the creation of the composition falls under any existing policies or procedures (e.g., project documentation, report creation)."", ""Assist the user in understanding how to incorporate an ID image into the composition, ensuring it meets any specified guidelines."", ""Provide step-by-step instructions on how to save the composition and add the ID image using available tools or software."", ""Confirm with the user that the composition is ready for submission and advise on the submission process."", ""Follow up to ensure the composition has been submitted successfully and address any further concerns.""]","[""The user understands the process for creating the composition and adding the ID image."", ""The composition is created and submitted according to the user's requirements and any applicable guidelines.""]",auto_approved,RouterGym\results\analysis_outputs\gold_resolution_eval\gold_matched_production_outputs.jsonl
8674,slm_only__base_slm1__mem_rag_bm25,slm_only,slm1,,rag_bm25,new request dear kind create called composition thanks id image add,Miscellaneous,Access,,"To create a composition with image addition, follow these steps: 1. Log in to the content management system (CMS). 2. Navigate to the 'Compositions' section. 3. Click on 'Create New Composition'. 4. Add your content and upload the desired image. 5. Save and publish your composition.","[""Log in to the CMS"", ""Navigate to Compositions"", ""Create New Composition"", ""Add content and image"", ""Save and publish""]","The request is for creating a composition with image addition, which can be achieved by following the standard process for creating and managing content in the CMS.",False,"{""needs_human"": false, ""needs_llm_escalation"": false, ""policy_gap"": false, ""reasons"": []}",Model output is not valid JSON.,,True,False,True,1282,0.0006410000000000001,1917.1306190546602,0.4550518622797515,5,0,2,1,1,2,1,Low category alignment.,System A,Clarify and Assist in Creating a Composition with an ID Image,"[""Verify the requester's intent and clarify whether they are referring to a specific type of document or project."", ""Guide the user to provide detailed specifications for the composition, including format, content, and purpose."", ""Determine if the creation of the composition falls under any existing policies or procedures (e.g., project documentation, report creation)."", ""Assist the user in understanding how to incorporate an ID image into the composition, ensuring it meets any specified guidelines."", ""Provide step-by-step instructions on how to save the composition and add the ID image using available tools or software."", ""Confirm with the user that the composition is ready for submission and advise on the submission process."", ""Follow up to ensure the composition has been submitted successfully and address any further concerns.""]","[""The user understands the process for creating the composition and adding the ID image."", ""The composition is created and submitted according to the user's requirements and any applicable guidelines.""]",auto_approved,RouterGym\results\analysis_outputs\gold_resolution_eval\gold_matched_production_outputs.jsonl
8674,slm_only__base_slm2__mem_rag_bm25,slm_only,slm2,,rag_bm25,new request dear kind create called composition thanks id image add,Miscellaneous,Access,Access,A new request to add an image to a composition requires verification of access and ensuring the correct ID is used. Follow standard procurement steps if related to hardware or purchase orders.,"[""Verify access to procurement system."", ""Ensure correct composition ID is used."", ""Follow standard PO creation steps if applicable.""]","The request involves adding an image to a composition, which could be related to hardware replacement or purchase order processes. KB references suggest following standard procurement steps.",False,"{""needs_human"": false, ""needs_llm_escalation"": false, ""policy_gap"": false, ""reasons"": []}",,,True,True,True,983,0.0006881,1307.1184810250998,0.4634813547937289,3,0,1,1,0,2,1,Low category alignment.; Low alignment with gold resolution steps.,System F,Clarify and Assist in Creating a Composition with an ID Image,"[""Verify the requester's intent and clarify whether they are referring to a specific type of document or project."", ""Guide the user to provide detailed specifications for the composition, including format, content, and purpose."", ""Determine if the creation of the composition falls under any existing policies or procedures (e.g., project documentation, report creation)."", ""Assist the user in understanding how to incorporate an ID image into the composition, ensuring it meets any specified guidelines."", ""Provide step-by-step instructions on how to save the composition and add the ID image using available tools or software."", ""Confirm with the user that the composition is ready for submission and advise on the submission process."", ""Follow up to ensure the composition has been submitted successfully and address any further concerns.""]","[""The user understands the process for creating the composition and adding the ID image."", ""The composition is created and submitted according to the user's requirements and any applicable guidelines.""]",auto_approved,RouterGym\results\analysis_outputs\gold_resolution_eval\gold_matched_production_outputs.jsonl
8705,llm_only__base_llm1__mem_rag_bm25,llm_only,llm1,,rag_bm25,laptop charger charger forgot charger kind regards,Hardware,Hardware,Hardware,"To resolve the issue of a forgotten laptop charger, you can request a replacement through the Hardware Replacement Process. Ensure you have the correct model and specifications for your laptop.","[""Contact the IT support team to request a replacement charger."", ""Provide the model and specifications of your laptop."", ""Follow the Hardware Replacement Process guidelines."", ""Update asset tracking with the new charger details.""]","The ticket mentions a forgotten laptop charger, which falls under hardware issues. The KB reference for docking stations and external monitors is not directly relevant, but the process for hardware replacement can be applied.",False,"{""needs_human"": false, ""needs_llm_escalation"": false, ""policy_gap"": false, ""reasons"": []}",,,True,True,True,1088,0.006528000000000001,4142.888521077111,0.5069200941086041,5,2,1,1,1,2,1,Acceptable scoring across all dimensions.,System D,Laptop Charger Issue Resolution,"[""Verify that the user is using the correct and approved laptop charger model."", ""Inspect the charger for any visible signs of damage such as frayed wires or broken connectors."", ""Test the charger with another compatible laptop to determine if the issue is with the charger itself."", ""If the charger passes the test, check the laptop's charging port for any damage or debris."", ""Update the laptop's BIOS/firmware and power-management drivers if they are outdated."", ""If the issue persists, initiate the hardware replacement process for the charger.""]","[""The charger is confirmed to be functioning properly."", ""The user reports that the laptop charges successfully with the charger."", ""There are no further reports of power or charging issues from the user.""]",auto_approved,RouterGym\results\analysis_outputs\gold_resolution_eval\gold_matched_production_outputs.jsonl
8705,llm_only__base_llm2__mem_rag_bm25,llm_only,llm2,,rag_bm25,laptop charger charger forgot charger kind regards,Hardware,Hardware,Hardware,This ticket pertains to a hardware issue regarding a forgotten laptop charger. The user needs assistance in obtaining a replacement or borrowing a charger temporarily.,"[""Identify nearest available spare charger."", ""If none available, arrange loan from colleague."", ""Provide temporary charging solution until personal charger is retrieved."", ""Document incident for future reference.""]","The ticket mentions 'forgot charger,' which aligns with hardware-related issues involving physical devices like chargers. It does not fit the password reset or docking station categories.",False,"{""needs_human"": false, ""needs_llm_escalation"": false, ""policy_gap"": false, ""reasons"": []}",,,True,True,True,1001,0.003003,2103.142559994012,0.4618641900517612,5,2,1,1,1,2,1,Acceptable scoring across all dimensions.,System B,Laptop Charger Issue Resolution,"[""Verify that the user is using the correct and approved laptop charger model."", ""Inspect the charger for any visible signs of damage such as frayed wires or broken connectors."", ""Test the charger with another compatible laptop to determine if the issue is with the charger itself."", ""If the charger passes the test, check the laptop's charging port for any damage or debris."", ""Update the laptop's BIOS/firmware and power-management drivers if they are outdated."", ""If the issue persists, initiate the hardware replacement process for the charger.""]","[""The charger is confirmed to be functioning properly."", ""The user reports that the laptop charges successfully with the charger."", ""There are no further reports of power or charging issues from the user.""]",auto_approved,RouterGym\results\analysis_outputs\gold_resolution_eval\gold_matched_production_outputs.jsonl
8705,slm_dominant__base_slm1__esc_llm2__mem_rag_bm25,slm_dominant,slm1,llm2,rag_bm25,laptop charger charger forgot charger kind regards,Hardware,Hardware,Hardware,This ticket pertains to a hardware issue regarding a forgotten laptop charger. The user needs assistance in obtaining a replacement or borrowing a charger temporarily.,"[""Identify nearest available spare charger."", ""If none available, arrange loan from colleague."", ""Provide temporary charging solution until personal charger is retrieved."", ""Document incident for future reference.""]","The ticket mentions 'forgot charger,' which aligns with hardware-related issues involving physical devices like chargers. It does not fit the password reset or docking station categories.",True,"{""needs_human"": false, ""needs_llm_escalation"": true, ""policy_gap"": false, ""reasons"": [""short_answer""]}",,,True,True,True,2213,0.0036090000000000002,3000.7599249947816,0.4618641900517612,5,2,1,1,1,1,1,Unnecessary escalation flagged.,System C,Laptop Charger Issue Resolution,"[""Verify that the user is using the correct and approved laptop charger model."", ""Inspect the charger for any visible signs of damage such as frayed wires or broken connectors."", ""Test the charger with another compatible laptop to determine if the issue is with the charger itself."", ""If the charger passes the test, check the laptop's charging port for any damage or debris."", ""Update the laptop's BIOS/firmware and power-management drivers if they are outdated."", ""If the issue persists, initiate the hardware replacement process for the charger.""]","[""The charger is confirmed to be functioning properly."", ""The user reports that the laptop charges successfully with the charger."", ""There are no further reports of power or charging issues from the user.""]",auto_approved,RouterGym\results\analysis_outputs\gold_resolution_eval\gold_matched_production_outputs.jsonl
8705,slm_dominant__base_slm2__esc_llm2__mem_rag_bm25,slm_dominant,slm2,llm2,rag_bm25,laptop charger charger forgot charger kind regards,Hardware,Hardware,Hardware,Laptop charger needs replacement. Order new charger from IT inventory and install it.,"[""Order new charger from IT inventory."", ""Install new charger on laptop.""]","Request is for hardware replacement, specifically a charger, which aligns with hardware category in KB.",False,"{""needs_human"": false, ""needs_llm_escalation"": false, ""policy_gap"": false, ""reasons"": []}",,,True,True,True,955,0.0006684999999990001,994.4041380658746,0.4601250192730442,3,2,1,1,1,2,1,Very short answer.,System E,Laptop Charger Issue Resolution,"[""Verify that the user is using the correct and approved laptop charger model."", ""Inspect the charger for any visible signs of damage such as frayed wires or broken connectors."", ""Test the charger with another compatible laptop to determine if the issue is with the charger itself."", ""If the charger passes the test, check the laptop's charging port for any damage or debris."", ""Update the laptop's BIOS/firmware and power-management drivers if they are outdated."", ""If the issue persists, initiate the hardware replacement process for the charger.""]","[""The charger is confirmed to be functioning properly."", ""The user reports that the laptop charges successfully with the charger."", ""There are no further reports of power or charging issues from the user.""]",auto_approved,RouterGym\results\analysis_outputs\gold_resolution_eval\gold_matched_production_outputs.jsonl
8705,slm_only__base_slm1__mem_rag_bm25,slm_only,slm1,,rag_bm25,laptop charger charger forgot charger kind regards,Hardware,Hardware,Hardware,Please provide a suitable laptop charger for the user.,"[""Identify the laptop model"", ""Find a compatible charger"", ""Package and deliver the charger to the user"", ""Confirm receipt and functionality of the charger""]",The user has forgotten their laptop charger.,False,"{""needs_human"": false, ""needs_llm_escalation"": false, ""policy_gap"": false, ""reasons"": []}",,,True,True,True,1212,0.0006060000000000001,1264.5633209031075,0.4929170078648489,3,0,1,1,1,2,1,Low category alignment.; Very short answer.,System A,Laptop Charger Issue Resolution,"[""Verify that the user is using the correct and approved laptop charger model."", ""Inspect the charger for any visible signs of damage such as frayed wires or broken connectors."", ""Test the charger with another compatible laptop to determine if the issue is with the charger itself."", ""If the charger passes the test, check the laptop's charging port for any damage or debris."", ""Update the laptop's BIOS/firmware and power-management drivers if they are outdated."", ""If the issue persists, initiate the hardware replacement process for the charger.""]","[""The charger is confirmed to be functioning properly."", ""The user reports that the laptop charges successfully with the charger."", ""There are no further reports of power or charging issues from the user.""]",auto_approved,RouterGym\results\analysis_outputs\gold_resolution_eval\gold_matched_production_outputs.jsonl
8705,slm_only__base_slm2__mem_rag_bm25,slm_only,slm2,,rag_bm25,laptop charger charger forgot charger kind regards,Hardware,Hardware,Hardware,Laptop charger needs replacement. Order new charger from IT inventory and install it.,"[""Order new charger from IT inventory."", ""Install new charger on laptop.""]","Request is for hardware replacement, specifically a charger, which aligns with hardware category in KB.",False,"{""needs_human"": false, ""needs_llm_escalation"": false, ""policy_gap"": false, ""reasons"": []}",,,True,True,True,955,0.0006684999999990001,1011.4494347944856,0.4601250192730442,3,2,1,1,1,2,1,Very short answer.,System F,Laptop Charger Issue Resolution,"[""Verify that the user is using the correct and approved laptop charger model."", ""Inspect the charger for any visible signs of damage such as frayed wires or broken connectors."", ""Test the charger with another compatible laptop to determine if the issue is with the charger itself."", ""If the charger passes the test, check the laptop's charging port for any damage or debris."", ""Update the laptop's BIOS/firmware and power-management drivers if they are outdated."", ""If the issue persists, initiate the hardware replacement process for the charger.""]","[""The charger is confirmed to be functioning properly."", ""The user reports that the laptop charges successfully with the charger."", ""There are no further reports of power or charging issues from the user.""]",auto_approved,RouterGym\results\analysis_outputs\gold_resolution_eval\gold_matched_production_outputs.jsonl
8923,llm_only__base_llm1__mem_rag_bm25,llm_only,llm1,,rag_bm25,reception new delivery hello received items headset keyboards cables meter cables meters dp adapters adapters adapters patch meter patch meters po po hub po please advise please log thank engineer,Purchase,Purchase,Purchase,The delivery has been logged. Please confirm the items received and check the purchase order status.,"[""Log the delivery in the procurement system."", ""Verify the items received match the purchase order."", ""Check the purchase order status for any discrepancies."", ""Update the ticket with the delivery confirmation.""]","The ticket involves logging a new delivery of IT items, which falls under the purchase category.",False,"{""needs_human"": false, ""needs_llm_escalation"": false, ""policy_gap"": false, ""reasons"": []}",,,True,True,True,1015,0.006090000000000001,3781.0902080964297,0.6599606080097615,5,2,1,1,1,2,1,Acceptable scoring across all dimensions.,System D,"Reception of new delivery items, including headsets, keyboards, cables, meters, and adapters, and request for PO and hub.","[""Verify requester has access to procurement system."", ""Check PO status (draft, awaiting approval, approved, closed)."", ""Ensure correct cost centre, GL code, and vendor are selected."", ""Guide user through fixing validation errors and resubmitting if necessary."", ""Look up PO or order number and current status."", ""Retrieve courier tracking information if available."", ""Confirm shipping address and contact information with user."", ""Update ticket with ETA and delivery confirmation.""]","[""PO status is updated and reflected in the procurement system."", ""Courier tracking information is provided to the user."", ""All received items are accounted for and matched against the PO.""]",auto_approved,RouterGym\results\analysis_outputs\gold_resolution_eval\gold_matched_production_outputs.jsonl
8923,llm_only__base_llm2__mem_rag_bm25,llm_only,llm2,,rag_bm25,reception new delivery hello received items headset keyboards cables meter cables meters dp adapters adapters adapters patch meter patch meters po po hub po please advise please log thank engineer,Purchase,Purchase,Purchase,"The delivery has been received. Please log the items with the engineer for further processing. If there are any issues with the delivery, escalate to the logistics team.","[""Confirm receipt of all items."", ""Log items with the engineer."", ""Retrieve courier tracking info if needed."", ""Escalate to logistics for any issues."", ""Update ticket with delivery confirmation.""]",The request indicates a new delivery has arrived and needs to be logged. The items listed suggest it's a standard procurement process requiring confirmation and logging.,False,"{""needs_human"": false, ""needs_llm_escalation"": false, ""policy_gap"": false, ""reasons"": []}",,,True,True,True,961,0.0028829999999999997,2263.4441058617085,0.6688624125617849,4,0,1,1,1,2,1,Low category alignment.,System B,"Reception of new delivery items, including headsets, keyboards, cables, meters, and adapters, and request for PO and hub.","[""Verify requester has access to procurement system."", ""Check PO status (draft, awaiting approval, approved, closed)."", ""Ensure correct cost centre, GL code, and vendor are selected."", ""Guide user through fixing validation errors and resubmitting if necessary."", ""Look up PO or order number and current status."", ""Retrieve courier tracking information if available."", ""Confirm shipping address and contact information with user."", ""Update ticket with ETA and delivery confirmation.""]","[""PO status is updated and reflected in the procurement system."", ""Courier tracking information is provided to the user."", ""All received items are accounted for and matched against the PO.""]",auto_approved,RouterGym\results\analysis_outputs\gold_resolution_eval\gold_matched_production_outputs.jsonl
8923,slm_dominant__base_slm1__esc_llm2__mem_rag_bm25,slm_dominant,slm1,llm2,rag_bm25,reception new delivery hello received items headset keyboards cables meter cables meters dp adapters adapters adapters patch meter patch meters po po hub po please advise please log thank engineer,Purchase,Purchase,Purchase,"Please track the delivery and log the details. If there are any issues, escalate as needed.","[""Look up PO or order number and current status."", ""Retrieve courier tracking information if available."", ""Confirm shipping address and contact information with user."", ""Update ticket with ETA and delivery confirmation."", ""Escalate delayed shipments to vendor or logistics team if necessary.""]","The ticket mentions a new delivery of IT items, which requires tracking and logging. If there are any issues, they should be escalated.",False,"{""needs_human"": false, ""needs_llm_escalation"": false, ""policy_gap"": false, ""reasons"": []}",,,True,True,True,1199,0.0005995,1525.4613610450178,0.8008414240652856,3,0,1,0,2,2,0,Low category alignment.; Misses key requirements from gold summary/criteria.; Low policy/gold grounding.,System C,"Reception of new delivery items, including headsets, keyboards, cables, meters, and adapters, and request for PO and hub.","[""Verify requester has access to procurement system."", ""Check PO status (draft, awaiting approval, approved, closed)."", ""Ensure correct cost centre, GL code, and vendor are selected."", ""Guide user through fixing validation errors and resubmitting if necessary."", ""Look up PO or order number and current status."", ""Retrieve courier tracking information if available."", ""Confirm shipping address and contact information with user."", ""Update ticket with ETA and delivery confirmation.""]","[""PO status is updated and reflected in the procurement system."", ""Courier tracking information is provided to the user."", ""All received items are accounted for and matched against the PO.""]",auto_approved,RouterGym\results\analysis_outputs\gold_resolution_eval\gold_matched_production_outputs.jsonl
8923,slm_dominant__base_slm2__esc_llm2__mem_rag_bm25,slm_dominant,slm2,llm2,rag_bm25,reception new delivery hello received items headset keyboards cables meter cables meters dp adapters adapters adapters patch meter patch meters po po hub po please advise please log thank engineer,Purchase,Purchase,Purchase,This ticket involves a purchase order and delivery status inquiry.,"[""Verify PO status and access to procurement system."", ""Check for any validation errors and resubmit if necessary."", ""Confirm PO approval and share PO number with requester.""]","The ticket mentions received items and PO, indicating a purchase order issue.",False,"{""needs_human"": false, ""needs_llm_escalation"": false, ""policy_gap"": false, ""reasons"": []}",,,True,True,True,910,0.000637,1077.0004300866276,0.7079497961604412,3,2,0,0,1,2,1,Answer lacks actionable steps.; Misses key requirements from gold summary/criteria.; Very short answer.,System E,"Reception of new delivery items, including headsets, keyboards, cables, meters, and adapters, and request for PO and hub.","[""Verify requester has access to procurement system."", ""Check PO status (draft, awaiting approval, approved, closed)."", ""Ensure correct cost centre, GL code, and vendor are selected."", ""Guide user through fixing validation errors and resubmitting if necessary."", ""Look up PO or order number and current status."", ""Retrieve courier tracking information if available."", ""Confirm shipping address and contact information with user."", ""Update ticket with ETA and delivery confirmation.""]","[""PO status is updated and reflected in the procurement system."", ""Courier tracking information is provided to the user."", ""All received items are accounted for and matched against the PO.""]",auto_approved,RouterGym\results\analysis_outputs\gold_resolution_eval\gold_matched_production_outputs.jsonl
8923,slm_only__base_slm1__mem_rag_bm25,slm_only,slm1,,rag_bm25,reception new delivery hello received items headset keyboards cables meter cables meters dp adapters adapters adapters patch meter patch meters po po hub po please advise please log thank engineer,Purchase,Purchase,Purchase,"Please track the delivery and log the details. If there are any issues, escalate as needed.","[""Look up PO or order number and current status."", ""Retrieve courier tracking information if available."", ""Confirm shipping address and contact information with user."", ""Update ticket with ETA and delivery confirmation."", ""Escalate delayed shipments to vendor or logistics team if necessary.""]","The ticket mentions a new delivery of IT items, which requires tracking and logging. If there are any issues, they should be escalated.",False,"{""needs_human"": false, ""needs_llm_escalation"": false, ""policy_gap"": false, ""reasons"": []}",,,True,True,True,1199,0.0005995,1596.4674788992852,0.8008414240652856,3,0,1,0,2,2,0,Low category alignment.; Misses key requirements from gold summary/criteria.; Low policy/gold grounding.,System A,"Reception of new delivery items, including headsets, keyboards, cables, meters, and adapters, and request for PO and hub.","[""Verify requester has access to procurement system."", ""Check PO status (draft, awaiting approval, approved, closed)."", ""Ensure correct cost centre, GL code, and vendor are selected."", ""Guide user through fixing validation errors and resubmitting if necessary."", ""Look up PO or order number and current status."", ""Retrieve courier tracking information if available."", ""Confirm shipping address and contact information with user."", ""Update ticket with ETA and delivery confirmation.""]","[""PO status is updated and reflected in the procurement system."", ""Courier tracking information is provided to the user."", ""All received items are accounted for and matched against the PO.""]",auto_approved,RouterGym\results\analysis_outputs\gold_resolution_eval\gold_matched_production_outputs.jsonl
8923,slm_only__base_slm2__mem_rag_bm25,slm_only,slm2,,rag_bm25,reception new delivery hello received items headset keyboards cables meter cables meters dp adapters adapters adapters patch meter patch meters po po hub po please advise please log thank engineer,Purchase,Purchase,Purchase,This ticket involves a purchase order and delivery status inquiry.,"[""Verify PO status and access to procurement system."", ""Check for any validation errors and resubmit if necessary."", ""Confirm PO approval and share PO number with requester.""]","The ticket mentions received items and PO, indicating a purchase order issue.",False,"{""needs_human"": false, ""needs_llm_escalation"": false, ""policy_gap"": false, ""reasons"": []}",,,True,True,True,910,0.000637,1059.1230890713632,0.7079497961604412,3,2,0,0,1,2,1,Answer lacks actionable steps.; Misses key requirements from gold summary/criteria.; Very short answer.,System F,"Reception of new delivery items, including headsets, keyboards, cables, meters, and adapters, and request for PO and hub.","[""Verify requester has access to procurement system."", ""Check PO status (draft, awaiting approval, approved, closed)."", ""Ensure correct cost centre, GL code, and vendor are selected."", ""Guide user through fixing validation errors and resubmitting if necessary."", ""Look up PO or order number and current status."", ""Retrieve courier tracking information if available."", ""Confirm shipping address and contact information with user."", ""Update ticket with ETA and delivery confirmation.""]","[""PO status is updated and reflected in the procurement system."", ""Courier tracking information is provided to the user."", ""All received items are accounted for and matched against the PO.""]",auto_approved,RouterGym\results\analysis_outputs\gold_resolution_eval\gold_matched_production_outputs.jsonl
9002,llm_only__base_llm1__mem_rag_bm25,llm_only,llm1,,rag_bm25,access to oracle dear colleagues please myself environment involved billing starting thank senior tester,HR Support,HR Support,Access,"To grant the senior tester access to the Oracle environment, verify their identity and approval, identify the specific access required, check for existing access, and apply the necessary changes via the appropriate tool. Confirm the access works for key actions and update the ticket with the details of the groups/roles applied.","[""Verify the senior tester's identity and approval from their manager or system owner."", ""Identify the specific access required in the Oracle environment for billing tasks."", ""Check for any existing access to avoid duplicates."", ""Apply the necessary changes via the IAM tool or application admin console."", ""Confirm the access works for key actions and update the ticket with the groups/roles applied.""]",The request involves granting access to a specific system (Oracle) for a user (senior tester) to perform billing-related tasks. This falls under the Access Request Flow category.,False,"{""needs_human"": false, ""needs_llm_escalation"": false, ""policy_gap"": false, ""reasons"": []}",,,True,True,True,1105,0.0066300000000000005,4632.085305871442,0.7631117702181699,5,0,1,1,2,2,2,Low category alignment.,System D,Grant access to Oracle environment for billing involved senior tester,"[""Verify requester identity and ensure approval from manager or system owner"", ""Identify that the Oracle environment and specific billing-related roles are required"", ""Check HR records to confirm employment status and access entitlements"", ""Ensure there are no legal or compliance holds affecting access"", ""Apply change via IAM tool, adjusting AD group or application admin console settings"", ""Instruct user to log off and back in to refresh permissions"", ""Confirm access works for key billing actions; update ticket with groups/roles applied""]","[""User has successfully logged into the Oracle environment"", ""User can perform key billing actions without issues""]",auto_approved,RouterGym\results\analysis_outputs\gold_resolution_eval\gold_matched_production_outputs.jsonl
9002,llm_only__base_llm2__mem_rag_bm25,llm_only,llm2,,rag_bm25,access to oracle dear colleagues please myself environment involved billing starting thank senior tester,HR Support,HR Support,HR Support,"To grant access to the Oracle environment for billing, verify the requestor's identity and role, check existing access, apply necessary permissions through the IAM tool, and confirm access works.","[""Verify requester's identity and role."", ""Identify specific Oracle environment access needed."", ""Apply permissions via IAM tool."", ""Confirm access functionality."", ""Update ticket with actions taken.""]","The request pertains to gaining access to the Oracle environment specifically for billing tasks, aligning with access management policies.",False,"{""needs_human"": false, ""needs_llm_escalation"": false, ""policy_gap"": false, ""reasons"": []}",,,True,True,True,998,0.0029939999999999997,2086.817472940311,0.6727565493020716,5,0,1,1,1,2,2,Low category alignment.,System B,Grant access to Oracle environment for billing involved senior tester,"[""Verify requester identity and ensure approval from manager or system owner"", ""Identify that the Oracle environment and specific billing-related roles are required"", ""Check HR records to confirm employment status and access entitlements"", ""Ensure there are no legal or compliance holds affecting access"", ""Apply change via IAM tool, adjusting AD group or application admin console settings"", ""Instruct user to log off and back in to refresh permissions"", ""Confirm access works for key billing actions; update ticket with groups/roles applied""]","[""User has successfully logged into the Oracle environment"", ""User can perform key billing actions without issues""]",auto_approved,RouterGym\results\analysis_outputs\gold_resolution_eval\gold_matched_production_outputs.jsonl
9002,slm_dominant__base_slm1__esc_llm2__mem_rag_bm25,slm_dominant,slm1,llm2,rag_bm25,access to oracle dear colleagues please myself environment involved billing starting thank senior tester,HR Support,HR Support,Access,Please follow the Access Request Flow to grant access to the Oracle environment for the senior tester.,"[""Verify requester identity and approval"", ""Identify exact system and role level"", ""Check for existing access to avoid duplicates"", ""Apply change via IAM tool or application admin console"", ""Ask user to log off and back in to refresh permissions""]",The ticket involves a request for access to a specific system (Oracle) for a specific user (senior tester).,False,"{""needs_human"": false, ""needs_llm_escalation"": false, ""policy_gap"": false, ""reasons"": []}",,,True,True,True,1263,0.0006315,1743.4334978461266,0.7321660654670027,7,1,1,2,2,2,2,Acceptable scoring across all dimensions.,System C,Grant access to Oracle environment for billing involved senior tester,"[""Verify requester identity and ensure approval from manager or system owner"", ""Identify that the Oracle environment and specific billing-related roles are required"", ""Check HR records to confirm employment status and access entitlements"", ""Ensure there are no legal or compliance holds affecting access"", ""Apply change via IAM tool, adjusting AD group or application admin console settings"", ""Instruct user to log off and back in to refresh permissions"", ""Confirm access works for key billing actions; update ticket with groups/roles applied""]","[""User has successfully logged into the Oracle environment"", ""User can perform key billing actions without issues""]",auto_approved,RouterGym\results\analysis_outputs\gold_resolution_eval\gold_matched_production_outputs.jsonl
9002,slm_dominant__base_slm2__esc_llm2__mem_rag_bm25,slm_dominant,slm2,llm2,rag_bm25,access to oracle dear colleagues please myself environment involved billing starting thank senior tester,HR Support,HR Support,Access,"Access request for Oracle environment has been approved. Ensure user is added to relevant groups and roles, and verify access works for key actions.","[""Verify requester identity and approval."", ""Identify exact Oracle environment and role required."", ""Apply change via IAM tool or application admin console."", ""Confirm access works for key actions.""]",The request aligns with standard access request procedures for new or modified access.,False,"{""needs_human"": false, ""needs_llm_escalation"": false, ""policy_gap"": false, ""reasons"": []}",,,True,True,True,981,0.0006866999999990001,1162.006544182077,0.7152645466821482,5,0,1,1,2,2,1,Low category alignment.,System E,Grant access to Oracle environment for billing involved senior tester,"[""Verify requester identity and ensure approval from manager or system owner"", ""Identify that the Oracle environment and specific billing-related roles are required"", ""Check HR records to confirm employment status and access entitlements"", ""Ensure there are no legal or compliance holds affecting access"", ""Apply change via IAM tool, adjusting AD group or application admin console settings"", ""Instruct user to log off and back in to refresh permissions"", ""Confirm access works for key billing actions; update ticket with groups/roles applied""]","[""User has successfully logged into the Oracle environment"", ""User can perform key billing actions without issues""]",auto_approved,RouterGym\results\analysis_outputs\gold_resolution_eval\gold_matched_production_outputs.jsonl
9002,slm_only__base_slm1__mem_rag_bm25,slm_only,slm1,,rag_bm25,access to oracle dear colleagues please myself environment involved billing starting thank senior tester,HR Support,HR Support,Access,Please follow the Access Request Flow to grant access to the Oracle environment for the senior tester.,"[""Verify requester identity and approval"", ""Identify exact system and role level"", ""Check for existing access to avoid duplicates"", ""Apply change via IAM tool or application admin console"", ""Ask user to log off and back in to refresh permissions""]",The ticket involves a request for access to a specific system (Oracle) for a specific user (senior tester).,False,"{""needs_human"": false, ""needs_llm_escalation"": false, ""policy_gap"": false, ""reasons"": []}",,,True,True,True,1263,0.0006315,1812.5119199976325,0.7321660654670027,7,1,1,2,2,2,2,Acceptable scoring across all dimensions.,System A,Grant access to Oracle environment for billing involved senior tester,"[""Verify requester identity and ensure approval from manager or system owner"", ""Identify that the Oracle environment and specific billing-related roles are required"", ""Check HR records to confirm employment status and access entitlements"", ""Ensure there are no legal or compliance holds affecting access"", ""Apply change via IAM tool, adjusting AD group or application admin console settings"", ""Instruct user to log off and back in to refresh permissions"", ""Confirm access works for key billing actions; update ticket with groups/roles applied""]","[""User has successfully logged into the Oracle environment"", ""User can perform key billing actions without issues""]",auto_approved,RouterGym\results\analysis_outputs\gold_resolution_eval\gold_matched_production_outputs.jsonl
9002,slm_only__base_slm2__mem_rag_bm25,slm_only,slm2,,rag_bm25,access to oracle dear colleagues please myself environment involved billing starting thank senior tester,HR Support,HR Support,Access,"Access request for Oracle environment has been approved. Ensure user is added to relevant groups and roles, and verify access works for key actions.","[""Verify requester identity and approval."", ""Identify exact Oracle environment and role required."", ""Apply change via IAM tool or application admin console."", ""Confirm access works for key actions.""]",The request aligns with standard access request procedures for new or modified access.,False,"{""needs_human"": false, ""needs_llm_escalation"": false, ""policy_gap"": false, ""reasons"": []}",,,True,True,True,981,0.0006866999999990001,1164.5625298842788,0.7152645466821482,5,0,1,1,2,2,1,Low category alignment.,System F,Grant access to Oracle environment for billing involved senior tester,"[""Verify requester identity and ensure approval from manager or system owner"", ""Identify that the Oracle environment and specific billing-related roles are required"", ""Check HR records to confirm employment status and access entitlements"", ""Ensure there are no legal or compliance holds affecting access"", ""Apply change via IAM tool, adjusting AD group or application admin console settings"", ""Instruct user to log off and back in to refresh permissions"", ""Confirm access works for key billing actions; update ticket with groups/roles applied""]","[""User has successfully logged into the Oracle environment"", ""User can perform key billing actions without issues""]",auto_approved,RouterGym\results\analysis_outputs\gold_resolution_eval\gold_matched_production_outputs.jsonl
9149,llm_only__base_llm1__mem_rag_bm25,llm_only,llm1,,rag_bm25,client to be moved from to client moved hi please help thanks tuesday client moved importance high hi please move processing both currently created codes automation streams known pipeline regards fin floor blvd district,Internal Project,Internal Project,Internal Project,"To move the client processing, confirm the new client details and ensure all automation streams and pipelines are updated accordingly. Coordinate with the relevant teams to finalize the transition by Tuesday.","[""Confirm the new client details and ensure all necessary information is available."", ""Update all automation streams and pipelines to reflect the new client."", ""Coordinate with the relevant teams to ensure all systems are updated."", ""Verify the transition is complete and functional by Tuesday.""]","The request involves moving client processing, which requires updating automation streams and pipelines. Coordination with relevant teams is necessary to ensure a smooth transition.",False,"{""needs_human"": false, ""needs_llm_escalation"": false, ""policy_gap"": false, ""reasons"": []}",,,True,True,True,1080,0.0064800000000000005,4131.240541813895,0.64400083893015,4,0,1,1,1,2,1,Low category alignment.,System D,Move a client from one account to another with high importance,"[""1. Confirm the client details and the reason for the move with the requesting department."", ""2. Validate that the budget is available for the move and allocate costs appropriately."", ""3. Apply correct GL codes and project codes in the accounting system."", ""4. Coordinate with the finance team to ensure smooth processing of the move."", ""5. Update the client information in the CRM system to reflect the new account."", ""6. Notify all relevant teams (sales, support, finance) about the client move."", ""7. Document the final allocation in the ticket and system notes.""]","[""Client information is updated correctly in the CRM system."", ""Finance team has validated the move and confirmed budget availability."", ""All relevant teams have been notified about the client move.""]",auto_approved,RouterGym\results\analysis_outputs\gold_resolution_eval\gold_matched_production_outputs.jsonl
9149,llm_only__base_llm2__mem_rag_bm25,llm_only,llm2,,rag_bm25,client to be moved from to client moved hi please help thanks tuesday client moved importance high hi please move processing both currently created codes automation streams known pipeline regards fin floor blvd district,Internal Project,Internal Project,Internal Project,The request involves moving a client from existing manual processes to a new automated stream within the known pipeline. This requires coordination between the current processing team and the automation team.,"[""Identify the current processing team handling the client."", ""Coordinate with the automation team to set up the new stream."", ""Transfer the client's data to the new automated stream."", ""Confirm successful migration with both teams."", ""Document the process and any issues encountered.""]","The ticket mentions moving a client from current codes to an automated stream, indicating a transition from manual to automated processes. The context suggests this is an internal project related to process automation.",False,"{""needs_human"": false, ""needs_llm_escalation"": false, ""policy_gap"": false, ""reasons"": []}",,,True,True,True,1021,0.003062999999999,2375.3446110058576,0.6153190243749472,5,2,1,0,1,2,1,Misses key requirements from gold summary/criteria.,System B,Move a client from one account to another with high importance,"[""1. Confirm the client details and the reason for the move with the requesting department."", ""2. Validate that the budget is available for the move and allocate costs appropriately."", ""3. Apply correct GL codes and project codes in the accounting system."", ""4. Coordinate with the finance team to ensure smooth processing of the move."", ""5. Update the client information in the CRM system to reflect the new account."", ""6. Notify all relevant teams (sales, support, finance) about the client move."", ""7. Document the final allocation in the ticket and system notes.""]","[""Client information is updated correctly in the CRM system."", ""Finance team has validated the move and confirmed budget availability."", ""All relevant teams have been notified about the client move.""]",auto_approved,RouterGym\results\analysis_outputs\gold_resolution_eval\gold_matched_production_outputs.jsonl
9149,slm_dominant__base_slm1__esc_llm2__mem_rag_bm25,slm_dominant,slm1,llm2,rag_bm25,client to be moved from to client moved hi please help thanks tuesday client moved importance high hi please move processing both currently created codes automation streams known pipeline regards fin floor blvd district,Internal Project,Internal Project,Internal Project,"To move processing for both clients to a new cost center, please follow these steps: 1. Confirm the requesting department and new cost center. 2. Validate that budget is available for the move. 3. Apply correct GL codes and project codes in the procurement system. 4. Document final allocation in ticket and PO notes.","[""Confirm requesting department and cost centre"", ""Validate budget availability"", ""Apply correct GL codes and project codes"", ""Document final allocation""]","The request involves budgeting and cost allocation for IT purchases, which requires confirming the department and cost center, validating budget availability, and applying correct codes in the procurement system.",False,"{""needs_human"": false, ""needs_llm_escalation"": false, ""policy_gap"": false, ""reasons"": []}",,,True,True,True,1263,0.0006315,1586.2283408641815,0.5957750167315468,6,1,2,0,2,2,1,Misses key requirements from gold summary/criteria.,System C,Move a client from one account to another with high importance,"[""1. Confirm the client details and the reason for the move with the requesting department."", ""2. Validate that the budget is available for the move and allocate costs appropriately."", ""3. Apply correct GL codes and project codes in the accounting system."", ""4. Coordinate with the finance team to ensure smooth processing of the move."", ""5. Update the client information in the CRM system to reflect the new account."", ""6. Notify all relevant teams (sales, support, finance) about the client move."", ""7. Document the final allocation in the ticket and system notes.""]","[""Client information is updated correctly in the CRM system."", ""Finance team has validated the move and confirmed budget availability."", ""All relevant teams have been notified about the client move.""]",auto_approved,RouterGym\results\analysis_outputs\gold_resolution_eval\gold_matched_production_outputs.jsonl
9149,slm_dominant__base_slm2__esc_llm2__mem_rag_bm25,slm_dominant,slm2,llm2,rag_bm25,client to be moved from to client moved hi please help thanks tuesday client moved importance high hi please move processing both currently created codes automation streams known pipeline regards fin floor blvd district,Internal Project,Internal Project,Internal Project,"The request involves moving a client, which is an internal project task requiring coordination and documentation.","[""Confirm current and new client location details."", ""Update client records in the system."", ""Move processing codes and automation streams accordingly."", ""Document changes in the ticket and pipeline.""]","The ticket mentions moving a client and processing related codes and pipelines, aligning with internal project management tasks.",False,"{""needs_human"": false, ""needs_llm_escalation"": false, ""policy_gap"": false, ""reasons"": []}",,,True,True,True,972,0.0006804000000000001,1274.1037621162832,0.6255571387922662,4,2,1,0,1,2,0,Misses key requirements from gold summary/criteria.; Low policy/gold grounding.,System E,Move a client from one account to another with high importance,"[""1. Confirm the client details and the reason for the move with the requesting department."", ""2. Validate that the budget is available for the move and allocate costs appropriately."", ""3. Apply correct GL codes and project codes in the accounting system."", ""4. Coordinate with the finance team to ensure smooth processing of the move."", ""5. Update the client information in the CRM system to reflect the new account."", ""6. Notify all relevant teams (sales, support, finance) about the client move."", ""7. Document the final allocation in the ticket and system notes.""]","[""Client information is updated correctly in the CRM system."", ""Finance team has validated the move and confirmed budget availability."", ""All relevant teams have been notified about the client move.""]",auto_approved,RouterGym\results\analysis_outputs\gold_resolution_eval\gold_matched_production_outputs.jsonl
9149,slm_only__base_slm1__mem_rag_bm25,slm_only,slm1,,rag_bm25,client to be moved from to client moved hi please help thanks tuesday client moved importance high hi please move processing both currently created codes automation streams known pipeline regards fin floor blvd district,Internal Project,Internal Project,Internal Project,"To move processing for both clients to a new cost center, please follow these steps: 1. Confirm the requesting department and new cost center. 2. Validate that budget is available for the move. 3. Apply correct GL codes and project codes in the procurement system. 4. Document final allocation in ticket and PO notes.","[""Confirm requesting department and cost centre"", ""Validate budget availability"", ""Apply correct GL codes and project codes"", ""Document final allocation""]","The request involves budgeting and cost allocation for IT purchases, which requires confirming the department and cost center, validating budget availability, and applying correct codes in the procurement system.",False,"{""needs_human"": false, ""needs_llm_escalation"": false, ""policy_gap"": false, ""reasons"": []}",,,True,True,True,1263,0.0006315,1609.0020318515599,0.5957750167315468,6,1,2,0,2,2,1,Misses key requirements from gold summary/criteria.,System A,Move a client from one account to another with high importance,"[""1. Confirm the client details and the reason for the move with the requesting department."", ""2. Validate that the budget is available for the move and allocate costs appropriately."", ""3. Apply correct GL codes and project codes in the accounting system."", ""4. Coordinate with the finance team to ensure smooth processing of the move."", ""5. Update the client information in the CRM system to reflect the new account."", ""6. Notify all relevant teams (sales, support, finance) about the client move."", ""7. Document the final allocation in the ticket and system notes.""]","[""Client information is updated correctly in the CRM system."", ""Finance team has validated the move and confirmed budget availability."", ""All relevant teams have been notified about the client move.""]",auto_approved,RouterGym\results\analysis_outputs\gold_resolution_eval\gold_matched_production_outputs.jsonl
9149,slm_only__base_slm2__mem_rag_bm25,slm_only,slm2,,rag_bm25,client to be moved from to client moved hi please help thanks tuesday client moved importance high hi please move processing both currently created codes automation streams known pipeline regards fin floor blvd district,Internal Project,Internal Project,Internal Project,"The request involves moving a client, which is an internal project task requiring coordination and documentation.","[""Confirm current and new client location details."", ""Update client records in the system."", ""Move processing codes and automation streams accordingly."", ""Document changes in the ticket and pipeline.""]","The ticket mentions moving a client and processing related codes and pipelines, aligning with internal project management tasks.",False,"{""needs_human"": false, ""needs_llm_escalation"": false, ""policy_gap"": false, ""reasons"": []}",,,True,True,True,972,0.0006804000000000001,1146.6434760950506,0.6255571387922662,4,2,1,0,1,2,0,Misses key requirements from gold summary/criteria.; Low policy/gold grounding.,System F,Move a client from one account to another with high importance,"[""1. Confirm the client details and the reason for the move with the requesting department."", ""2. Validate that the budget is available for the move and allocate costs appropriately."", ""3. Apply correct GL codes and project codes in the accounting system."", ""4. Coordinate with the finance team to ensure smooth processing of the move."", ""5. Update the client information in the CRM system to reflect the new account."", ""6. Notify all relevant teams (sales, support, finance) about the client move."", ""7. Document the final allocation in the ticket and system notes.""]","[""Client information is updated correctly in the CRM system."", ""Finance team has validated the move and confirmed budget availability."", ""All relevant teams have been notified about the client move.""]",auto_approved,RouterGym\results\analysis_outputs\gold_resolution_eval\gold_matched_production_outputs.jsonl
9394,llm_only__base_llm1__mem_rag_bm25,llm_only,llm1,,rag_bm25,new delivery hello received items protective cover lite tempered glass screen protector included po please advise please log thank engineer,Purchase,Purchase,Purchase,"Thank you for confirming the delivery. Please log the items in the system using the PO number provided. If you encounter any issues, let us know.","[""Confirm the items received match the PO number."", ""Log the items in the inventory system using the PO number."", ""Verify the protective cover and tempered glass screen protector are included."", ""Update the ticket with the logging confirmation.""]",The user has received the items and needs to log them. This is a standard purchase-related task.,False,"{""needs_human"": false, ""needs_llm_escalation"": false, ""policy_gap"": false, ""reasons"": []}",,,True,True,True,1042,0.006252000000000001,4217.237837146968,0.6033569010557608,4,2,1,0,1,1,1,Misses key requirements from gold summary/criteria.; Escalation expected but not flagged.,System D,Tracking delivery of protective cover and tempered glass screen protector,"[""Verify the PO or order number and check the current status in the procurement system."", ""Retrieve the courier tracking information and provide it to the user."", ""Confirm the shipping address and contact information with the user to ensure accuracy."", ""If the shipment is delayed, escalate to the vendor or logistics team for further investigation."", ""Update the ticket with the estimated time of arrival (ETA) and confirm the delivery with the user."", ""Document all communication and updates in the ticket for future reference."", ""Follow up with the user to confirm receipt and satisfaction with the delivered items.""]","[""The PO or order number status is accurately reflected in the procurement system."", ""The user receives the courier tracking information and confirms its validity."", ""The user acknowledges receipt of the items and their condition upon delivery.""]",auto_approved,RouterGym\results\analysis_outputs\gold_resolution_eval\gold_matched_production_outputs.jsonl
9394,llm_only__base_llm2__mem_rag_bm25,llm_only,llm2,,rag_bm25,new delivery hello received items protective cover lite tempered glass screen protector included po please advise please log thank engineer,Purchase,Purchase,Purchase,The delivery has been received with protective covers and screen protectors. Please confirm the receipt and log it with the engineer for further processing.,"[""Look up PO and current status."", ""Retrieve courier tracking information."", ""Confirm shipping address and contact info."", ""Escalate to vendor/logistics if delayed."", ""Update ticket with ETA and delivery confirmation.""]",The ticket indicates that a new delivery has arrived with protective items included. The user requests confirmation and logging with an engineer.,False,"{""needs_human"": false, ""needs_llm_escalation"": false, ""policy_gap"": false, ""reasons"": []}",,,True,True,True,965,0.0028950000000000004,2118.250095983967,0.6482279538867791,4,0,1,1,2,1,1,Low category alignment.; Escalation expected but not flagged.,System B,Tracking delivery of protective cover and tempered glass screen protector,"[""Verify the PO or order number and check the current status in the procurement system."", ""Retrieve the courier tracking information and provide it to the user."", ""Confirm the shipping address and contact information with the user to ensure accuracy."", ""If the shipment is delayed, escalate to the vendor or logistics team for further investigation."", ""Update the ticket with the estimated time of arrival (ETA) and confirm the delivery with the user."", ""Document all communication and updates in the ticket for future reference."", ""Follow up with the user to confirm receipt and satisfaction with the delivered items.""]","[""The PO or order number status is accurately reflected in the procurement system."", ""The user receives the courier tracking information and confirms its validity."", ""The user acknowledges receipt of the items and their condition upon delivery.""]",auto_approved,RouterGym\results\analysis_outputs\gold_resolution_eval\gold_matched_production_outputs.jsonl
9394,slm_dominant__base_slm1__esc_llm2__mem_rag_bm25,slm_dominant,slm1,llm2,rag_bm25,new delivery hello received items protective cover lite tempered glass screen protector included po please advise please log thank engineer,Purchase,Purchase,Purchase,"Your protective cover and tempered glass screen protector have been shipped. You can track the delivery using the provided courier tracking details. If you have any issues, please let us know.","[""Look up PO or order number and current status."", ""Retrieve courier tracking information if available."", ""Confirm shipping address and contact information with user."", ""Update ticket with ETA and delivery confirmation.""]","The ticket mentions a new delivery and includes a PO number, which suggests a purchase. The items mentioned are hardware accessories, which are typically tracked after approval. The ticket also thanks an engineer, indicating a request for assistance.",False,"{""needs_human"": false, ""needs_llm_escalation"": false, ""policy_gap"": false, ""reasons"": []}",,,True,True,True,1258,0.000629,1966.2016399670392,0.6642495258770408,6,2,1,2,2,1,1,Escalation expected but not flagged.,System C,Tracking delivery of protective cover and tempered glass screen protector,"[""Verify the PO or order number and check the current status in the procurement system."", ""Retrieve the courier tracking information and provide it to the user."", ""Confirm the shipping address and contact information with the user to ensure accuracy."", ""If the shipment is delayed, escalate to the vendor or logistics team for further investigation."", ""Update the ticket with the estimated time of arrival (ETA) and confirm the delivery with the user."", ""Document all communication and updates in the ticket for future reference."", ""Follow up with the user to confirm receipt and satisfaction with the delivered items.""]","[""The PO or order number status is accurately reflected in the procurement system."", ""The user receives the courier tracking information and confirms its validity."", ""The user acknowledges receipt of the items and their condition upon delivery.""]",auto_approved,RouterGym\results\analysis_outputs\gold_resolution_eval\gold_matched_production_outputs.jsonl
9394,slm_dominant__base_slm2__esc_llm2__mem_rag_bm25,slm_dominant,slm2,llm2,rag_bm25,new delivery hello received items protective cover lite tempered glass screen protector included po please advise please log thank engineer,Purchase,Purchase,Purchase,"Your order for a protective cover and screen protector has been received. We will provide tracking details shortly. If you need further assistance, please log a ticket.","[""Look up PO or order number and current status."", ""Retrieve courier tracking information if available."", ""Confirm shipping address and contact information with user.""]","The request is about tracking the delivery of an ordered item, which falls under purchase order workflow.",False,"{""needs_human"": false, ""needs_llm_escalation"": false, ""policy_gap"": false, ""reasons"": []}",,,True,True,True,944,0.0006608,1165.4374450445175,0.650249786450425,5,2,1,1,2,1,1,Escalation expected but not flagged.,System E,Tracking delivery of protective cover and tempered glass screen protector,"[""Verify the PO or order number and check the current status in the procurement system."", ""Retrieve the courier tracking information and provide it to the user."", ""Confirm the shipping address and contact information with the user to ensure accuracy."", ""If the shipment is delayed, escalate to the vendor or logistics team for further investigation."", ""Update the ticket with the estimated time of arrival (ETA) and confirm the delivery with the user."", ""Document all communication and updates in the ticket for future reference."", ""Follow up with the user to confirm receipt and satisfaction with the delivered items.""]","[""The PO or order number status is accurately reflected in the procurement system."", ""The user receives the courier tracking information and confirms its validity."", ""The user acknowledges receipt of the items and their condition upon delivery.""]",auto_approved,RouterGym\results\analysis_outputs\gold_resolution_eval\gold_matched_production_outputs.jsonl
9394,slm_only__base_slm1__mem_rag_bm25,slm_only,slm1,,rag_bm25,new delivery hello received items protective cover lite tempered glass screen protector included po please advise please log thank engineer,Purchase,Purchase,Purchase,"Your protective cover and tempered glass screen protector have been shipped. You can track the delivery using the provided courier tracking details. If you have any issues, please let us know.","[""Look up PO or order number and current status."", ""Retrieve courier tracking information if available."", ""Confirm shipping address and contact information with user."", ""Update ticket with ETA and delivery confirmation.""]","The ticket mentions a new delivery and includes a PO number, which suggests a purchase. The items mentioned are hardware accessories, which are typically tracked after approval. The ticket also thanks an engineer, indicating a request for assistance.",False,"{""needs_human"": false, ""needs_llm_escalation"": false, ""policy_gap"": false, ""reasons"": []}",,,True,True,True,1258,0.000629,1915.178993018344,0.6642495258770408,6,2,1,2,2,1,1,Escalation expected but not flagged.,System A,Tracking delivery of protective cover and tempered glass screen protector,"[""Verify the PO or order number and check the current status in the procurement system."", ""Retrieve the courier tracking information and provide it to the user."", ""Confirm the shipping address and contact information with the user to ensure accuracy."", ""If the shipment is delayed, escalate to the vendor or logistics team for further investigation."", ""Update the ticket with the estimated time of arrival (ETA) and confirm the delivery with the user."", ""Document all communication and updates in the ticket for future reference."", ""Follow up with the user to confirm receipt and satisfaction with the delivered items.""]","[""The PO or order number status is accurately reflected in the procurement system."", ""The user receives the courier tracking information and confirms its validity."", ""The user acknowledges receipt of the items and their condition upon delivery.""]",auto_approved,RouterGym\results\analysis_outputs\gold_resolution_eval\gold_matched_production_outputs.jsonl
9394,slm_only__base_slm2__mem_rag_bm25,slm_only,slm2,,rag_bm25,new delivery hello received items protective cover lite tempered glass screen protector included po please advise please log thank engineer,Purchase,Purchase,Purchase,"Your order for a protective cover and screen protector has been received. We will provide tracking details shortly. If you need further assistance, please log a ticket.","[""Look up PO or order number and current status."", ""Retrieve courier tracking information if available."", ""Confirm shipping address and contact information with user.""]","The request is about tracking the delivery of an ordered item, which falls under purchase order workflow.",False,"{""needs_human"": false, ""needs_llm_escalation"": false, ""policy_gap"": false, ""reasons"": []}",,,True,True,True,944,0.0006608,1252.1552629768848,0.650249786450425,5,2,1,1,2,1,1,Escalation expected but not flagged.,System F,Tracking delivery of protective cover and tempered glass screen protector,"[""Verify the PO or order number and check the current status in the procurement system."", ""Retrieve the courier tracking information and provide it to the user."", ""Confirm the shipping address and contact information with the user to ensure accuracy."", ""If the shipment is delayed, escalate to the vendor or logistics team for further investigation."", ""Update the ticket with the estimated time of arrival (ETA) and confirm the delivery with the user."", ""Document all communication and updates in the ticket for future reference."", ""Follow up with the user to confirm receipt and satisfaction with the delivered items.""]","[""The PO or order number status is accurately reflected in the procurement system."", ""The user receives the courier tracking information and confirms its validity."", ""The user acknowledges receipt of the items and their condition upon delivery.""]",auto_approved,RouterGym\results\analysis_outputs\gold_resolution_eval\gold_matched_production_outputs.jsonl
9542,llm_only__base_llm1__mem_rag_bm25,llm_only,llm1,,rag_bm25,replenishment hi please log replenishment order number mouse wireless yours please perform forecast offices advised by attached thank administrator mobile phone tuesday pm shipment received hello guys received mouse wireless headset lite po except monitor nothing has po invoice kind regards engineer ext,Purchase,Purchase,Purchase,The replenishment order for the wireless mouse and headset has been logged. The shipment is expected to arrive on Tuesday by 2 PM. Please confirm the receipt of the items and check the PO invoice for any discrepancies.,"[""Log the replenishment order for the wireless mouse and headset."", ""Confirm the shipment details and expected delivery date."", ""Check the PO invoice for any discrepancies."", ""Update the user on the status of the shipment.""]","The user has requested to log a replenishment order and confirm the shipment details. The order includes a wireless mouse and headset, with an expected delivery date and time.",False,"{""needs_human"": false, ""needs_llm_escalation"": false, ""policy_gap"": false, ""reasons"": []}",,,True,True,True,1087,0.006522,4627.125943079591,0.6952245390815902,5,0,1,2,1,1,2,Low category alignment.; Escalation expected but not flagged.,System D,Replenishment order tracking and delivery confirmation for wireless mouse,"[""Verify the PO number for the wireless mouse replenishment order."", ""Check the current status of the PO within the procurement system."", ""Retrieve the courier tracking information associated with the PO."", ""Confirm the shipping address and contact information with the user."", ""Notify the user about any delays and escalate to the vendor or logistics team if necessary."", ""Update the ticket with the estimated time of arrival (ETA) and delivery confirmation."", ""Ensure that all items listed on the PO have been received by the user.""]","[""The PO status is updated with accurate tracking information and confirmed by the administrator."", ""The user acknowledges receipt of the wireless mouse with the expected ETA."", ""Any discrepancies between the PO and the received items are addressed and resolved.""]",auto_approved,RouterGym\results\analysis_outputs\gold_resolution_eval\gold_matched_production_outputs.jsonl
9542,llm_only__base_llm2__mem_rag_bm25,llm_only,llm2,,rag_bm25,replenishment hi please log replenishment order number mouse wireless yours please perform forecast offices advised by attached thank administrator mobile phone tuesday pm shipment received hello guys received mouse wireless headset lite po except monitor nothing has po invoice kind regards engineer ext,Purchase,Purchase,Purchase,"A replenishment order for a wireless mouse has been logged. The shipment was received without the monitor, which was not part of the PO. Please check the invoice for further details.","[""Log the replenishment order for the wireless mouse."", ""Retrieve the PO number and shipment details."", ""Confirm the shipping address and contact information."", ""Check the invoice for discrepancies."", ""Update the ticket with any additional information.""]","The request involves logging a replenishment order and confirming shipment details. The shipment was received but missing the monitor, which was not included in the PO.",False,"{""needs_human"": false, ""needs_llm_escalation"": false, ""policy_gap"": false, ""reasons"": []}",,,True,True,True,998,0.0029939999999999997,2345.1773098204285,0.7243448459307779,4,0,1,1,2,1,1,Low category alignment.; Escalation expected but not flagged.,System B,Replenishment order tracking and delivery confirmation for wireless mouse,"[""Verify the PO number for the wireless mouse replenishment order."", ""Check the current status of the PO within the procurement system."", ""Retrieve the courier tracking information associated with the PO."", ""Confirm the shipping address and contact information with the user."", ""Notify the user about any delays and escalate to the vendor or logistics team if necessary."", ""Update the ticket with the estimated time of arrival (ETA) and delivery confirmation."", ""Ensure that all items listed on the PO have been received by the user.""]","[""The PO status is updated with accurate tracking information and confirmed by the administrator."", ""The user acknowledges receipt of the wireless mouse with the expected ETA."", ""Any discrepancies between the PO and the received items are addressed and resolved.""]",auto_approved,RouterGym\results\analysis_outputs\gold_resolution_eval\gold_matched_production_outputs.jsonl
9542,slm_dominant__base_slm1__esc_llm2__mem_rag_bm25,slm_dominant,slm1,llm2,rag_bm25,replenishment hi please log replenishment order number mouse wireless yours please perform forecast offices advised by attached thank administrator mobile phone tuesday pm shipment received hello guys received mouse wireless headset lite po except monitor nothing has po invoice kind regards engineer ext,Purchase,Purchase,Purchase,"Check the PO for the missing monitor and update the order. Once the order is corrected, share the new PO number with the user.","[""Look up the PO number for the mouse wireless headset."", ""Identify the missing monitor in the PO and update the order."", ""Share the updated PO number with the user."", ""Confirm receipt of the updated PO number from the user.""]","The user's request is related to a purchase order for IT hardware. The order seems to be incomplete, missing a monitor.",False,"{""needs_human"": false, ""needs_llm_escalation"": false, ""policy_gap"": false, ""reasons"": []}",,,True,True,True,1265,0.0006324999999999999,1897.7653328329325,0.7017168775576806,5,2,1,1,1,1,1,Escalation expected but not flagged.,System C,Replenishment order tracking and delivery confirmation for wireless mouse,"[""Verify the PO number for the wireless mouse replenishment order."", ""Check the current status of the PO within the procurement system."", ""Retrieve the courier tracking information associated with the PO."", ""Confirm the shipping address and contact information with the user."", ""Notify the user about any delays and escalate to the vendor or logistics team if necessary."", ""Update the ticket with the estimated time of arrival (ETA) and delivery confirmation."", ""Ensure that all items listed on the PO have been received by the user.""]","[""The PO status is updated with accurate tracking information and confirmed by the administrator."", ""The user acknowledges receipt of the wireless mouse with the expected ETA."", ""Any discrepancies between the PO and the received items are addressed and resolved.""]",auto_approved,RouterGym\results\analysis_outputs\gold_resolution_eval\gold_matched_production_outputs.jsonl
9542,slm_dominant__base_slm2__esc_llm2__mem_rag_bm25,slm_dominant,slm2,llm2,rag_bm25,replenishment hi please log replenishment order number mouse wireless yours please perform forecast offices advised by attached thank administrator mobile phone tuesday pm shipment received hello guys received mouse wireless headset lite po except monitor nothing has po invoice kind regards engineer ext,Purchase,Purchase,Purchase,Logged the replenishment order and provided PO and invoice details. Confirmed receipt of the wireless mouse and headset lite. No issues with the monitor.,"[""Log the replenishment order number."", ""Provide PO and invoice details."", ""Confirm receipt of wireless mouse and headset lite."", ""No issues with the monitor.""]","The ticket involves logging a replenishment order and providing PO and invoice details, which aligns with purchase order workflow and order tracking.",False,"{""needs_human"": false, ""needs_llm_escalation"": false, ""policy_gap"": false, ""reasons"": []}",,,True,True,True,976,0.0006832,1242.0273581519723,0.6531066248098731,5,2,1,2,1,1,1,Escalation expected but not flagged.,System E,Replenishment order tracking and delivery confirmation for wireless mouse,"[""Verify the PO number for the wireless mouse replenishment order."", ""Check the current status of the PO within the procurement system."", ""Retrieve the courier tracking information associated with the PO."", ""Confirm the shipping address and contact information with the user."", ""Notify the user about any delays and escalate to the vendor or logistics team if necessary."", ""Update the ticket with the estimated time of arrival (ETA) and delivery confirmation."", ""Ensure that all items listed on the PO have been received by the user.""]","[""The PO status is updated with accurate tracking information and confirmed by the administrator."", ""The user acknowledges receipt of the wireless mouse with the expected ETA."", ""Any discrepancies between the PO and the received items are addressed and resolved.""]",auto_approved,RouterGym\results\analysis_outputs\gold_resolution_eval\gold_matched_production_outputs.jsonl
9542,slm_only__base_slm1__mem_rag_bm25,slm_only,slm1,,rag_bm25,replenishment hi please log replenishment order number mouse wireless yours please perform forecast offices advised by attached thank administrator mobile phone tuesday pm shipment received hello guys received mouse wireless headset lite po except monitor nothing has po invoice kind regards engineer ext,Purchase,Purchase,Purchase,"Check the PO for the missing monitor and update the order. Once the order is corrected, share the new PO number with the user.","[""Look up the PO number for the mouse wireless headset."", ""Identify the missing monitor in the PO and update the order."", ""Share the updated PO number with the user."", ""Confirm receipt of the updated PO number from the user.""]","The user's request is related to a purchase order for IT hardware. The order seems to be incomplete, missing a monitor.",False,"{""needs_human"": false, ""needs_llm_escalation"": false, ""policy_gap"": false, ""reasons"": []}",,,True,True,True,1265,0.0006324999999999999,1840.6242339406163,0.7017168775576806,5,2,1,1,1,1,1,Escalation expected but not flagged.,System A,Replenishment order tracking and delivery confirmation for wireless mouse,"[""Verify the PO number for the wireless mouse replenishment order."", ""Check the current status of the PO within the procurement system."", ""Retrieve the courier tracking information associated with the PO."", ""Confirm the shipping address and contact information with the user."", ""Notify the user about any delays and escalate to the vendor or logistics team if necessary."", ""Update the ticket with the estimated time of arrival (ETA) and delivery confirmation."", ""Ensure that all items listed on the PO have been received by the user.""]","[""The PO status is updated with accurate tracking information and confirmed by the administrator."", ""The user acknowledges receipt of the wireless mouse with the expected ETA."", ""Any discrepancies between the PO and the received items are addressed and resolved.""]",auto_approved,RouterGym\results\analysis_outputs\gold_resolution_eval\gold_matched_production_outputs.jsonl
9542,slm_only__base_slm2__mem_rag_bm25,slm_only,slm2,,rag_bm25,replenishment hi please log replenishment order number mouse wireless yours please perform forecast offices advised by attached thank administrator mobile phone tuesday pm shipment received hello guys received mouse wireless headset lite po except monitor nothing has po invoice kind regards engineer ext,Purchase,Purchase,Purchase,Logged the replenishment order and provided PO and invoice details. Confirmed receipt of the wireless mouse and headset lite. No issues with the monitor.,"[""Log the replenishment order number."", ""Provide PO and invoice details."", ""Confirm receipt of wireless mouse and headset lite."", ""No issues with the monitor.""]","The ticket involves logging a replenishment order and providing PO and invoice details, which aligns with purchase order workflow and order tracking.",False,"{""needs_human"": false, ""needs_llm_escalation"": false, ""policy_gap"": false, ""reasons"": []}",,,True,True,True,976,0.0006832,1246.0719009395689,0.6531066248098731,5,2,1,2,1,1,1,Escalation expected but not flagged.,System F,Replenishment order tracking and delivery confirmation for wireless mouse,"[""Verify the PO number for the wireless mouse replenishment order."", ""Check the current status of the PO within the procurement system."", ""Retrieve the courier tracking information associated with the PO."", ""Confirm the shipping address and contact information with the user."", ""Notify the user about any delays and escalate to the vendor or logistics team if necessary."", ""Update the ticket with the estimated time of arrival (ETA) and delivery confirmation."", ""Ensure that all items listed on the PO have been received by the user.""]","[""The PO status is updated with accurate tracking information and confirmed by the administrator."", ""The user acknowledges receipt of the wireless mouse with the expected ETA."", ""Any discrepancies between the PO and the received items are addressed and resolved.""]",auto_approved,RouterGym\results\analysis_outputs\gold_resolution_eval\gold_matched_production_outputs.jsonl
9596,llm_only__base_llm1__mem_rag_bm25,llm_only,llm1,,rag_bm25,caps temporary opened caps opened hi caps opened port regenerate let encrypt certificates opening rule please let stop running kind regards,Miscellaneous,Miscellaneous,Miscellaneous,"To stop the script, you need to identify and terminate the process. Use Task Manager or a command-line tool like 'ps' or 'top' to find and stop the script. If you're unsure how to do this, contact your IT support for assistance.","[""Identify the script or process that is running."", ""Use Task Manager or command-line tools to find the process."", ""Terminate the process to stop the script."", ""If unsure, contact IT support for further assistance.""]","The ticket mentions a script that opens ports and regenerates Let's Encrypt certificates, which needs to be stopped. This is likely a miscategorized ticket related to software or scripting issues.",False,"{""needs_human"": false, ""needs_llm_escalation"": false, ""policy_gap"": false, ""reasons"": []}",,,True,True,True,1103,0.006618000000000001,4223.4156909398735,0.5472866527468051,1,0,1,0,0,1,0,Low category alignment.; Misses key requirements from gold summary/criteria.; Low alignment with gold resolution steps.; Escalation expected but not flagged.; Low policy/gold grounding.,System D,Reassign misrouted ticket and address unclear requests,"[""Review the ticket description to determine the correct category and owner."", ""Update the ticket category, priority, and routing group based on the review."", ""Add a brief note explaining the reassignment to the ticket."", ""Clarify the request regarding 'caps temporary opened' and 'port regenerate let encrypt certificates'."", ""Determine if the request pertains to system access, certificate management, or another issue."", ""If related to system access, follow the resolution steps outlined in 'Access' policies."", ""If related to certificate management, escalate to the appropriate team for handling Let's Encrypt certificates.""]","[""The ticket is reassigned to the correct category and owner."", ""All unclear requests are clarified and addressed appropriately."", ""If escalated, the specialized team acknowledges receipt of the ticket.""]",auto_approved,RouterGym\results\analysis_outputs\gold_resolution_eval\gold_matched_production_outputs.jsonl
9596,llm_only__base_llm2__mem_rag_bm25,llm_only,llm2,,rag_bm25,caps temporary opened caps opened hi caps opened port regenerate let encrypt certificates opening rule please let stop running kind regards,Miscellaneous,Miscellaneous,Miscellaneous,"To address your request, we need to open a specific port and regenerate Let's Encrypt certificates. This involves updating firewall rules and certificate configurations.","[""Identify the required port number."", ""Update firewall rules to open the specified port."", ""Access the Let's Encrypt dashboard or automation script."", ""Regenerate the SSL/TLS certificates."", ""Verify the new certificates are active.""]","The ticket mentions opening a port and regenerating Let's Encrypt certificates, which falls under network and security configurations rather than hardware or software troubleshooting.",False,"{""needs_human"": false, ""needs_llm_escalation"": false, ""policy_gap"": false, ""reasons"": []}",,,True,True,True,1024,0.003072,2173.6534668598324,0.5626568172439939,3,0,1,0,1,1,1,Low category alignment.; Misses key requirements from gold summary/criteria.; Escalation expected but not flagged.,System B,Reassign misrouted ticket and address unclear requests,"[""Review the ticket description to determine the correct category and owner."", ""Update the ticket category, priority, and routing group based on the review."", ""Add a brief note explaining the reassignment to the ticket."", ""Clarify the request regarding 'caps temporary opened' and 'port regenerate let encrypt certificates'."", ""Determine if the request pertains to system access, certificate management, or another issue."", ""If related to system access, follow the resolution steps outlined in 'Access' policies."", ""If related to certificate management, escalate to the appropriate team for handling Let's Encrypt certificates.""]","[""The ticket is reassigned to the correct category and owner."", ""All unclear requests are clarified and addressed appropriately."", ""If escalated, the specialized team acknowledges receipt of the ticket.""]",auto_approved,RouterGym\results\analysis_outputs\gold_resolution_eval\gold_matched_production_outputs.jsonl
9596,slm_dominant__base_slm1__esc_llm2__mem_rag_bm25,slm_dominant,slm1,llm2,rag_bm25,caps temporary opened caps opened hi caps opened port regenerate let encrypt certificates opening rule please let stop running kind regards,Miscellaneous,Miscellaneous,Miscellaneous,This ticket has been reassigned to the correct team for resolution.,"[""Review ticket description and determine correct category/owner."", ""Update ticket category, priority, and routing group."", ""Add a brief note explaining the reassignment."", ""If pattern emerges (same form mis-routing), raise improvement request to service management."", ""Track reassignment metrics for reporting.""]","The ticket description indicates an issue with ticket routing, which falls under the category of Incorrect Assignment or Misrouted Tickets.",False,"{""needs_human"": false, ""needs_llm_escalation"": false, ""policy_gap"": false, ""reasons"": []}",,,True,True,True,1267,0.0006335000000000001,1631.1489059589803,0.6439890954123011,3,0,1,1,2,1,1,Low category alignment.; Escalation expected but not flagged.; Very short answer.,System C,Reassign misrouted ticket and address unclear requests,"[""Review the ticket description to determine the correct category and owner."", ""Update the ticket category, priority, and routing group based on the review."", ""Add a brief note explaining the reassignment to the ticket."", ""Clarify the request regarding 'caps temporary opened' and 'port regenerate let encrypt certificates'."", ""Determine if the request pertains to system access, certificate management, or another issue."", ""If related to system access, follow the resolution steps outlined in 'Access' policies."", ""If related to certificate management, escalate to the appropriate team for handling Let's Encrypt certificates.""]","[""The ticket is reassigned to the correct category and owner."", ""All unclear requests are clarified and addressed appropriately."", ""If escalated, the specialized team acknowledges receipt of the ticket.""]",auto_approved,RouterGym\results\analysis_outputs\gold_resolution_eval\gold_matched_production_outputs.jsonl
9596,slm_dominant__base_slm2__esc_llm2__mem_rag_bm25,slm_dominant,slm2,llm2,rag_bm25,caps temporary opened caps opened hi caps opened port regenerate let encrypt certificates opening rule please let stop running kind regards,Miscellaneous,Miscellaneous,Miscellaneous,"The ticket involves multiple unrelated requests that need separate handling. Open CAPS, regenerate certificates, and review rules are distinct tasks requiring specific actions and permissions.","[""Open CAPS temporarily as requested."", ""Regenerate Let's Encrypt certificates."", ""Review and update opening rules."", ""Document all changes and notify requester.""]",The ticket contains multiple unrelated requests that do not fit into a single category. Each request needs to be addressed separately based on its nature.,False,"{""needs_human"": false, ""needs_llm_escalation"": false, ""policy_gap"": false, ""reasons"": []}",,,True,True,True,1018,0.0007126,1299.4891910348088,0.545067257313946,3,0,1,1,1,1,1,Low category alignment.; Escalation expected but not flagged.,System E,Reassign misrouted ticket and address unclear requests,"[""Review the ticket description to determine the correct category and owner."", ""Update the ticket category, priority, and routing group based on the review."", ""Add a brief note explaining the reassignment to the ticket."", ""Clarify the request regarding 'caps temporary opened' and 'port regenerate let encrypt certificates'."", ""Determine if the request pertains to system access, certificate management, or another issue."", ""If related to system access, follow the resolution steps outlined in 'Access' policies."", ""If related to certificate management, escalate to the appropriate team for handling Let's Encrypt certificates.""]","[""The ticket is reassigned to the correct category and owner."", ""All unclear requests are clarified and addressed appropriately."", ""If escalated, the specialized team acknowledges receipt of the ticket.""]",auto_approved,RouterGym\results\analysis_outputs\gold_resolution_eval\gold_matched_production_outputs.jsonl
9596,slm_only__base_slm1__mem_rag_bm25,slm_only,slm1,,rag_bm25,caps temporary opened caps opened hi caps opened port regenerate let encrypt certificates opening rule please let stop running kind regards,Miscellaneous,Miscellaneous,Miscellaneous,This ticket has been reassigned to the correct team for resolution.,"[""Review ticket description and determine correct category/owner."", ""Update ticket category, priority, and routing group."", ""Add a brief note explaining the reassignment."", ""If pattern emerges (same form mis-routing), raise improvement request to service management."", ""Track reassignment metrics for reporting.""]","The ticket description indicates an issue with ticket routing, which falls under the category of Incorrect Assignment or Misrouted Tickets.",False,"{""needs_human"": false, ""needs_llm_escalation"": false, ""policy_gap"": false, ""reasons"": []}",,,True,True,True,1267,0.0006335000000000001,1577.8752430342138,0.6439890954123011,3,0,1,1,2,1,1,Low category alignment.; Escalation expected but not flagged.; Very short answer.,System A,Reassign misrouted ticket and address unclear requests,"[""Review the ticket description to determine the correct category and owner."", ""Update the ticket category, priority, and routing group based on the review."", ""Add a brief note explaining the reassignment to the ticket."", ""Clarify the request regarding 'caps temporary opened' and 'port regenerate let encrypt certificates'."", ""Determine if the request pertains to system access, certificate management, or another issue."", ""If related to system access, follow the resolution steps outlined in 'Access' policies."", ""If related to certificate management, escalate to the appropriate team for handling Let's Encrypt certificates.""]","[""The ticket is reassigned to the correct category and owner."", ""All unclear requests are clarified and addressed appropriately."", ""If escalated, the specialized team acknowledges receipt of the ticket.""]",auto_approved,RouterGym\results\analysis_outputs\gold_resolution_eval\gold_matched_production_outputs.jsonl
9596,slm_only__base_slm2__mem_rag_bm25,slm_only,slm2,,rag_bm25,caps temporary opened caps opened hi caps opened port regenerate let encrypt certificates opening rule please let stop running kind regards,Miscellaneous,Miscellaneous,Miscellaneous,"The ticket involves multiple unrelated requests that need separate handling. Open CAPS, regenerate certificates, and review rules are distinct tasks requiring specific actions and permissions.","[""Open CAPS temporarily as requested."", ""Regenerate Let's Encrypt certificates."", ""Review and update opening rules."", ""Document all changes and notify requester.""]",The ticket contains multiple unrelated requests that do not fit into a single category. Each request needs to be addressed separately based on its nature.,False,"{""needs_human"": false, ""needs_llm_escalation"": false, ""policy_gap"": false, ""reasons"": []}",,,True,True,True,1018,0.0007126,1276.0000561829656,0.545067257313946,3,0,1,1,1,1,1,Low category alignment.; Escalation expected but not flagged.,System F,Reassign misrouted ticket and address unclear requests,"[""Review the ticket description to determine the correct category and owner."", ""Update the ticket category, priority, and routing group based on the review."", ""Add a brief note explaining the reassignment to the ticket."", ""Clarify the request regarding 'caps temporary opened' and 'port regenerate let encrypt certificates'."", ""Determine if the request pertains to system access, certificate management, or another issue."", ""If related to system access, follow the resolution steps outlined in 'Access' policies."", ""If related to certificate management, escalate to the appropriate team for handling Let's Encrypt certificates.""]","[""The ticket is reassigned to the correct category and owner."", ""All unclear requests are clarified and addressed appropriately."", ""If escalated, the specialized team acknowledges receipt of the ticket.""]",auto_approved,RouterGym\results\analysis_outputs\gold_resolution_eval\gold_matched_production_outputs.jsonl
9885,llm_only__base_llm1__mem_rag_bm25,llm_only,llm1,,rag_bm25,access to mailbox mailbox hello please give mailbox backup while she her annual leave thank kind regards accountant,Storage,Storage,Storage,"To provide a mailbox backup for an employee on annual leave, follow these steps: 1. Confirm the mailbox exists and is active. 2. Check the current mailbox size and quota. 3. Use the backup and restore guidelines to create a backup. 4. Store the backup securely until the employee returns.","[""Confirm the mailbox exists and is active."", ""Check the current mailbox size and quota."", ""Use the backup and restore guidelines to create a backup."", ""Store the backup securely until the employee returns.""]","The request is for a mailbox backup during an employee's annual leave, which falls under storage and access management.",False,"{""needs_human"": false, ""needs_llm_escalation"": false, ""policy_gap"": false, ""reasons"": []}",,,True,True,True,1046,0.0062759999999999995,4611.592069966719,0.5835798332043988,7,2,2,1,1,2,1,Acceptable scoring across all dimensions.,System D,Provide mailbox backup and ensure accessibility for accountant during annual leave,"[""Confirm current mailbox size and assigned quota to assess backup needs."", ""Help the accountant to archive or delete large items, such as emails in the sent folder and old attachments, to free up space."", ""Configure retention and archive policies according to corporate standards to ensure compliance."", ""If necessary, request a temporary quota increase from the mail administrator, providing a business justification related to the accountant's annual leave."", ""Perform a mailbox backup following the company's backup and restore guidelines."", ""Notify the accountant about the backup process and confirm that the mailbox will function normally during her absence."", ""Set up an automated alert for mailbox size monitoring to prevent issues while she is on leave.""]","[""Mailbox size is within assigned quota after cleanup and potential quota adjustment."", ""Backup of the mailbox is successfully completed and verified."", ""The accountant can access her mailbox without issues upon return from annual leave.""]",auto_approved,RouterGym\results\analysis_outputs\gold_resolution_eval\gold_matched_production_outputs.jsonl
9885,llm_only__base_llm2__mem_rag_bm25,llm_only,llm2,,rag_bm25,access to mailbox mailbox hello please give mailbox backup while she her annual leave thank kind regards accountant,Storage,Storage,Storage,"To ensure the accountant's mailbox is backed up during her annual leave, we will initiate a manual backup process. This ensures all emails and data are preserved and accessible upon her return.","[""Initiate manual mailbox backup."", ""Verify backup completion and integrity."", ""Notify the accountant of successful backup.""]",The request pertains to ensuring data safety and continuity during an employee's absence. It aligns with backup and restore guidelines to prevent data loss.,False,"{""needs_human"": false, ""needs_llm_escalation"": false, ""policy_gap"": false, ""reasons"": []}",,,True,True,True,928,0.002784,2078.064128058031,0.5372519145203972,5,0,1,2,1,2,2,Low category alignment.,System B,Provide mailbox backup and ensure accessibility for accountant during annual leave,"[""Confirm current mailbox size and assigned quota to assess backup needs."", ""Help the accountant to archive or delete large items, such as emails in the sent folder and old attachments, to free up space."", ""Configure retention and archive policies according to corporate standards to ensure compliance."", ""If necessary, request a temporary quota increase from the mail administrator, providing a business justification related to the accountant's annual leave."", ""Perform a mailbox backup following the company's backup and restore guidelines."", ""Notify the accountant about the backup process and confirm that the mailbox will function normally during her absence."", ""Set up an automated alert for mailbox size monitoring to prevent issues while she is on leave.""]","[""Mailbox size is within assigned quota after cleanup and potential quota adjustment."", ""Backup of the mailbox is successfully completed and verified."", ""The accountant can access her mailbox without issues upon return from annual leave.""]",auto_approved,RouterGym\results\analysis_outputs\gold_resolution_eval\gold_matched_production_outputs.jsonl
9885,slm_dominant__base_slm1__esc_llm2__mem_rag_bm25,slm_dominant,slm1,llm2,rag_bm25,access to mailbox mailbox hello please give mailbox backup while she her annual leave thank kind regards accountant,Storage,Storage,Storage,We will arrange for a mailbox backup during the accountant's annual leave. Here are the steps to ensure a smooth process:,"[""Confirm the mailbox size and quota."", ""Arrange for a backup of the mailbox."", ""Inform the accountant about the backup process."", ""Complete the backup during the accountant's annual leave."", ""Confirm the successful completion of the backup.""]","The request pertains to mailbox management and backup, which falls under the category of Storage.",False,"{""needs_human"": false, ""needs_llm_escalation"": false, ""policy_gap"": false, ""reasons"": []}",,,True,True,True,1200,0.0006000000000000001,1740.843443898484,0.577654838120427,7,2,1,2,1,2,2,Acceptable scoring across all dimensions.,System C,Provide mailbox backup and ensure accessibility for accountant during annual leave,"[""Confirm current mailbox size and assigned quota to assess backup needs."", ""Help the accountant to archive or delete large items, such as emails in the sent folder and old attachments, to free up space."", ""Configure retention and archive policies according to corporate standards to ensure compliance."", ""If necessary, request a temporary quota increase from the mail administrator, providing a business justification related to the accountant's annual leave."", ""Perform a mailbox backup following the company's backup and restore guidelines."", ""Notify the accountant about the backup process and confirm that the mailbox will function normally during her absence."", ""Set up an automated alert for mailbox size monitoring to prevent issues while she is on leave.""]","[""Mailbox size is within assigned quota after cleanup and potential quota adjustment."", ""Backup of the mailbox is successfully completed and verified."", ""The accountant can access her mailbox without issues upon return from annual leave.""]",auto_approved,RouterGym\results\analysis_outputs\gold_resolution_eval\gold_matched_production_outputs.jsonl
9885,slm_dominant__base_slm2__esc_llm2__mem_rag_bm25,slm_dominant,slm2,llm2,rag_bm25,access to mailbox mailbox hello please give mailbox backup while she her annual leave thank kind regards accountant,Storage,Storage,Storage,Backup was created for the employee's mailbox during annual leave to ensure no data loss.,"[""Create backup of specified mailbox."", ""Notify accountant of successful backup."", ""Inform employee upon completion.""]","Request is for a mailbox backup during an employee's absence, which falls under storage and backup guidelines.",False,"{""needs_human"": false, ""needs_llm_escalation"": false, ""policy_gap"": false, ""reasons"": []}",,,True,True,True,894,0.0006257999999999999,1020.0729889329523,0.5228643417800395,7,2,1,2,1,2,2,Acceptable scoring across all dimensions.,System E,Provide mailbox backup and ensure accessibility for accountant during annual leave,"[""Confirm current mailbox size and assigned quota to assess backup needs."", ""Help the accountant to archive or delete large items, such as emails in the sent folder and old attachments, to free up space."", ""Configure retention and archive policies according to corporate standards to ensure compliance."", ""If necessary, request a temporary quota increase from the mail administrator, providing a business justification related to the accountant's annual leave."", ""Perform a mailbox backup following the company's backup and restore guidelines."", ""Notify the accountant about the backup process and confirm that the mailbox will function normally during her absence."", ""Set up an automated alert for mailbox size monitoring to prevent issues while she is on leave.""]","[""Mailbox size is within assigned quota after cleanup and potential quota adjustment."", ""Backup of the mailbox is successfully completed and verified."", ""The accountant can access her mailbox without issues upon return from annual leave.""]",auto_approved,RouterGym\results\analysis_outputs\gold_resolution_eval\gold_matched_production_outputs.jsonl
9885,slm_only__base_slm1__mem_rag_bm25,slm_only,slm1,,rag_bm25,access to mailbox mailbox hello please give mailbox backup while she her annual leave thank kind regards accountant,Storage,Storage,Storage,We will arrange for a mailbox backup during the accountant's annual leave. Here are the steps to ensure a smooth process:,"[""Confirm the mailbox size and quota."", ""Arrange for a backup of the mailbox."", ""Inform the accountant about the backup process."", ""Complete the backup during the accountant's annual leave."", ""Confirm the successful completion of the backup.""]","The request pertains to mailbox management and backup, which falls under the category of Storage.",False,"{""needs_human"": false, ""needs_llm_escalation"": false, ""policy_gap"": false, ""reasons"": []}",,,True,True,True,1200,0.0006000000000000001,1758.0983489751816,0.577654838120427,7,2,1,2,1,2,2,Acceptable scoring across all dimensions.,System A,Provide mailbox backup and ensure accessibility for accountant during annual leave,"[""Confirm current mailbox size and assigned quota to assess backup needs."", ""Help the accountant to archive or delete large items, such as emails in the sent folder and old attachments, to free up space."", ""Configure retention and archive policies according to corporate standards to ensure compliance."", ""If necessary, request a temporary quota increase from the mail administrator, providing a business justification related to the accountant's annual leave."", ""Perform a mailbox backup following the company's backup and restore guidelines."", ""Notify the accountant about the backup process and confirm that the mailbox will function normally during her absence."", ""Set up an automated alert for mailbox size monitoring to prevent issues while she is on leave.""]","[""Mailbox size is within assigned quota after cleanup and potential quota adjustment."", ""Backup of the mailbox is successfully completed and verified."", ""The accountant can access her mailbox without issues upon return from annual leave.""]",auto_approved,RouterGym\results\analysis_outputs\gold_resolution_eval\gold_matched_production_outputs.jsonl
9885,slm_only__base_slm2__mem_rag_bm25,slm_only,slm2,,rag_bm25,access to mailbox mailbox hello please give mailbox backup while she her annual leave thank kind regards accountant,Storage,Storage,Storage,Backup was created for the employee's mailbox during annual leave to ensure no data loss.,"[""Create backup of specified mailbox."", ""Notify accountant of successful backup."", ""Inform employee upon completion.""]","Request is for a mailbox backup during an employee's absence, which falls under storage and backup guidelines.",False,"{""needs_human"": false, ""needs_llm_escalation"": false, ""policy_gap"": false, ""reasons"": []}",,,True,True,True,894,0.0006257999999999999,1092.3822149634361,0.5228643417800395,7,2,1,2,1,2,2,Acceptable scoring across all dimensions.,System F,Provide mailbox backup and ensure accessibility for accountant during annual leave,"[""Confirm current mailbox size and assigned quota to assess backup needs."", ""Help the accountant to archive or delete large items, such as emails in the sent folder and old attachments, to free up space."", ""Configure retention and archive policies according to corporate standards to ensure compliance."", ""If necessary, request a temporary quota increase from the mail administrator, providing a business justification related to the accountant's annual leave."", ""Perform a mailbox backup following the company's backup and restore guidelines."", ""Notify the accountant about the backup process and confirm that the mailbox will function normally during her absence."", ""Set up an automated alert for mailbox size monitoring to prevent issues while she is on leave.""]","[""Mailbox size is within assigned quota after cleanup and potential quota adjustment."", ""Backup of the mailbox is successfully completed and verified."", ""The accountant can access her mailbox without issues upon return from annual leave.""]",auto_approved,RouterGym\results\analysis_outputs\gold_resolution_eval\gold_matched_production_outputs.jsonl
9976,llm_only__base_llm1__mem_rag_bm25,llm_only,llm1,,rag_bm25,de va visitor deactivate visitor deactivate visitor deactivate visitor deactivate visitor deactivate visitor deactivate visitor deactivate visitor deactivate visitor deactivate va visitor reactivate visitor returned activated visitor reactivate visitor returned activated,Access,Access,Access,Visitor access has been deactivated and reactivated multiple times. Ensure that the visitor's access is correctly managed according to the organization's policies.,"[""Verify the visitor's access status and ensure it aligns with current policies."", ""Document the reasons for repeated deactivation and reactivation."", ""Review and update access permissions as necessary."", ""Communicate with relevant stakeholders to confirm access requirements.""]","The ticket indicates repeated deactivation and reactivation of visitor access, suggesting a need for consistent management.",False,"{""needs_human"": false, ""needs_llm_escalation"": false, ""policy_gap"": false, ""reasons"": []}",,,True,True,True,874,0.0052439999999999995,4255.651096813381,0.6481872276574364,5,2,1,1,1,2,1,Acceptable scoring across all dimensions.,System D,Manage Visitor Access Deactivation and Reactivation,"[""Confirm the visitor's current status and access requirements with HR or the visitor's sponsoring department."", ""Deactivate the visitor's account and remove access to all company systems and applications following the Employee Offboarding IT Checklist."", ""Ensure any equipment provided to the visitor is returned and accounted for."", ""Schedule account reactivation based on the visitor's return date and updated access requirements."", ""Reactivate the visitor's account and restore access to required systems and applications as per the latest access profile."", ""Document all actions taken and confirm with HR or the sponsoring department.""]","[""Verify that the visitor's account is deactivated and all access is removed upon departure."", ""Confirm that the visitor's account is reactivated and access is correctly restored upon their return.""]",auto_approved,RouterGym\results\analysis_outputs\gold_resolution_eval\gold_matched_production_outputs.jsonl
9976,llm_only__base_llm2__mem_rag_bm25,llm_only,llm2,,rag_bm25,de va visitor deactivate visitor deactivate visitor deactivate visitor deactivate visitor deactivate visitor deactivate visitor deactivate visitor deactivate visitor deactivate va visitor reactivate visitor returned activated visitor reactivate visitor returned activated,Access,Access,Access,This ticket involves deactivating and reactivating several visitor accounts. Ensure all necessary steps are followed for proper account management.,"[""Confirm deactivation of specified visitor accounts."", ""Reactivate accounts for those marked as 'returned activated'."", ""Verify all changes in system."", ""Notify relevant parties of account statuses.""]","The ticket describes actions related to visitor account status changes, requiring verification and appropriate handling.",False,"{""needs_human"": false, ""needs_llm_escalation"": false, ""policy_gap"": false, ""reasons"": []}",,,True,True,True,789,0.0023669999999999997,1911.9215810205787,0.5648100230986497,4,0,1,1,1,2,1,Low category alignment.,System B,Manage Visitor Access Deactivation and Reactivation,"[""Confirm the visitor's current status and access requirements with HR or the visitor's sponsoring department."", ""Deactivate the visitor's account and remove access to all company systems and applications following the Employee Offboarding IT Checklist."", ""Ensure any equipment provided to the visitor is returned and accounted for."", ""Schedule account reactivation based on the visitor's return date and updated access requirements."", ""Reactivate the visitor's account and restore access to required systems and applications as per the latest access profile."", ""Document all actions taken and confirm with HR or the sponsoring department.""]","[""Verify that the visitor's account is deactivated and all access is removed upon departure."", ""Confirm that the visitor's account is reactivated and access is correctly restored upon their return.""]",auto_approved,RouterGym\results\analysis_outputs\gold_resolution_eval\gold_matched_production_outputs.jsonl
9976,slm_dominant__base_slm1__esc_llm2__mem_rag_bm25,slm_dominant,slm1,llm2,rag_bm25,de va visitor deactivate visitor deactivate visitor deactivate visitor deactivate visitor deactivate visitor deactivate visitor deactivate visitor deactivate visitor deactivate va visitor reactivate visitor returned activated visitor reactivate visitor returned activated,Access,Access,Access,"The visitor's access has been deactivated. To reactivate, please follow the necessary steps.","[""Confirm the visitor's details."", ""Deactivate the visitor's access."", ""Document the deactivation steps."", ""To reactivate, follow the same process in reverse.""]",The ticket pattern matches the standard process for deactivating and reactivating visitor access.,False,"{""needs_human"": false, ""needs_llm_escalation"": false, ""policy_gap"": false, ""reasons"": []}",,,True,True,True,1007,0.0005034999999999999,1569.6990140713751,0.6089137894353575,3,2,1,1,1,2,1,Very short answer.,System C,Manage Visitor Access Deactivation and Reactivation,"[""Confirm the visitor's current status and access requirements with HR or the visitor's sponsoring department."", ""Deactivate the visitor's account and remove access to all company systems and applications following the Employee Offboarding IT Checklist."", ""Ensure any equipment provided to the visitor is returned and accounted for."", ""Schedule account reactivation based on the visitor's return date and updated access requirements."", ""Reactivate the visitor's account and restore access to required systems and applications as per the latest access profile."", ""Document all actions taken and confirm with HR or the sponsoring department.""]","[""Verify that the visitor's account is deactivated and all access is removed upon departure."", ""Confirm that the visitor's account is reactivated and access is correctly restored upon their return.""]",auto_approved,RouterGym\results\analysis_outputs\gold_resolution_eval\gold_matched_production_outputs.jsonl
9976,slm_dominant__base_slm2__esc_llm2__mem_rag_bm25,slm_dominant,slm2,llm2,rag_bm25,de va visitor deactivate visitor deactivate visitor deactivate visitor deactivate visitor deactivate visitor deactivate visitor deactivate visitor deactivate visitor deactivate va visitor reactivate visitor returned activated visitor reactivate visitor returned activated,Access,Access,HR Support,"Employee is leaving and will return, requiring access disable and reactivation.","[""Confirm last working day and offboarding type."", ""Disable access and schedule laptop return."", ""Reactivate access when employee returns."", ""Document all steps and confirm with HR.""]",Request involves disabling access for an employee leaving and reactivating it upon return.,False,"{""needs_human"": false, ""needs_llm_escalation"": false, ""policy_gap"": false, ""reasons"": []}",,,True,True,True,776,0.0005432,1070.235941791907,0.6037563221129761,3,2,1,1,1,2,1,Very short answer.,System E,Manage Visitor Access Deactivation and Reactivation,"[""Confirm the visitor's current status and access requirements with HR or the visitor's sponsoring department."", ""Deactivate the visitor's account and remove access to all company systems and applications following the Employee Offboarding IT Checklist."", ""Ensure any equipment provided to the visitor is returned and accounted for."", ""Schedule account reactivation based on the visitor's return date and updated access requirements."", ""Reactivate the visitor's account and restore access to required systems and applications as per the latest access profile."", ""Document all actions taken and confirm with HR or the sponsoring department.""]","[""Verify that the visitor's account is deactivated and all access is removed upon departure."", ""Confirm that the visitor's account is reactivated and access is correctly restored upon their return.""]",auto_approved,RouterGym\results\analysis_outputs\gold_resolution_eval\gold_matched_production_outputs.jsonl
9976,slm_only__base_slm1__mem_rag_bm25,slm_only,slm1,,rag_bm25,de va visitor deactivate visitor deactivate visitor deactivate visitor deactivate visitor deactivate visitor deactivate visitor deactivate visitor deactivate visitor deactivate va visitor reactivate visitor returned activated visitor reactivate visitor returned activated,Access,Access,Access,"The visitor's access has been deactivated. To reactivate, please follow the necessary steps.","[""Confirm the visitor's details."", ""Deactivate the visitor's access."", ""Document the deactivation steps."", ""To reactivate, follow the same process in reverse.""]",The ticket pattern matches the standard process for deactivating and reactivating visitor access.,False,"{""needs_human"": false, ""needs_llm_escalation"": false, ""policy_gap"": false, ""reasons"": []}",,,True,True,True,1007,0.0005034999999999999,1570.5213600303978,0.6089137894353575,3,2,1,1,1,2,1,Very short answer.,System A,Manage Visitor Access Deactivation and Reactivation,"[""Confirm the visitor's current status and access requirements with HR or the visitor's sponsoring department."", ""Deactivate the visitor's account and remove access to all company systems and applications following the Employee Offboarding IT Checklist."", ""Ensure any equipment provided to the visitor is returned and accounted for."", ""Schedule account reactivation based on the visitor's return date and updated access requirements."", ""Reactivate the visitor's account and restore access to required systems and applications as per the latest access profile."", ""Document all actions taken and confirm with HR or the sponsoring department.""]","[""Verify that the visitor's account is deactivated and all access is removed upon departure."", ""Confirm that the visitor's account is reactivated and access is correctly restored upon their return.""]",auto_approved,RouterGym\results\analysis_outputs\gold_resolution_eval\gold_matched_production_outputs.jsonl
9976,slm_only__base_slm2__mem_rag_bm25,slm_only,slm2,,rag_bm25,de va visitor deactivate visitor deactivate visitor deactivate visitor deactivate visitor deactivate visitor deactivate visitor deactivate visitor deactivate visitor deactivate va visitor reactivate visitor returned activated visitor reactivate visitor returned activated,Access,Access,HR Support,"Employee is leaving and will return, requiring access disable and reactivation.","[""Confirm last working day and offboarding type."", ""Disable access and schedule laptop return."", ""Reactivate access when employee returns."", ""Document all steps and confirm with HR.""]",Request involves disabling access for an employee leaving and reactivating it upon return.,False,"{""needs_human"": false, ""needs_llm_escalation"": false, ""policy_gap"": false, ""reasons"": []}",,,True,True,True,776,0.0005432,1140.3046720661223,0.6037563221129761,3,2,1,1,1,2,1,Very short answer.,System F,Manage Visitor Access Deactivation and Reactivation,"[""Confirm the visitor's current status and access requirements with HR or the visitor's sponsoring department."", ""Deactivate the visitor's account and remove access to all company systems and applications following the Employee Offboarding IT Checklist."", ""Ensure any equipment provided to the visitor is returned and accounted for."", ""Schedule account reactivation based on the visitor's return date and updated access requirements."", ""Reactivate the visitor's account and restore access to required systems and applications as per the latest access profile."", ""Document all actions taken and confirm with HR or the sponsoring department.""]","[""Verify that the visitor's account is deactivated and all access is removed upon departure."", ""Confirm that the visitor's account is reactivated and access is correctly restored upon their return.""]",auto_approved,RouterGym\results\analysis_outputs\gold_resolution_eval\gold_matched_production_outputs.jsonl
