audit_id,anonymous_system_id,ticket_id,ticket_text,gold_label,gold_resolution_summary,gold_resolution_steps,gold_acceptance_criteria,generated_final_answer,generated_resolution_steps,generated_reasoning,generated_escalation_flags,category_understanding_manual,answer_actionable_manual,answer_complete_manual,resolution_steps_correct_manual,escalation_appropriate_manual,policy_grounded_manual,overall_manual_quality,reviewer_notes
AUDIT-0001,System D,5435,new project code oracle fusion code setup hello appreciate create attached code today because create thank officer,Internal Project,Setup Oracle Fusion code for new internal project,"[""Create a new project code in Oracle Fusion for the internal project"", ""Ensure the correct cost centre and GL code are selected for the project"", ""Guide the requester through the procurement system access setup"", ""Verify that the requester can access the procurement system"", ""Check the PO status to ensure it progresses from draft to approved"", ""Resolve any validation errors and resubmit the PO if necessary"", ""Confirm PO approval and share the PO number with the requester""]","[""The project code is created successfully in Oracle Fusion"", ""The PO is approved and the PO number is shared with the requester""]","To create a new project code for Oracle Fusion, follow these steps: Log in to Oracle Fusion, navigate to the project management module, and create a new project. Enter the required details and save. Attach the code by uploading it to the project documents section.","[""Log in to Oracle Fusion and navigate to the project management module."", ""Create a new project and enter the required details."", ""Save the project and note the project code."", ""Upload the attached code to the project documents section."", ""Verify the code is correctly attached and accessible.""]",The request is for setting up a new project code in Oracle Fusion and attaching the code. This involves creating a project and uploading the necessary code.,"{""needs_human"": false, ""needs_llm_escalation"": false, ""policy_gap"": false, ""reasons"": []}",,,,,,,,
AUDIT-0002,System E,2530,re update re update hello please same he left today thank,Hardware,Network Connectivity Troubleshooting,"[""Check if other users or devices on the same network segment are affected."", ""Confirm Wi-Fi is enabled or network cable is properly seated and undamaged."", ""Run basic tests: `ipconfig`/`ping` (or equivalents), check for valid IP and gateway."", ""Forget and re-add Wi-Fi network or disable/enable network adapter."", ""Verify VPN client status and split-tunnel policies; reconnect if required."", ""Update network adapter drivers and restart the device."", ""If only this device fails on a known-good network, assign for onsite diagnosis.""]","[""Network connectivity is restored and stable"", ""User can access the internet or office Wi-Fi without interruptions""]",Hardware access needs to be updated for the departed employee.,"[""Review hardware inventory for departed employee."", ""Revoke all hardware access related to the employee."", ""Update documentation and systems accordingly.""]","The request involves updating hardware access for an employee who has left, which falls under hardware management.","{""needs_human"": false, ""needs_llm_escalation"": false, ""policy_gap"": false, ""reasons"": []}",,,,,,,,
AUDIT-0003,System B,5797,leaver milos panic leave date october location belgrade leaver form panic leave date october location hello leaver form has filled by name panic leaving date october location ad forwarder leaver mailbox did leaver roaming profile did leaver ad rights personal mailbox approver did leaver rights inventory storage required information name work location details floor seat did leaver did leaver token did leaver mobile phone subscription did leaver other commercial accounts leaver has detected changed automatic by approver backup pm purchase coordinator approver approver approver approver discipline responsible other did leaver did leaver did leaver did leaver did leaver number did leaver extension leaving details unplanned comments needed tickets automatically logged best regards note mailbox receive messages,HR Support,Employee Offboarding IT Checklist for Milos Panic,"[""1. Confirm Milos Panic's last working day and offboarding type (resignation, end of contract, termination)."", ""2. Schedule account disablement aligned with HR and legal requirements, ensuring immediate access removal if necessary."", ""3. Arrange for the return of Milos Panic's laptop and other company equipment, updating the asset inventory accordingly."", ""4. Configure mailbox forwarding or delegate access to Milos Panic's mailbox as directed by HR."", ""5. Remove Milos Panic's access to all HR systems, shared drives, and applications."", ""6. Archive Milos Panic's user data (email, OneDrive, project folders) following the organization's retention policy."", ""7. Document all completion steps and confirm with HR that the process is complete."", ""8. Verify that all access requests for Milos Panic have been modified or removed as appropriate.""]","[""Verify that Milos Panic's account is disabled and all access is removed."", ""Confirm that Milos Panic's laptop and other equipment are returned and the asset inventory is updated."", ""Ensure that all access requests for Milos Panic have been appropriately modified or removed.""]","Milos Panic's offboarding involves disabling access, forwarding mail, updating inventory, and archiving data. Ensure all steps align with HR and legal requirements.","[""Confirm Milos' last working day and offboarding type."", ""Disable access to systems and applications."", ""Forward Milos' email and update asset inventory."", ""Archive user data according to retention policy."", ""Document completion and confirm with HR.""]","This ticket pertains to an employee leaving the organization, requiring standard offboarding procedures including access management and data handling.","{""needs_human"": false, ""needs_llm_escalation"": false, ""policy_gap"": false, ""reasons"": []}",,,,,,,,
AUDIT-0004,System F,3487,new purchase po purchase po dear purchased by converter pin key key please log allocation after receive item please take consideration mandatory receipts section order receive item ordered how video link kind regards administrator,Purchase,"New Purchase PO: Allocation, Receipt, and Tracking","[""Verify that the requester has access to the procurement system and can initiate a purchase order."", ""Check the status of the purchase order (PO) to ensure it is not stuck in a pending state."", ""Ensure that the correct cost centre, GL code, and vendor are selected before proceeding."", ""Guide the user through fixing any validation errors and resubmitting the PO."", ""Confirm PO approval and share the PO number with the requester."", ""Upon receiving the item, log the allocation in the procurement system and consider mandatory receipts as per the order."", ""Track the status of the hardware order using the PO or order number to confirm delivery.""]","[""The PO is approved, and the item is correctly allocated in the procurement system."", ""The item is received, and its delivery is confirmed with appropriate tracking details.""]",This ticket involves logging PO allocation post-receipt of an item. The PO process requires verification of correct entries and timely allocation once items are received.,"[""Verify PO status is correct."", ""Check for any validation errors."", ""Log allocation in procurement system."", ""Confirm receipt with supplier.""]","The request pertains to the purchase order workflow, specifically the step of allocating a PO after receiving an item.","{""needs_human"": false, ""needs_llm_escalation"": false, ""policy_gap"": false, ""reasons"": []}",,,,,,,,
AUDIT-0005,System F,6826,remove assets from assets hello please make assets please thank application engineer ext,Administrative rights,Remove corporate assets from inventory,"[""1. Verify the requester's identity and authority to request asset removal."", ""2. Identify the specific assets to be removed by checking asset tags and serial numbers."", ""3. Update the asset database to reflect the removal, including marking assets as decommissioned."", ""4. Ensure that all relevant information such as warranty status and disposal details are recorded."", ""5. Confirm with the requester that the assets have been successfully removed from the system."", ""6. If necessary, provide documentation or confirmation of the asset removal for audit purposes.""]","[""Assets are accurately removed from the inventory system"", ""Requester receives confirmation of asset removal"", ""Documentation is provided for audit compliance if required""]","The request involves managing corporate assets, which falls within IT's scope but requires clarification on specific details.","[""Verify asset details and approvals."", ""Check for existing assets."", ""Remove old assets."", ""Create new assets."", ""Confirm asset status.""]","The request mentions removing and creating assets, indicating it pertains to corporate resources managed by IT.","{""needs_human"": false, ""needs_llm_escalation"": false, ""policy_gap"": false, ""reasons"": []}",,,,,,,,
AUDIT-0006,System E,5071,re your password expire days re expire days hello user change via procedure mentioned help by indicating steps follow order done thank regards october wrote dear expire days change pc press ctrl alt delete choose change thanks ext information confidential legally privileged intended solely addressee opinions expressed mine necessarily represent opinions susceptible interference intended recipient disclosure copying action taken omitted taken reliance strictly prohibited unlawful received error attachments please notify delete accepts responsibility information errors omissions misuse act committed omitted communication doubt please verify authenticity contents please rely own virus checkers responsibility taken by damage rising out virus infection registered under number whose registered old broad street kingdom provide clients each subsidiaries separate entity has liability entity acts omissions kind regards,Access,Password Expiration and Change Procedure,"[""Verify the user's identity and confirm the account requiring password change."", ""Guide the user through the password reset procedure as outlined in the 'Password Reset Procedure' article."", ""Ensure the user updates saved credentials on all devices and restarts any active sessions."", ""Monitor the account for any re-lock or suspicious activity within 24 hours."", ""Advise the user to change their password immediately if there is suspicion of unauthorized access."", ""Confirm with the user that they have successfully changed their password and can access their account."", ""Document the resolution steps and outcome in the ticket for future reference.""]","[""The user confirms that the password has been successfully changed."", ""The user reports no further issues accessing their account within 24 hours post-change.""]","To change your password due to expiration, follow these steps: Press Ctrl+Alt+Delete, select 'Change a password', enter your current password, then input and confirm your new password. Ensure it meets company policy requirements.","[""Press Ctrl+Alt+Delete."", ""Select 'Change a password' option."", ""Enter current password."", ""Input new password twice."", ""Ensure new password complies with company policy.""]",The ticket indicates a need for password change due to expiration. The provided KB reference mentions a standard procedure for changing passwords on a PC.,"{""needs_human"": false, ""needs_llm_escalation"": true, ""policy_gap"": false, ""reasons"": [""long_ticket""]}",,,,,,,,
AUDIT-0007,System D,6195,wants to share word short document template no numbering with wants share word short document template numbering want share word short document template numbering accept decline requests,Storage,Share Word short document template with/without numbering and manage requests,"[""Confirm that Microsoft Word is functioning correctly and there are no known issues impacting template sharing."", ""Provide detailed instructions on how to save and share a Word document template with or without numbering."", ""Guide the user on how to enable or disable numbering in Word templates before sharing."", ""Explain the process for accepting or declining requests for the shared template within the organization's collaboration platform."", ""Propose updates to the FAQ or quick-reference guides if similar inquiries recur frequently."", ""Encourage the use of training resources or webinars for advanced features of Word template management."", ""Monitor feedback and adjust guidance based on user experience and common issues encountered.""]","[""The user is able to create and share a Word short document template with the desired numbering format."", ""The user can effectively manage incoming requests for the shared template, including accepting and declining them according to policy.""]","To share a Word document template with or without numbering, use the 'Save As' feature to create different versions. For managing sharing requests, use the 'Share' button and set permissions accordingly. Users can accept or decline requests through the sharing notifications they receive.","[""Create two versions of the document: one with numbering and one without, using 'Save As'."", ""Use the 'Share' button in Word to share the document with specific users."", ""Set permissions to 'View Only' or 'Edit' as needed."", ""Users can accept or decline sharing requests via email notifications."", ""For recurring issues, update FAQ or quick-reference guides.""]","The request involves sharing documents and managing sharing permissions, which falls under document management and collaboration tools.","{""needs_human"": false, ""needs_llm_escalation"": false, ""policy_gap"": false, ""reasons"": []}",,,,,,,,
AUDIT-0008,System B,3155,please access to confluence for please confluence dear please confluence thank best regards agile safe agile methodology next annual leave november,Access,Grant access to Confluence,"[""Verify the identity of the requester and obtain approval from their manager or the system owner."", ""Determine the specific Confluence space(s) or group(s) required and the appropriate role level."", ""Review current access levels to prevent granting duplicate permissions."", ""Execute the access change through the IAM tool, AD group management, or the Confluence admin console."", ""Instruct the user to sign out and sign back in to update their session permissions."", ""Test the access by performing key actions within Confluence; document the groups and roles applied in the ticket.""]","[""The user demonstrates successful login and navigation within the specified Confluence spaces."", ""The assigned role level and permissions match the requirements for the user's role within the organization.""]","To grant access to Confluence, we need to verify your identity and confirm the required access level. We will then apply the necessary changes through our IAM tool and ensure the permissions are correctly set.","[""Verify requester's identity and approval."", ""Identify required Confluence access level."", ""Check for existing access to avoid duplication."", ""Apply access changes via IAM tool."", ""Confirm access works for key actions.""]","The request clearly indicates a need for Confluence access related to agile methodologies, aligning with typical access requests.","{""needs_human"": false, ""needs_llm_escalation"": false, ""policy_gap"": false, ""reasons"": []}",,,,,,,,
AUDIT-0009,System A,3487,new purchase po purchase po dear purchased by converter pin key key please log allocation after receive item please take consideration mandatory receipts section order receive item ordered how video link kind regards administrator,Purchase,"New Purchase PO: Allocation, Receipt, and Tracking","[""Verify that the requester has access to the procurement system and can initiate a purchase order."", ""Check the status of the purchase order (PO) to ensure it is not stuck in a pending state."", ""Ensure that the correct cost centre, GL code, and vendor are selected before proceeding."", ""Guide the user through fixing any validation errors and resubmitting the PO."", ""Confirm PO approval and share the PO number with the requester."", ""Upon receiving the item, log the allocation in the procurement system and consider mandatory receipts as per the order."", ""Track the status of the hardware order using the PO or order number to confirm delivery.""]","[""The PO is approved, and the item is correctly allocated in the procurement system."", ""The item is received, and its delivery is confirmed with appropriate tracking details.""]","After receiving the items, please log the allocation. Here's how: 1. Navigate to the procurement system. 2. Find the relevant purchase order. 3. Update the status to 'Received'. 4. Allocate the items to the appropriate inventory. 5. Save the changes.","[""Navigate to procurement system"", ""Find relevant PO"", ""Update status to 'Received'"", ""Allocate items to inventory"", ""Save changes""]","The request is related to the Purchase Order Workflow and Tracking Orders and Deliveries, specifically the log allocation step after receiving items.","{""needs_human"": false, ""needs_llm_escalation"": false, ""policy_gap"": false, ""reasons"": []}",,,,,,,,
AUDIT-0010,System A,3889,forwarding configured for para forwarding configured hi help disable forwarding configured thanks accountant ext mob,HR Support,Disable mailbox forwarding for accountant's email,"[""1. Confirm last working day and offboarding type (resignation, end of contract, termination)."", ""2. Schedule account disablement aligned with HR and legal requirements."", ""3. Remove access to HR systems, shared drives, and applications."", ""4. Disable mailbox forwarding for the accountant's email."", ""5. Verify that mailbox forwarding has been successfully disabled."", ""6. Notify HR of completed mailbox forwarding disablement.""]","[""Mailbox forwarding is disabled for the accountant's email."", ""The accountant's access to HR systems, shared drives, and applications is removed."", ""HR is notified of the completion of mailbox forwarding disablement.""]","To process the employee's offboarding, follow these steps: Confirm the last working day, schedule account disablement, arrange equipment return, configure mailbox forwarding or delegate access, and remove access to HR systems, shared drives, and applications.","[""Confirm last working day and offboarding type"", ""Schedule account disablement"", ""Arrange laptop/equipment return"", ""Configure mailbox forwarding or delegate access"", ""Remove access to HR systems, shared drives, and applications""]","The ticket matches the pattern of an employee leaving the organization, as it involves disabling access and mail forwarding. The resolution steps are based on the Employee Offboarding IT Checklist.","{""needs_human"": false, ""needs_llm_escalation"": false, ""policy_gap"": false, ""reasons"": []}",,,,,,,,
AUDIT-0011,System C,8923,reception new delivery hello received items headset keyboards cables meter cables meters dp adapters adapters adapters patch meter patch meters po po hub po please advise please log thank engineer,Purchase,"Reception of new delivery items, including headsets, keyboards, cables, meters, and adapters, and request for PO and hub.","[""Verify requester has access to procurement system."", ""Check PO status (draft, awaiting approval, approved, closed)."", ""Ensure correct cost centre, GL code, and vendor are selected."", ""Guide user through fixing validation errors and resubmitting if necessary."", ""Look up PO or order number and current status."", ""Retrieve courier tracking information if available."", ""Confirm shipping address and contact information with user."", ""Update ticket with ETA and delivery confirmation.""]","[""PO status is updated and reflected in the procurement system."", ""Courier tracking information is provided to the user."", ""All received items are accounted for and matched against the PO.""]","Please track the delivery and log the details. If there are any issues, escalate as needed.","[""Look up PO or order number and current status."", ""Retrieve courier tracking information if available."", ""Confirm shipping address and contact information with user."", ""Update ticket with ETA and delivery confirmation."", ""Escalate delayed shipments to vendor or logistics team if necessary.""]","The ticket mentions a new delivery of IT items, which requires tracking and logging. If there are any issues, they should be escalated.","{""needs_human"": false, ""needs_llm_escalation"": false, ""policy_gap"": false, ""reasons"": []}",,,,,,,,
AUDIT-0012,System B,2530,re update re update hello please same he left today thank,Hardware,Network Connectivity Troubleshooting,"[""Check if other users or devices on the same network segment are affected."", ""Confirm Wi-Fi is enabled or network cable is properly seated and undamaged."", ""Run basic tests: `ipconfig`/`ping` (or equivalents), check for valid IP and gateway."", ""Forget and re-add Wi-Fi network or disable/enable network adapter."", ""Verify VPN client status and split-tunnel policies; reconnect if required."", ""Update network adapter drivers and restart the device."", ""If only this device fails on a known-good network, assign for onsite diagnosis.""]","[""Network connectivity is restored and stable"", ""User can access the internet or office Wi-Fi without interruptions""]",It seems like you're requesting an update due to someone leaving today. Could you provide more details about what needs updating or the context of this request?,"[""Check if other users have similar issues."", ""Confirm network cable is plugged in correctly."", ""Run basic network tests using ipconfig/ping."", ""Forget and re-add Wi-Fi network if necessary."", ""Update network adapter drivers and restart device.""]","The ticket mentions 're update' and 'he left today', which could imply a need for status update or information change. However, without specific context, it's unclear if this pertains to hardware or another category.","{""needs_human"": false, ""needs_llm_escalation"": false, ""policy_gap"": false, ""reasons"": []}",,,,,,,,
AUDIT-0013,System D,5030,leaver for october tower leaver form intern hello please informed today he intern he has received job offer his accounts canceled thank specialist,HR Support,Offboard October Tower intern upon receiving external job offer,"[""Verify the intern's last working day and confirm the offboarding process is due to an external job offer"", ""Schedule account disablement for the intern's systems access in alignment with HR and legal requirements"", ""Arrange for the return of company equipment and update the asset inventory"", ""Configure mailbox forwarding or delegate access as directed by HR"", ""Remove the intern's access to HR systems, shared drives, and applications"", ""Archive the intern's user data (email, OneDrive, project folders) in accordance with the data retention policy"", ""Notify HR of completed offboarding steps and confirm the intern's accounts have been deactivated""]","[""All company-owned equipment has been returned and accounted for in the asset inventory"", ""Access to HR systems, shared drives, and applications has been removed"", ""User data has been securely archived according to the data retention policy""]","To process the intern's departure, confirm the last working day with HR, disable all accounts, and arrange for equipment return. Ensure mailbox forwarding is set up as per HR instructions.","[""Confirm the intern's last working day with HR."", ""Disable all accounts and remove access to systems."", ""Arrange for the return of any company equipment."", ""Set up mailbox forwarding as per HR instructions.""]","The request involves an intern leaving the company, which requires standard offboarding procedures including account disablement and equipment return.","{""needs_human"": false, ""needs_llm_escalation"": false, ""policy_gap"": false, ""reasons"": []}",,,,,,,,
AUDIT-0014,System B,4005,new delivery hello received items intend intel po po po please advise please log thank engineer,Purchase,Tracking delivery of purchased Intel items and resolving delivery issues,"[""Verify requester has access to procurement system and confirm PO number"", ""Look up PO or order number and check current status"", ""Retrieve courier tracking information if available and provide it to the requester"", ""Confirm shipping address and contact information with user"", ""Guide user through any necessary actions to resolve delivery issues"", ""Escalate delayed shipments or delivery failures to vendor or logistics team"", ""Update ticket with ETA and delivery confirmation""]","[""PO status is updated with delivery information and confirmed by the requester"", ""User confirms receipt of all purchased Intel items""]","To assist with your request, I will first verify the PO status and provide you with the necessary tracking details. If the items have been received, we can confirm this and ensure all documentation is logged correctly.","[""Verify PO status in procurement system."", ""Retrieve courier tracking information."", ""Confirm shipping address and contact info."", ""Escalate to vendor/logistics for delays."", ""Update ticket with delivery confirmation.""]","The ticket indicates receipt of new Intel items and requests PO number and tracking details, aligning with typical purchase order and delivery tracking scenarios.","{""needs_human"": false, ""needs_llm_escalation"": false, ""policy_gap"": false, ""reasons"": []}",,,,,,,,
AUDIT-0015,System E,7503,provide access to and while on assets provide while hello please provide colleagues while connected both working number while since both collaborators client side provided by his employer please find attached also strange received connect thank consultant mobile,Hardware,Grant secure access to hardware assets and ensure data compliance,"[""Confirm the specific hardware assets and data access required by the colleagues."", ""Classify the requested data as public, internal, confidential, or personal."", ""Choose appropriate access methods ensuring data security and privacy rules are followed."", ""Apply access controls via roles or views and document approvals."", ""Review access permissions regularly and adjust as necessary."", ""Ensure all collaborators have the correct working numbers and contact details for connectivity."", ""Document the access setup and any additional information in the ticket""]","[""Colleagues have been granted secure access to the required hardware and data."", ""All connectivity issues have been resolved and confirmed by the requesting party.""]",Access requests need to be processed based on project needs and security policies. Ensure data is classified and access is granted through appropriate methods.,"[""Confirm data owner and purpose."", ""Classify requested data (public, internal, confidential)."", ""Choose access method (read-only, masked data)."", ""Apply access via roles or views.""]","The request involves accessing colleagues' information, which requires adherence to data access and security policies.","{""needs_human"": false, ""needs_llm_escalation"": false, ""policy_gap"": false, ""reasons"": []}",,,,,,,,
AUDIT-0016,System C,7239,template test newsletter new design template test design hello possible give view published yet him articles everyone communication employer specialist template test design afb ca ad ad abc bb ad ca bb cd bb cd,Hardware,Newsletter template design issue,"[""Confirm the exact template being used for the newsletter."", ""Reproduce the issue using a test account to verify the problem."", ""Review user permissions for accessing and editing templates."", ""Clear browser cache or test in an alternate browser if web-based."", ""Log any errors encountered and coordinate with the application owner for fixes."", ""Apply standard corporate template policies or guidelines."", ""Send a test newsletter to a controlled group to confirm template appearance.""]","[""Verify that the template design issue is resolved across all platforms."", ""Confirm that the newsletter is published successfully and appears correctly to all recipients.""]",The issue might be related to the newsletter template design. Try the following steps: 1. Confirm the exact template and design. 2. Test the template using a test account. 3. Check user permissions for the template. 4. Clear browser cache or test in alternate browser. 5. Log any errors and coordinate with the application owner for fixes.,"[""Confirm the exact template and design"", ""Test the template using a test account"", ""Check user permissions for the template"", ""Clear browser cache or test in alternate browser"", ""Log any errors and coordinate with the application owner for fixes""]","The ticket mentions a new design template for a newsletter, which suggests a potential issue with the template design. The steps provided are common troubleshooting steps for such issues.","{""needs_human"": false, ""needs_llm_escalation"": false, ""policy_gap"": false, ""reasons"": []}",,,,,,,,
AUDIT-0017,System D,5207,view view dear please provide view thanks regards,HR Support,HR Support: Unable to view leave request,"[""Verify that the user has active HR portal access and can log in without issues."", ""Instruct the user to refresh the page and clear browser cache if necessary."", ""Guide the user through navigating to the leave request section within the HR portal."", ""Check if the issue persists across different browsers or devices."", ""If the problem continues, request a screenshot of the error message or blank screen encountered."", ""Consult with IT support to investigate potential system-wide issues affecting leave request visibility."", ""Advise the user on alternative methods to check their leave balance and history, such as contacting their HR representative directly.""]","[""User can access and view their leave request details without errors."", ""IT support confirms that there are no known system issues affecting leave request visibility.""]","To view information in the HR portal, log in with your credentials and navigate to the relevant section. If you encounter issues, verify your access and contact HR support for further assistance.","[""Log in to the HR portal with your credentials."", ""Navigate to the section you need to view."", ""Verify your access permissions if you encounter issues."", ""Contact HR support if the problem persists.""]","The user's request is vague but likely related to accessing information in the HR portal. The KB references suggest common issues with leave requests and access, but the user did not specify a problem.","{""needs_human"": false, ""needs_llm_escalation"": false, ""policy_gap"": false, ""reasons"": []}",,,,,,,,
AUDIT-0018,System E,3380,lazar wants to access shopping list it wants shopping please provide accept decline requests,Storage,Access request for shopping list,"[""Verify lazars identity and confirm approval from manager or system owner"", ""Determine if the shopping list is part of a corporate system or a personal request"", ""If corporate, identify the exact system or application where the shopping list is located"", ""Check for existing access to the shopping list to avoid granting duplicate permissions"", ""Grant access via IAM tool, AD group, or application admin console if the request is within scope"", ""Instruct lazars to log off and back in to refresh permissions"", ""Test access with lazars to ensure they can view and edit the shopping list""]","[""Lazar has confirmed access to the shopping list"", ""Lazar can perform all necessary actions on the shopping list without encountering any issues""]","Lazar's request is for a shopping list, not related to administrative rights or unsupported issues.","[""Identify if the shopping list is a corporate asset."", ""Provide guidance for accessing the list through the appropriate channel."", ""Record the request for future reference.""]","The request does not pertain to administrative rights or unsupported issues, but rather a general service request.","{""needs_human"": false, ""needs_llm_escalation"": false, ""policy_gap"": false, ""reasons"": []}",,,,,,,,
AUDIT-0019,System A,3380,lazar wants to access shopping list it wants shopping please provide accept decline requests,Storage,Access request for shopping list,"[""Verify lazars identity and confirm approval from manager or system owner"", ""Determine if the shopping list is part of a corporate system or a personal request"", ""If corporate, identify the exact system or application where the shopping list is located"", ""Check for existing access to the shopping list to avoid granting duplicate permissions"", ""Grant access via IAM tool, AD group, or application admin console if the request is within scope"", ""Instruct lazars to log off and back in to refresh permissions"", ""Test access with lazars to ensure they can view and edit the shopping list""]","[""Lazar has confirmed access to the shopping list"", ""Lazar can perform all necessary actions on the shopping list without encountering any issues""]","I'm sorry for any confusion, but our system does not provide shopping list access or shopping services. You can create a shopping list on your own and use it for your shopping needs.","[""Explain the support boundaries for personal shopping."", ""Provide guidance for creating and managing a personal shopping list.""]",The request is outside the scope of our IT services as it pertains to personal shopping rather than administrative access or system-related tasks.,"{""needs_human"": false, ""needs_llm_escalation"": false, ""policy_gap"": false, ""reasons"": []}",,,,,,,,
AUDIT-0020,System F,6184,leadership outlook dear please add thanks interim,Administrative rights,Grant Interim Leadership Access to Outlook,"[""1. Verify the requester's identity and obtain approval from a manager or system owner."", ""2. Confirm the mailbox exists and is licensed/active for the interim leader."", ""3. Ensure the user has the correct mailbox permissions, including access to shared mailboxes if applicable."", ""4. Configure the email profile using standard auto-discovery settings for Outlook."", ""5. For mobile access, confirm the use of an approved mail client and compliance with security policies (MDM, device encryption)."", ""6. Sync mail and confirm that sending and receiving emails works as expected."", ""7. Ask the user to log off and back in to refresh permissions.""]","[""The interim leader can access Outlook without issues."", ""The user can send and receive emails successfully with the appropriate permissions.""]",Interim thanks added to leadership outlook email.,"[""Locate email draft."", ""Insert 'interim thanks' text."", ""Save and send email.""]","Request is for a simple text addition, no complex resolution steps needed.","{""needs_human"": false, ""needs_llm_escalation"": false, ""policy_gap"": false, ""reasons"": []}",,,,,,,,
AUDIT-0021,System B,3889,forwarding configured for para forwarding configured hi help disable forwarding configured thanks accountant ext mob,HR Support,Disable mailbox forwarding for accountant's email,"[""1. Confirm last working day and offboarding type (resignation, end of contract, termination)."", ""2. Schedule account disablement aligned with HR and legal requirements."", ""3. Remove access to HR systems, shared drives, and applications."", ""4. Disable mailbox forwarding for the accountant's email."", ""5. Verify that mailbox forwarding has been successfully disabled."", ""6. Notify HR of completed mailbox forwarding disablement.""]","[""Mailbox forwarding is disabled for the accountant's email."", ""The accountant's access to HR systems, shared drives, and applications is removed."", ""HR is notified of the completion of mailbox forwarding disablement.""]","To disable forwarding for an employee's account, confirm the last working day, then configure mailbox settings to remove forwarding based on HR instructions.","[""Confirm last working day."", ""Consult HR for forwarding configuration details."", ""Log in to email admin panel."", ""Remove forwarding settings."", ""Test account functionality.""]","The request pertains to offboarding an employee and involves disabling email forwarding, which aligns with HR support procedures.","{""needs_human"": false, ""needs_llm_escalation"": false, ""policy_gap"": false, ""reasons"": []}",,,,,,,,
AUDIT-0022,System A,8005,re network switch problem re switch problem hi copied please ensure switches labelled help networks thanks switch problem hi please book top switch rack room seems had call dead phone meeting room had patch spare socket second switch down switches labelled find name serial number thanks,Hardware,Resolution for network switch problems affecting connectivity,"[""Identify and label all switches in the rack room to ensure proper network management."", ""Check if multiple users in the same area are experiencing connectivity loss to determine if the issue is localized or widespread."", ""Perform basic network diagnostics by running `ipconfig` and `ping` commands to verify IP configuration and reachability."", ""Inspect the physical connections of the network cables and ensure they are securely connected and undamaged."", ""Test alternative network ports or switches to isolate the problem component."", ""If the issue persists, escalate to network engineering team for further investigation into possible switch, router, or firewall outages.""]","[""All switches are correctly identified and labeled."", ""Network connectivity is restored for all affected users."", ""No further reports of connectivity issues within the same network segment.""]","Ensure all switches are labeled correctly and functioning. If a switch is down, power cycle it. If a spare socket is available, patch the second switch to it. Find the name, serial number, and label each switch.","[""Check the labels on all switches for accuracy."", ""Power cycle any switches that are down."", ""If a spare socket is available, patch the second switch to it."", ""Label each switch correctly and find the name and serial number for each.""]","The ticket indicates a problem with network switches, specifically mentioning a dead phone meeting room and a second switch being down. The problem may be due to mislabeled switches or a faulty switch.","{""needs_human"": false, ""needs_llm_escalation"": false, ""policy_gap"": false, ""reasons"": []}",,,,,,,,
AUDIT-0023,System A,789,pas access good afternoon currently cannot codes forecast against currently view please enable questions please drop cheers change control presence mob,Internal Project,Enable access to codes forecast for internal project,"[""Verify requester's identity and obtain necessary approvals from manager or system owner."", ""Identify the exact system and role level required for accessing codes forecast."", ""Check for existing access to avoid duplication."", ""Apply the access change via IAM tool, AD group, or application admin console."", ""Ask the user to log off and back in to refresh permissions."", ""Confirm that the user can perform key actions related to codes forecast."", ""Update the project access log with the groups/roles applied.""]","[""The user successfully accesses codes forecast without issues."", ""No unnecessary admin rights are granted beyond what is required for codes forecast.""]","Please verify the project manager's approval and update the user's access in relevant groups (source control, ticketing, environments). Confirm new permissions allow required tasks but no unnecessary admin rights. Document changes in the project access log.","[""Verify project membership change with project manager"", ""Update relevant groups (source control, ticketing, environments)"", ""Confirm new permissions allow required tasks"", ""Document changes in project access log""]",The request pertains to adjusting access when a staff member joins a project. The resolution involves updating the user's access in relevant groups and confirming the new permissions.,"{""needs_human"": false, ""needs_llm_escalation"": false, ""policy_gap"": false, ""reasons"": []}",,,,,,,,
AUDIT-0024,System C,5887,new starter re hi please find attached filled form thursday october hello please fill date thank,HR Support,New starter onboarding IT setup,"[""Verify the identity of the new starter and the accuracy of the HR onboarding request, including start date and role."", ""Create core accounts (AD, email, SSO) with the correct department and manager details confirmed from HR."", ""Provision the standard hardware kit appropriate for the role and confirm logistics for shipping or pickup."", ""Assign default application, HR system, and folder access based on the role profile, ensuring no duplicate access."", ""Test the login functionality for email, HR portal, and time-reporting systems before the handover to the new starter."", ""Share detailed 'Getting Started' instructions with both the manager and the new starter."", ""Update the ticket with all completed steps and any remaining follow-ups, including the date of completion.""]","[""All core accounts are created and verified as functional."", ""The new starter has received and confirmed receipt of the 'Getting Started' instructions.""]","We've received your new starter's filled form for Thursday October. To ensure they have the correct accounts, equipment, and access on day one, we'll follow the New Employee Onboarding IT Checklist. Here are the steps we'll take: 1. Verify start date and role from the HR onboarding request. 2. Confirm core accounts (AD/email/SSO) have been created with the right department and manager. 3. Provision standard hardware kit and confirm shipping or pickup details. 4. Assign default application, HR system, and folder access based on role profile. 5. Test login to email, HR portal, and time-reporting before handover.","[""Verify start date and role from the HR onboarding request."", ""Confirm core accounts (AD/email/SSO) have been created with the right department and manager."", ""Provision standard hardware kit and confirm shipping or pickup details."", ""Assign default application, HR system, and folder access based on role profile."", ""Test login to email, HR portal, and time-reporting before handover.""]","The ticket pattern matches the New Employee Onboarding IT Checklist, which ensures new starters have the correct accounts, equipment, and access on day one.","{""needs_human"": false, ""needs_llm_escalation"": false, ""policy_gap"": false, ""reasons"": []}",,,,,,,,
AUDIT-0025,System A,9596,caps temporary opened caps opened hi caps opened port regenerate let encrypt certificates opening rule please let stop running kind regards,Miscellaneous,Reassign misrouted ticket and address unclear requests,"[""Review the ticket description to determine the correct category and owner."", ""Update the ticket category, priority, and routing group based on the review."", ""Add a brief note explaining the reassignment to the ticket."", ""Clarify the request regarding 'caps temporary opened' and 'port regenerate let encrypt certificates'."", ""Determine if the request pertains to system access, certificate management, or another issue."", ""If related to system access, follow the resolution steps outlined in 'Access' policies."", ""If related to certificate management, escalate to the appropriate team for handling Let's Encrypt certificates.""]","[""The ticket is reassigned to the correct category and owner."", ""All unclear requests are clarified and addressed appropriately."", ""If escalated, the specialized team acknowledges receipt of the ticket.""]",This ticket has been reassigned to the correct team for resolution.,"[""Review ticket description and determine correct category/owner."", ""Update ticket category, priority, and routing group."", ""Add a brief note explaining the reassignment."", ""If pattern emerges (same form mis-routing), raise improvement request to service management."", ""Track reassignment metrics for reporting.""]","The ticket description indicates an issue with ticket routing, which falls under the category of Incorrect Assignment or Misrouted Tickets.","{""needs_human"": false, ""needs_llm_escalation"": false, ""policy_gap"": false, ""reasons"": []}",,,,,,,,
AUDIT-0026,System A,7528,access hi please colleague same has she entity thank,HR Support,Granting access to a system or entity for a colleague,"[""Verify the identity of the requester and obtain necessary approval from the manager or system owner."", ""Identify the specific system, group, or repository the colleague requires access to and determine the appropriate role level."", ""Check if the colleague already has access to prevent duplication."", ""Apply the access change through the IAM tool, AD group, or the application's admin console."", ""Instruct the colleague to log out and log back in to refresh their permissions."", ""Test the access to ensure the colleague can perform essential functions within the system."", ""Update the ticket with details of the groups or roles that have been assigned.""]","[""The colleague confirms they can access the specified system or entity."", ""The colleague demonstrates the ability to perform key actions within the system.""]","Your access request has been received. We will verify your identity and the required system, then apply the change via the IAM tool or application admin console. You may need to log off and back in to refresh permissions.","[""Verify requester identity and approval"", ""Identify exact system required and role level"", ""Apply change via IAM tool, AD group, or application admin console"", ""Ask user to log off and back in to refresh permissions""]","The ticket matches the Access Request Flow pattern, which covers creating, changing, or removing user access to systems.","{""needs_human"": false, ""needs_llm_escalation"": false, ""policy_gap"": false, ""reasons"": []}",,,,,,,,
AUDIT-0027,System B,4977,new columns for employee details report columns details report hi kindly asking amend details report details attached excel questions please let please thank analyst,Internal Project,Amend employee details report columns,"[""Validate the requester's role and legal basis for accessing HR data."", ""Identify the required fields, date ranges, and format (Excel) for the employee details report."", ""Confirm the exact report, filters, and export format needed for the amendment."", ""Attempt to reproduce the issue using a test or admin account to ensure the problem is understood."", ""Check user permissions for reporting modules to ensure access rights are correct."", ""Clear browser cache or test in an alternate browser if the report is web-based."", ""Log any errors encountered and coordinate with the application owner for necessary fixes."", ""Use HR reporting tools to generate the report with the updated column details provided in the attached Excel file.""]","[""The employee details report is generated successfully with the new columns specified in the attached Excel file."", ""All requested amendments to the report columns are accurately reflected in the final report output.""]","To amend the employee details report with new columns, follow these steps: confirm the required changes, ensure you have the necessary permissions, and apply the modifications in the report template. If issues persist, check for any system errors and escalate if needed.","[""Confirm the exact changes needed."", ""Check user permissions for report modifications."", ""Apply changes in the report template."", ""Log any encountered errors."", ""Escalate if errors persist or affect critical reports.""]",The request pertains to modifying an existing report template to include additional columns based on provided specifications. This aligns with typical report generation and export issues.,"{""needs_human"": false, ""needs_llm_escalation"": false, ""policy_gap"": false, ""reasons"": []}",,,,,,,,
AUDIT-0028,System A,2740,replicate the color code updated calendar app hi please replicate color code categories well ones thank november re updated calendar app hi thank help calendar looks great noticed entries calendar displayed times please way keep colored ones thank november updated calendar app resolved fellow think query logged has resolved did well details reference summary calendar app description re logged calendar app resolution added colors good provided resolution response issue persist recur resolved please best provide assistance matter how how how warm regards ext ref msg,Miscellaneous,Replicate Color Code Categories in Updated Calendar App,"[""Confirm that the calendar app's color code categories are functioning correctly and that there are no incidents reported."", ""Provide detailed instructions on how to apply and manage the new color code categories within the calendar app."", ""Offer links to existing guides or tutorials that cover the use of color code categories for better organization."", ""Instruct the user on how to check if their calendar entries are displaying the correct colors based on the categories."", ""Propose updates to the FAQ or quick-reference guides if similar queries recur frequently."", ""Encourage the user to explore additional features of the calendar app that might enhance their experience."", ""Follow up to ensure that the user understands how to use the color code categories effectively.""]","[""The user should be able to successfully apply and differentiate between the color code categories in the calendar app."", ""The user confirms understanding of how to use the color code categories and reports no further issues or questions regarding this feature.""]","To replicate color-coded categories in the updated calendar app, follow these steps: 1. Identify the current color codes for each category. 2. Locate the calendar app's codebase or configuration file. 3. Update the code or file to map the new entries with the corresponding color codes. 4. Save and test the changes to ensure the new entries are displayed with the correct colors. 5. If needed, update the app documentation to reflect the new color-coding scheme.","[""Identify current color codes"", ""Locate calendar app's codebase"", ""Update code or file"", ""Test changes"", ""Update app documentation""]",The user is requesting assistance in replicating color-coded categories in an updated calendar app. This is a 'How-To' Guidance and User Education Request as it involves learning how to use an existing tool rather than fixing an incident.,"{""needs_human"": false, ""needs_llm_escalation"": false, ""policy_gap"": false, ""reasons"": []}",,,,,,,,
AUDIT-0029,System B,6459,re security incident at re card,Access,Resolve RE card security incident and verify 2FA status,"[""Confirm role, manager approval, and reason for access."", ""Check user status in physical access control system."", ""Assign appropriate access profile and time schedule."", ""Ask user to test badge at required entry points."", ""Log access level changes for audit."", ""Verify user's 2FA status in the identity provider or security portal."", ""Reset 2FA and guide user through re-enrollment if necessary.""]","[""Badge access is granted successfully and tested at required entry points."", ""User can access required areas without issues."", ""2FA is confirmed to be active and functioning properly.""]",A security incident involving an RE card has been reported. We will investigate the issue and take necessary actions to ensure security.,"[""Confirm the details of the incident."", ""Check the affected card's status."", ""Take appropriate security measures."", ""Log the incident for audit purposes.""]","The ticket indicates a security incident related to an RE card, which falls under restricted area access requests and requires immediate attention to maintain security protocols.","{""needs_human"": true, ""needs_llm_escalation"": false, ""policy_gap"": false, ""reasons"": []}",,,,,,,,
AUDIT-0030,System E,7278,prod database access prod database dear since working tool please database prod regards engineer,Hardware,Grant access to production database for engineer,"[""Verify the engineer's identity and obtain approval from their manager or the system owner"", ""Determine the specific production database and the required role level for access"", ""Review current access levels to prevent duplication of access rights"", ""Provision access through the Identity and Access Management (IAM) tool or application admin console"", ""Instruct the engineer to log out and log back in to refresh their permissions"", ""Test the access to ensure it functions correctly for necessary operations"", ""Document the granted access in the ticket, including the groups and roles applied""]","[""The engineer successfully accesses the production database with the correct role level"", ""Access details are accurately recorded and communicated to the relevant parties""]","The request is for production database access for an engineering tool, which falls under project infrastructure needs.","[""Gather project details (stack, environments, users)."", ""Estimate compute and storage needs."", ""Map requirements to standard platforms."", ""Raise provisioning requests and track completion.""]","The ticket mentions production database access for a tool, aligning with project infrastructure requirements.","{""needs_human"": false, ""needs_llm_escalation"": false, ""policy_gap"": false, ""reasons"": []}",,,,,,,,
AUDIT-0031,System D,6138,win win hello please help upgrade os regards,Administrative rights,Upgrade Operating System Request,"[""1. Verify the requester's identity and confirm authorization for OS upgrades."", ""2. Assess the current OS version and compatibility with company standards."", ""3. Schedule the upgrade during a maintenance window to minimize disruption."", ""4. Back up critical data before proceeding with the OS upgrade."", ""5. Perform the OS upgrade using approved methods and tools."", ""6. Test the system post-upgrade to ensure all applications work correctly."", ""7. Document the upgrade process and any issues encountered."", ""8. Notify the user of the completion and schedule a check-in to confirm satisfaction.""]","[""The operating system is upgraded to the specified version without data loss."", ""All essential applications run without issues on the new OS.""]","To upgrade the operating system, ensure you have administrative rights. Follow the standard OS upgrade procedure, which may include backing up data, checking system compatibility, and downloading the latest OS version. If issues arise, contact IT support for further assistance.","[""Verify administrative rights on the system."", ""Back up important data before proceeding."", ""Download the latest OS version from the official website."", ""Follow the OS upgrade instructions provided by the manufacturer.""]","The user's request indicates a need for OS upgrade assistance, which typically requires administrative rights. The KB references provided do not directly address OS upgrades but suggest administrative rights are necessary.","{""needs_human"": false, ""needs_llm_escalation"": false, ""policy_gap"": false, ""reasons"": []}",,,,,,,,
AUDIT-0032,System D,3765,change delivery responsible for and for va appointed responsible opportunity va upgrade hi please change responsible both va thanks officer thursday november appointed responsible opportunity va upgrade hi how responsible opportunity va upgrade please help moving thanks lot best regards wrote hello appointed responsible va upgrade order view opportunity add forecast please link opportunity id ca wish view opportunities which responsible opportunity cd thank,Administrative rights,Change delivery responsible for VA and appointed responsible opportunity VA upgrade,"[""1. Verify requester identity and approval (manager or system owner)."", ""2. Identify exact system, group, or repository required for the VA and appointed responsible opportunity VA upgrade."", ""3. Check for existing access to avoid duplicates and confirm if any changes are needed."", ""4. Apply change via IAM tool, AD group, or application admin console for the VA and appointed responsible."", ""5. Ask user to log off and back in to refresh permissions."", ""6. Confirm access works for key actions related to the VA and appointed responsible opportunity VA upgrade; update ticket with groups/roles applied."", ""7. Ensure that the VA and appointed responsible have the necessary permissions to view and manage opportunities and forecasts."", ""8. Link the opportunity ID CA for the appointed responsible to view opportunities.""]","[""Access is updated correctly for the VA and appointed responsible opportunity VA upgrade."", ""The appointed responsible can view and manage opportunities and forecasts using the opportunity ID CA."", ""The user can log in and access the required systems and repositories without issues.""]","To change the responsible person for the opportunity 'va upgrade', follow these steps: Verify the requester's identity and approval, identify the exact system and role level, check for existing access, apply the change via the IAM tool or application admin console, and confirm the access works for key actions.","[""Verify the requester's identity and approval from the manager or system owner."", ""Identify the exact system and role level required for the change."", ""Check for existing access to avoid duplicates."", ""Apply the change via the IAM tool or application admin console."", ""Confirm the access works for key actions and update the ticket with the changes applied.""]","The request involves changing the responsible person for a specific opportunity, which falls under administrative rights management.","{""needs_human"": false, ""needs_llm_escalation"": false, ""policy_gap"": false, ""reasons"": []}",,,,,,,,
AUDIT-0033,System C,3611,temp monitor for temp monitor hi log order assign monitor while he visiting thank senior engineer,Hardware,Resolving temperature monitoring issue for senior engineer's hardware,"[""1. Confirm the temperature monitoring system is powered on and properly connected."", ""2. Check the log files for any error messages related to the temperature monitoring system."", ""3. Verify that the temperature monitoring software is running and up-to-date."", ""4. Test the temperature monitoring system with a known good sensor or probe."", ""5. If using a docking station, ensure it is properly connected and functioning."", ""6. Consult with the senior engineer to understand the specific requirements for temperature monitoring during visits."", ""7. Document the current configuration and any adjustments made to resolve the issue.""]","[""The temperature monitoring system is accurately recording temperatures without errors."", ""The senior engineer confirms that the temperature monitoring system meets the requirements for their visits.""]",We can provide a temporary monitor for your needs. Here are the steps to follow: 1. Request a temporary monitor from the IT department. 2. Plug in the temporary monitor and ensure it is working correctly. 3. Connect the temporary monitor to the senior engineer's device. 4. Return the temporary monitor to the IT department once the senior engineer leaves.,"[""Request a temporary monitor"", ""Ensure the temporary monitor is working"", ""Connect the temporary monitor to the senior engineer's device"", ""Return the temporary monitor once the senior engineer leaves""]",The ticket indicates a need for a temporary monitor due to a malfunctioning monitor. Providing a temporary monitor will allow the senior engineer to continue their work during their visit.,"{""needs_human"": false, ""needs_llm_escalation"": false, ""policy_gap"": false, ""reasons"": []}",,,,,,,,
AUDIT-0034,System C,2740,replicate the color code updated calendar app hi please replicate color code categories well ones thank november re updated calendar app hi thank help calendar looks great noticed entries calendar displayed times please way keep colored ones thank november updated calendar app resolved fellow think query logged has resolved did well details reference summary calendar app description re logged calendar app resolution added colors good provided resolution response issue persist recur resolved please best provide assistance matter how how how warm regards ext ref msg,Miscellaneous,Replicate Color Code Categories in Updated Calendar App,"[""Confirm that the calendar app's color code categories are functioning correctly and that there are no incidents reported."", ""Provide detailed instructions on how to apply and manage the new color code categories within the calendar app."", ""Offer links to existing guides or tutorials that cover the use of color code categories for better organization."", ""Instruct the user on how to check if their calendar entries are displaying the correct colors based on the categories."", ""Propose updates to the FAQ or quick-reference guides if similar queries recur frequently."", ""Encourage the user to explore additional features of the calendar app that might enhance their experience."", ""Follow up to ensure that the user understands how to use the color code categories effectively.""]","[""The user should be able to successfully apply and differentiate between the color code categories in the calendar app."", ""The user confirms understanding of how to use the color code categories and reports no further issues or questions regarding this feature.""]","To replicate color-coded categories in your updated calendar app, ensure you have the latest version installed. Then, assign colors to categories manually or through settings. If unsure, refer to the app's user guide or contact support for detailed instructions.","[""Install the latest calendar app version."", ""Assign colors to categories manually."", ""Refer to the app's user guide."", ""Contact support for detailed instructions.""]","The user wants to replicate color-coded categories in their updated calendar app, which involves setting up category colors either manually or via app settings. This request falls under user education and guidance.","{""needs_human"": false, ""needs_llm_escalation"": true, ""policy_gap"": false, ""reasons"": [""long_ticket""]}",,,,,,,,
AUDIT-0035,System D,4556,new project code for code has assigned hi setting assign thank kind regards engineer november code has assigned hello please advised record number has assigned please review details take appropriate action reference number details requested location kingdom liverpool liverpool summary code additional comments requirements code hi please create code code name platform give write myself manage code please let require further information kind regards technical programme id canary assign reference assignment summary code location kingdom liverpool liverpool attachments setup form please link kind regards ref msg,Internal Project,Create new project code for internal project,"[""1. Verify project details and requirements with the requester."", ""2. Create a new project code in the system following the internal project guidelines."", ""3. Assign the project code to the correct location (Kingdom, Liverpool, Liverpool) and ensure it is linked to the relevant department."", ""4. Set up the project with the required settings and configurations, including any specific platform needs as mentioned."", ""5. Review the project budget and cost allocation to ensure accuracy and alignment with financial policies."", ""6. Update the project details in the tracking system and confirm the setup with the requester."", ""7. Tag the project assets according to the Hardware Asset Tagging and Tracking policy."", ""8. Confirm that all necessary documentation, such as the setup form, is completed and linked to the project.""]","[""The new project code is created and verified within the system."", ""The project code is correctly assigned to the specified location and department."", ""All required settings and configurations are applied according to the project requirements."", ""The project budget and cost allocation are reviewed and updated as necessary.""]","To create a new project code for the 'Canary' platform in Liverpool, UK, follow these steps: Verify the project details and requirements. Create the project code in the system. Attach the setup form and any additional comments or requirements. Ensure the project is assigned to the correct location and technical program.","[""Verify project details and requirements."", ""Create the project code in the system."", ""Attach the setup form and additional comments."", ""Assign the project to the correct location and technical program."", ""Review and finalize the project setup.""]","The request involves creating a new project code with specific details and attachments, which falls under internal project management.","{""needs_human"": false, ""needs_llm_escalation"": false, ""policy_gap"": false, ""reasons"": []}",,,,,,,,
AUDIT-0036,System A,4390,fresh os install fresh os install hi after installation drive without os fresh installed thanks senior infrastructure engineer infrastructure,Administrative rights,Fresh OS install requires administrative rights for software installation,"[""1. Verify that the user has administrative rights for installing software on the workstation."", ""2. Ensure that the software to be installed is on the approved list; escalate to security/procurement if not."", ""3. Check if the corporate software center, package manager, or remote deployment options are available."", ""4. Install the software using the appropriate method, ensuring compliance with IT policies."", ""5. Test the software to confirm it is functioning correctly post-installation."", ""6. Update the system's configuration settings if necessary to accommodate the new software."", ""7. Monitor the system for any performance issues or conflicts after the installation.""]","[""The user has been granted temporary administrative rights for the installation process."", ""The software has been successfully installed and tested, confirming its functionality.""]",Install the fresh operating system on the drive and ensure it is functioning correctly.,"[""Confirm the drive is properly connected and recognized."", ""Install the operating system on the drive."", ""Check for any errors during the installation process."", ""Boot the system from the installed drive and verify its functionality.""]",The user has requested a fresh OS installation on a drive that currently does not have an operating system.,"{""needs_human"": false, ""needs_llm_escalation"": false, ""policy_gap"": false, ""reasons"": []}",,,,,,,,
AUDIT-0037,System D,2703,re access re hi please assist resolved asap thanks regards engineer friday november pm hello kindly ask help accessing next log active directory keep getting invalid please help thanks engineer,Hardware,Resolving invalid access issue to Active Directory,"[""Verify the identity of the requester and obtain necessary approval from manager or system owner."", ""Determine the exact system, group, or repository the user requires access to and the appropriate role level."", ""Review current access levels to prevent duplication of access rights."", ""Implement access changes through the IAM tool, AD group management, or application admin console."", ""Instruct the user to log out and log back in to refresh their permissions."", ""Test the access to ensure it functions correctly for key actions and document the groups/roles applied in the ticket."", ""If the issue persists, check for any account expiration or SSO login problems that might be affecting access.""]","[""The user is able to log in to Active Directory without encountering an 'invalid' message."", ""The user has been granted access to the specified system, group, or repository as requested.""]","To resolve the issue, verify the engineer's credentials, ensure they are part of the correct AD group, and check for any account lockouts or policy restrictions. Ask the engineer to log off and back in to refresh permissions.","[""Verify the engineer's credentials and ensure they are correct."", ""Check if the engineer is part of the correct Active Directory group."", ""Look for any account lockouts or policy restrictions that might be causing the issue."", ""Ask the engineer to log off and back in to refresh permissions."", ""Confirm access works for key actions and update the ticket with the groups/roles applied.""]","The issue seems to be related to access permissions in Active Directory, which falls under the Access category. The engineer is unable to log in due to invalid credentials.","{""needs_human"": false, ""needs_llm_escalation"": false, ""policy_gap"": false, ""reasons"": []}",,,,,,,,
AUDIT-0038,System B,2848,new purchase po purchase po dear purchased headset cable headset please log allocation after receive item please take consideration mandatory receipts section order receive item ordered how video link please receipt number item needed processed kind regards administrator,Purchase,Purchase Order and Allocation for Headset Cable,"[""Verify that the requester has access to the procurement system and can initiate a purchase order."", ""Create a new purchase order for the headset cable, ensuring all required fields are accurately filled, including the correct cost centre, GL code, and vendor."", ""Guide the user through any validation errors that may arise during the submission of the purchase order and assist in their resolution."", ""Monitor the PO status to confirm it transitions from 'draft' to 'awaiting approval', then 'approved', and finally 'closed'."", ""Upon PO approval, share the PO number with the requester and notify the vendor."", ""After receiving the item, log the allocation in the system and ensure compliance with the mandatory receipts section of the order."", ""Provide the receipt number to the requester and process the item according to internal procedures.""]","[""The purchase order for the headset cable is approved and the item is allocated without issues."", ""The receipt number is correctly recorded and the item processing is completed as per the mandatory receipts section.""]",The request involves logging the allocation of a recently purchased headset cable and providing the receipt number and video link for further processing. The administrator should ensure that all necessary documentation is collected and submitted correctly.,"[""Verify access to procurement system."", ""Check PO status and details."", ""Collect and submit receipt number."", ""Provide video link for verification."", ""Log allocation upon item receipt.""]",The ticket pertains to the post-purchase activities of logging allocations and providing required documents for a headset cable. It aligns with the purchase category and tracking deliveries subcategory.,"{""needs_human"": false, ""needs_llm_escalation"": false, ""policy_gap"": false, ""reasons"": []}",,,,,,,,
AUDIT-0039,System E,731,approval hi please issue assign thank best regards engineer tuesday pm hi please help went flow got stuck thank best regards compliance ext,Miscellaneous,User requires guidance on access request flow and potential assistance with a stuck process,"[""Verify requester's identity and obtain necessary approvals (from manager or system owner)"", ""Identify the specific system, group, or repository access is needed for and determine the appropriate role level"", ""Review current access to prevent duplication"", ""Implement access changes using IAM tools, AD groups, or application admin consoles"", ""Instruct the user to log out and log back in to refresh permissions"", ""Test access to ensure it functions for essential tasks; document the groups/roles applied in the ticket"", ""If the issue is related to a stuck process, check the status of the process (e.g., purchase order, leave request) and guide the user through corrective steps""]","[""The user receives the requested access and can perform required actions without issues"", ""Any process that was stuck has been resolved or escalated appropriately""]",The flow is likely paused due to missing information or approval. Ensure all details are correct and seek manager approval if needed.,"[""Verify identity and approval."", ""Check for missing details."", ""Confirm exact system and role requirements.""]","The request mentions a stuck flow, indicating a potential issue with the access request process.","{""needs_human"": false, ""needs_llm_escalation"": false, ""policy_gap"": false, ""reasons"": []}",,,,,,,,
AUDIT-0040,System F,2250,access to and confluence confluence hi please assign appropriate roles confluence add appropriate after thanks head,Access,Assign appropriate roles in Confluence,"[""Verify the identity of the requester and confirm approval from their manager or the system owner."", ""Determine the specific Confluence spaces or groups the user requires access to and the appropriate role level."", ""Review current access levels to prevent duplication of roles."", ""Execute the role assignment through the Identity and Access Management (IAM) tool, Active Directory (AD) group, or Confluence admin interface."", ""Instruct the user to sign out and sign back into Confluence to refresh their permissions."", ""Test the access by performing key actions to ensure the role functions as expected; document the groups and roles applied in the ticket."", ""Notify the user and their manager about the completion of the role assignment.""]","[""The user is successfully assigned the correct role(s) in Confluence."", ""The user confirms they can access the required Confluence spaces or groups without issues."", ""There are no reported errors or access denials when the user attempts to perform necessary actions within Confluence.""]",Roles will be assigned based on user needs and verified with their manager.,"[""Verify user's manager approval."", ""Identify required roles and Confluence space."", ""Apply roles via Confluence admin console."", ""Confirm access works for key actions.""]","The request is for assigning roles in Confluence, which falls under the access request category.","{""needs_human"": false, ""needs_llm_escalation"": false, ""policy_gap"": false, ""reasons"": []}",,,,,,,,
AUDIT-0041,System B,4181,sn users sn users kind regards analyst ext hub friday november pm sn users hello cum la care sn sn license users workers sn users view,Access,Addressing access issues for SN users regarding software and email,"[""1. Confirm that all SN users have active and licensed mailboxes."", ""2. Verify that each user has appropriate mailbox permissions, including access to shared mailboxes."", ""3. Reconfigure email profiles using standard auto-discovery settings to ensure proper synchronization."", ""4. Ensure that mobile devices used by SN users comply with approved mail clients and security policies (MDM, device encryption)."", ""5. Test email functionality by sending and receiving messages to confirm that access is restored."", ""6. Review the list of approved software to ensure that all applications requested by SN users are included."", ""7. For any unapproved software, escalate to security and procurement teams for review and potential licensing."", ""8. Provide installation instructions for newly licensed software to SN users.""]","[""All SN users can access their email accounts without restrictions."", ""SN users have been provided with the necessary software and have the ability to install it according to company guidelines.""]","To view the SN license for users and workers, ensure you have the necessary permissions and access the corporate software center or contact IT for further assistance.","[""Verify user has required permissions."", ""Access corporate software center."", ""If unable, contact IT support."", ""Check for any pending license updates or changes.""]",The query seems related to accessing specific licensing information within the company's software management system. It aligns with typical access requests involving licenses and permissions.,"{""needs_human"": false, ""needs_llm_escalation"": false, ""policy_gap"": false, ""reasons"": []}",,,,,,,,
AUDIT-0042,System B,538,wants to access people operations wants please accept decline requests,Storage,Grant access to People Operations,"[""Verify requester identity and confirm approval from manager or system owner."", ""Identify the exact system, group, or repository required and determine the appropriate role level."", ""Check for any existing access to avoid duplication."", ""Apply the necessary access changes via the IAM tool, AD group, or application admin console."", ""Instruct the user to log off and back in to refresh their permissions."", ""Test the access with the user to ensure it works for key actions."", ""Update the ticket with details of the groups and roles that have been applied.""]","[""The user confirms they have access to People Operations."", ""Access functionality is tested and verified by the user to be working as expected.""]","To grant access to People Operations systems, verify the user's identity and approval from their manager or system owner. Identify the specific system and role needed, check for existing access, apply the change, and confirm the access works.","[""Verify user identity and approval."", ""Identify system and role required."", ""Check for existing access."", ""Apply access change."", ""Confirm access works.""]","The request pertains to granting access to People Operations systems, which involves verifying identity, obtaining necessary approvals, identifying the required system and role, applying the access change, and confirming it works.","{""needs_human"": false, ""needs_llm_escalation"": false, ""policy_gap"": false, ""reasons"": []}",,,,,,,,
AUDIT-0043,System A,5071,re your password expire days re expire days hello user change via procedure mentioned help by indicating steps follow order done thank regards october wrote dear expire days change pc press ctrl alt delete choose change thanks ext information confidential legally privileged intended solely addressee opinions expressed mine necessarily represent opinions susceptible interference intended recipient disclosure copying action taken omitted taken reliance strictly prohibited unlawful received error attachments please notify delete accepts responsibility information errors omissions misuse act committed omitted communication doubt please verify authenticity contents please rely own virus checkers responsibility taken by damage rising out virus infection registered under number whose registered old broad street kingdom provide clients each subsidiaries separate entity has liability entity acts omissions kind regards,Access,Password Expiration and Change Procedure,"[""Verify the user's identity and confirm the account requiring password change."", ""Guide the user through the password reset procedure as outlined in the 'Password Reset Procedure' article."", ""Ensure the user updates saved credentials on all devices and restarts any active sessions."", ""Monitor the account for any re-lock or suspicious activity within 24 hours."", ""Advise the user to change their password immediately if there is suspicion of unauthorized access."", ""Confirm with the user that they have successfully changed their password and can access their account."", ""Document the resolution steps and outcome in the ticket for future reference.""]","[""The user confirms that the password has been successfully changed."", ""The user reports no further issues accessing their account within 24 hours post-change.""]","To change your password expiration days, follow these steps: Press Ctrl+Alt+Delete, choose 'Change', enter your current password, set the new expiration days, and confirm the change.","[""Press Ctrl+Alt+Delete"", ""Choose 'Change'"", ""Enter your current password"", ""Set the new expiration days"", ""Confirm the change""]",The user is asking for help in changing their password expiration days. The provided text suggests that the user is aware of the procedure and is seeking guidance on how to execute it.,"{""needs_human"": false, ""needs_llm_escalation"": false, ""policy_gap"": false, ""reasons"": []}",,,,,,,,
AUDIT-0044,System C,5207,view view dear please provide view thanks regards,HR Support,HR Support: Unable to view leave request,"[""Verify that the user has active HR portal access and can log in without issues."", ""Instruct the user to refresh the page and clear browser cache if necessary."", ""Guide the user through navigating to the leave request section within the HR portal."", ""Check if the issue persists across different browsers or devices."", ""If the problem continues, request a screenshot of the error message or blank screen encountered."", ""Consult with IT support to investigate potential system-wide issues affecting leave request visibility."", ""Advise the user on alternative methods to check their leave balance and history, such as contacting their HR representative directly.""]","[""User can access and view their leave request details without errors."", ""IT support confirms that there are no known system issues affecting leave request visibility.""]","To view leave balances and history, follow these steps: 1. Log in to the HR portal. 2. Navigate to the 'My Leave' section. 3. Check the 'Balances' tab for available leave days. 4. View the 'History' tab for past leave requests and approvals.","[""Log in to HR portal"", ""Navigate to My Leave section"", ""Check Balances tab"", ""View History tab""]","The user's request is related to HR Support, specifically viewing leave balances and history, which can be done through the HR portal.","{""needs_human"": false, ""needs_llm_escalation"": false, ""policy_gap"": false, ""reasons"": []}",,,,,,,,
AUDIT-0045,System D,6459,re security incident at re card,Access,Resolve RE card security incident and verify 2FA status,"[""Confirm role, manager approval, and reason for access."", ""Check user status in physical access control system."", ""Assign appropriate access profile and time schedule."", ""Ask user to test badge at required entry points."", ""Log access level changes for audit."", ""Verify user's 2FA status in the identity provider or security portal."", ""Reset 2FA and guide user through re-enrollment if necessary.""]","[""Badge access is granted successfully and tested at required entry points."", ""User can access required areas without issues."", ""2FA is confirmed to be active and functioning properly.""]","To resolve the security incident with the access card, confirm the user's role and manager approval, check their status in the physical access control system, assign the appropriate access profile, and ask the user to test the card at the required entry points. Log all changes for audit purposes.","[""Confirm the user's role, manager approval, and reason for access."", ""Check user status in the physical access control system."", ""Assign appropriate access profile and time schedule."", ""Ask user to test badge at required entry points."", ""Log access level changes for audit.""]","The incident involves access card issues, which fall under restricted area access requests. The steps involve verifying user status and access rights.","{""needs_human"": false, ""needs_llm_escalation"": false, ""policy_gap"": false, ""reasons"": []}",,,,,,,,
AUDIT-0046,System B,5912,new purchase po allocation purchase po dear purchased inch dual core intel core please log allocation please log retrieve old device kind regards administrator,Purchase,Allocate and log new purchase PO for Intel Core device,"[""Verify that the requester has access to the procurement system."", ""Check the status of the purchase order (PO) to ensure it is not stuck in a pending state."", ""Ensure the correct cost centre, GL code, and approved vendor are selected for the Intel Core device."", ""Guide the user through fixing any validation errors and resubmitting the PO."", ""Confirm PO approval and share the PO number with the requester."", ""Retrieve and log details of the old device being replaced, if applicable."", ""Follow up to confirm that the new device has been ordered and the old device's disposition is documented.""]","[""The PO is successfully allocated and logged in the procurement system."", ""The requester confirms receipt of the PO number and understands the status of their request."", ""Documentation of the old device's retrieval or replacement process is completed.""]","To allocate a new purchase order for a dual-core Intel processor, verify your access to the procurement system, check the PO status, ensure correct details, and submit the PO. Log the allocation accordingly.","[""Verify access to procurement system."", ""Check PO status and details."", ""Ensure correct cost center and vendor."", ""Submit PO and log allocation."", ""Notify vendor upon approval.""]","The request involves creating and allocating a new purchase order for specific hardware, which aligns with the purchase category in our knowledge base.","{""needs_human"": false, ""needs_llm_escalation"": false, ""policy_gap"": false, ""reasons"": []}",,,,,,,,
AUDIT-0047,System B,4390,fresh os install fresh os install hi after installation drive without os fresh installed thanks senior infrastructure engineer infrastructure,Administrative rights,Fresh OS install requires administrative rights for software installation,"[""1. Verify that the user has administrative rights for installing software on the workstation."", ""2. Ensure that the software to be installed is on the approved list; escalate to security/procurement if not."", ""3. Check if the corporate software center, package manager, or remote deployment options are available."", ""4. Install the software using the appropriate method, ensuring compliance with IT policies."", ""5. Test the software to confirm it is functioning correctly post-installation."", ""6. Update the system's configuration settings if necessary to accommodate the new software."", ""7. Monitor the system for any performance issues or conflicts after the installation.""]","[""The user has been granted temporary administrative rights for the installation process."", ""The software has been successfully installed and tested, confirming its functionality.""]","To address your request, we will perform a fresh OS installation and ensure that all drives are accessible afterward. This process includes setting up necessary configurations and verifying drive access.","[""Prepare installation media and backup data."", ""Perform fresh OS installation."", ""Verify OS installation and system stability."", ""Access and mount all drives."", ""Configure drive permissions and settings.""]",The request involves a fresh OS installation followed by ensuring drive accessibility. It aligns with administrative tasks related to system setup and configuration.,"{""needs_human"": false, ""needs_llm_escalation"": false, ""policy_gap"": false, ""reasons"": []}",,,,,,,,
AUDIT-0048,System C,6543,drive drive hey please thank best regards user acceptance test companion device ext,Access,Grant access to shared drive and verify functionality,"[""Confirm the specific share path and identify the owning team."", ""Obtain and validate approval from the manager or data owner."", ""Add the user to the appropriate Active Directory (AD) or Network Attached Storage (NAS) group."", ""Update permissions to reflect the necessary access level."", ""Guide the user through mapping the drive or check that automatic mapping via login script is functioning."", ""Instruct the user to log off and then log back on to ensure changes take effect."", ""Test access by attempting to read and write to the shared drive.""]","[""The user successfully accesses the shared drive without errors."", ""The user confirms ability to perform required operations (read/write) on the shared drive.""]",Please confirm the folder path and owning team or application. Validate manager or data owner approval for access. Add user to the appropriate AD group or permissions ACL. Ask user to log off and back on or reconnect mapped drive. Verify read/write access as requested; avoid full control unless required.,"[""Confirm folder path and owning team or application"", ""Validate manager or data owner approval for access"", ""Add user to the appropriate AD group or permissions ACL"", ""Ask user to log off and back on or reconnect mapped drive"", ""Verify read/write access as requested; avoid full control unless required""]","The ticket request indicates a need for access to a shared folder, which matches the pattern of a Shared Folder Access Guide request. The resolution steps involve confirming the folder details, validating approval, adding the user to the appropriate group, and verifying access.","{""needs_human"": false, ""needs_llm_escalation"": false, ""policy_gap"": false, ""reasons"": []}",,,,,,,,
AUDIT-0049,System C,9149,client to be moved from to client moved hi please help thanks tuesday client moved importance high hi please move processing both currently created codes automation streams known pipeline regards fin floor blvd district,Internal Project,Move a client from one account to another with high importance,"[""1. Confirm the client details and the reason for the move with the requesting department."", ""2. Validate that the budget is available for the move and allocate costs appropriately."", ""3. Apply correct GL codes and project codes in the accounting system."", ""4. Coordinate with the finance team to ensure smooth processing of the move."", ""5. Update the client information in the CRM system to reflect the new account."", ""6. Notify all relevant teams (sales, support, finance) about the client move."", ""7. Document the final allocation in the ticket and system notes.""]","[""Client information is updated correctly in the CRM system."", ""Finance team has validated the move and confirmed budget availability."", ""All relevant teams have been notified about the client move.""]","To move processing for both clients to a new cost center, please follow these steps: 1. Confirm the requesting department and new cost center. 2. Validate that budget is available for the move. 3. Apply correct GL codes and project codes in the procurement system. 4. Document final allocation in ticket and PO notes.","[""Confirm requesting department and cost centre"", ""Validate budget availability"", ""Apply correct GL codes and project codes"", ""Document final allocation""]","The request involves budgeting and cost allocation for IT purchases, which requires confirming the department and cost center, validating budget availability, and applying correct codes in the procurement system.","{""needs_human"": false, ""needs_llm_escalation"": false, ""policy_gap"": false, ""reasons"": []}",,,,,,,,
AUDIT-0050,System C,5181,profile path change for visit tomorrow profile path change visit tomorrow hello please kind help out by changing profile path site tomorrow visit change reverted well tomorrow evening thanks leader,Miscellaneous,Change Profile Path for Site Visit Tomorrow,"[""Verify the requester's identity and confirm the need for a profile path change."", ""Identify the exact system or application where the profile path needs to be changed."", ""Check for existing access to avoid duplicate changes."", ""Apply the change via the IAM tool, AD group, or application admin console."", ""Instruct the user to log off and back in to refresh permissions."", ""Confirm with the user that the profile path change has been successfully applied."", ""Document the change and update the ticket with the details of the modification.""]","[""The user confirms that the profile path has been changed as requested."", ""The change is documented and the ticket is updated with the confirmation.""]","To change the user profile path for tomorrow visit, you'll need to update the HR system access. First, confirm the change in HR records and the effective date. Then, map the new role to the appropriate IT access profile. Add or remove applications, distribution lists, and HR permissions as necessary. Validate the new permissions with the user and manager. Finally, remove temporary or probationary access that is no longer required.","[""Confirm HR has recorded the change and effective date."", ""Map new role to standard IT access profile."", ""Add or remove applications, distribution lists, and HR permissions."", ""Validate new permissions with the user and manager."", ""Remove temporary or probationary access that is no longer required.""]","The user's request involves changing the IT access profile due to a role change, which is a common HR Support issue. The HR System Access Guide provides steps to grant and manage access to core HR systems.","{""needs_human"": false, ""needs_llm_escalation"": false, ""policy_gap"": false, ""reasons"": []}",,,,,,,,
AUDIT-0051,System C,5435,new project code oracle fusion code setup hello appreciate create attached code today because create thank officer,Internal Project,Setup Oracle Fusion code for new internal project,"[""Create a new project code in Oracle Fusion for the internal project"", ""Ensure the correct cost centre and GL code are selected for the project"", ""Guide the requester through the procurement system access setup"", ""Verify that the requester can access the procurement system"", ""Check the PO status to ensure it progresses from draft to approved"", ""Resolve any validation errors and resubmit the PO if necessary"", ""Confirm PO approval and share the PO number with the requester""]","[""The project code is created successfully in Oracle Fusion"", ""The PO is approved and the PO number is shared with the requester""]","To set up a new project in Oracle Fusion, follow these steps: 1. Log in to the Oracle Fusion application. 2. Navigate to the Projects module. 3. Click on 'Create' to start a new project. 4. Fill in the required details such as project name, description, and other relevant information. 5. Save the project. If you encounter any issues, please reach out for further assistance.","[""Log in to Oracle Fusion"", ""Navigate to Projects module"", ""Click on 'Create' to start a new project"", ""Fill in required details"", ""Save the project""]","The ticket request is for setting up a new project in Oracle Fusion, a common IT task. The response provides a step-by-step guide to accomplish this task.","{""needs_human"": false, ""needs_llm_escalation"": false, ""policy_gap"": false, ""reasons"": []}",,,,,,,,
AUDIT-0052,System B,194,access to folder folder hello folder please libraries view thank head creative,Storage,Resolve access issue to folder 'hello' in Creative Libraries,"[""1. Confirm user can access Microsoft 365/SSO portal."", ""2. Verify SharePoint permissions on the affected library or folder 'hello'."", ""3. Check OneDrive sync client status; re-sign in or reset if necessary."", ""4. Test web access vs synced folder to isolate client vs service issues."", ""5. Review current ACLs or permission groups for 'hello' folder."", ""6. Apply least-privilege changes to ensure proper access rights."", ""7. Ensure inheritance settings are correct to avoid breaking other folders."", ""8. Ask user to re-test access from their normal workstation.""]","[""User can access folder 'hello' in Creative Libraries without issues."", ""Permissions on 'hello' folder are correctly set according to the least privilege principle.""]","To resolve the issue, confirm the user's access to the Microsoft 365/SSO portal, verify their permissions on the folder, and ensure the OneDrive sync client is functioning correctly. If problems persist, consider testing web access.","[""Confirm user access to Microsoft 365/SSO portal."", ""Verify OneDrive sync client status."", ""Check and adjust SharePoint permissions."", ""Test web access to isolate client issues.""]","The request pertains to accessing a restricted folder, which aligns with storage-related issues involving permissions and access.","{""needs_human"": false, ""needs_llm_escalation"": false, ""policy_gap"": false, ""reasons"": []}",,,,,,,,
AUDIT-0053,System B,2250,access to and confluence confluence hi please assign appropriate roles confluence add appropriate after thanks head,Access,Assign appropriate roles in Confluence,"[""Verify the identity of the requester and confirm approval from their manager or the system owner."", ""Determine the specific Confluence spaces or groups the user requires access to and the appropriate role level."", ""Review current access levels to prevent duplication of roles."", ""Execute the role assignment through the Identity and Access Management (IAM) tool, Active Directory (AD) group, or Confluence admin interface."", ""Instruct the user to sign out and sign back into Confluence to refresh their permissions."", ""Test the access by performing key actions to ensure the role functions as expected; document the groups and roles applied in the ticket."", ""Notify the user and their manager about the completion of the role assignment.""]","[""The user is successfully assigned the correct role(s) in Confluence."", ""The user confirms they can access the required Confluence spaces or groups without issues."", ""There are no reported errors or access denials when the user attempts to perform necessary actions within Confluence.""]","To resolve this request, verify the user's identity and approval, identify the required Confluence role, check for existing access, apply the change via the IAM tool or admin console, and confirm the new permissions work.","[""Verify requester identity and approval."", ""Identify required Confluence role."", ""Check for existing access."", ""Apply role change via IAM or admin console."", ""Confirm new permissions work.""]","The request pertains to assigning roles within Confluence, which aligns with the 'Access' category for granting system access based on user requirements.","{""needs_human"": false, ""needs_llm_escalation"": false, ""policy_gap"": false, ""reasons"": []}",,,,,,,,
AUDIT-0054,System A,6184,leadership outlook dear please add thanks interim,Administrative rights,Grant Interim Leadership Access to Outlook,"[""1. Verify the requester's identity and obtain approval from a manager or system owner."", ""2. Confirm the mailbox exists and is licensed/active for the interim leader."", ""3. Ensure the user has the correct mailbox permissions, including access to shared mailboxes if applicable."", ""4. Configure the email profile using standard auto-discovery settings for Outlook."", ""5. For mobile access, confirm the use of an approved mail client and compliance with security policies (MDM, device encryption)."", ""6. Sync mail and confirm that sending and receiving emails works as expected."", ""7. Ask the user to log off and back in to refresh permissions.""]","[""The interim leader can access Outlook without issues."", ""The user can send and receive emails successfully with the appropriate permissions.""]",The email has been updated to include 'thanks interim' in the leadership outlook email.,"[""Locate the leadership outlook email."", ""Edit the email to include 'thanks interim'."", ""Save the updated email."", ""Send the updated email to the intended recipients.""]",The request was to modify the content of a leadership outlook email. The change was made as per the user's request.,"{""needs_human"": false, ""needs_llm_escalation"": false, ""policy_gap"": false, ""reasons"": []}",,,,,,,,
AUDIT-0055,System F,5030,leaver for october tower leaver form intern hello please informed today he intern he has received job offer his accounts canceled thank specialist,HR Support,Offboard October Tower intern upon receiving external job offer,"[""Verify the intern's last working day and confirm the offboarding process is due to an external job offer"", ""Schedule account disablement for the intern's systems access in alignment with HR and legal requirements"", ""Arrange for the return of company equipment and update the asset inventory"", ""Configure mailbox forwarding or delegate access as directed by HR"", ""Remove the intern's access to HR systems, shared drives, and applications"", ""Archive the intern's user data (email, OneDrive, project folders) in accordance with the data retention policy"", ""Notify HR of completed offboarding steps and confirm the intern's accounts have been deactivated""]","[""All company-owned equipment has been returned and accounted for in the asset inventory"", ""Access to HR systems, shared drives, and applications has been removed"", ""User data has been securely archived according to the data retention policy""]",Process the leaver form to ensure all accounts are disabled and data is archived as per HR guidelines.,"[""Confirm last working day and offboarding type."", ""Disable intern's access to all systems."", ""Archive user data according to retention policy."", ""Document completion steps and confirm with HR.""]","This request involves an intern who has received a job offer and had their accounts canceled, requiring standard offboarding procedures.","{""needs_human"": false, ""needs_llm_escalation"": false, ""policy_gap"": false, ""reasons"": []}",,,,,,,,
AUDIT-0056,System B,3611,temp monitor for temp monitor hi log order assign monitor while he visiting thank senior engineer,Hardware,Resolving temperature monitoring issue for senior engineer's hardware,"[""1. Confirm the temperature monitoring system is powered on and properly connected."", ""2. Check the log files for any error messages related to the temperature monitoring system."", ""3. Verify that the temperature monitoring software is running and up-to-date."", ""4. Test the temperature monitoring system with a known good sensor or probe."", ""5. If using a docking station, ensure it is properly connected and functioning."", ""6. Consult with the senior engineer to understand the specific requirements for temperature monitoring during visits."", ""7. Document the current configuration and any adjustments made to resolve the issue.""]","[""The temperature monitoring system is accurately recording temperatures without errors."", ""The senior engineer confirms that the temperature monitoring system meets the requirements for their visits.""]",This request pertains to assigning a temperature monitoring task during a visit from a senior engineer. Ensure the temperature monitor is set up to log orders accurately.,"[""Ensure temperature monitor is powered on."", ""Configure monitor to log orders."", ""Verify connection between monitor and logging system."", ""Confirm data is being recorded accurately."", ""Notify senior engineer upon completion.""]",The ticket involves setting up a temperature monitor for logging purposes during a specific visit. It does not describe typical hardware issues like display problems or docking station failures.,"{""needs_human"": false, ""needs_llm_escalation"": false, ""policy_gap"": false, ""reasons"": []}",,,,,,,,
AUDIT-0057,System F,7196,request for repositories for java and net graduates programs repositories graduates programs hello repositories graduates programs october graduates trainers rights graduates trainers rights regards senior developer,Access,Grant access to repositories and administrative rights for Java and .NET graduates programs,"[""Confirm project sponsor, manager, and expected duration for the graduates programs."", ""Identify required systems including repositories, CI/CD pipelines, databases, and test/stage environments."", ""Assign a primary IT contact or support group for ongoing assistance."", ""Define support hours, incident severity levels, and escalation contacts for program-related issues."", ""Document project setup and support model in a shared location accessible to all stakeholders."", ""Confirm request for administrative rights from the program managers or system owners."", ""Validate business justification and duration of access needed for trainers and senior developers.""]","[""Repositories are accessible by Java and .NET graduates programs as per the defined access levels."", ""Trainers and senior developers have necessary rights to manage and oversee the programs effectively.""]",A request for repositories for Java and .NET graduates programs is categorized as an internal project setup needing IT support.,"[""Confirm project sponsor and expected duration."", ""Identify required systems (repositories, CI/CD)."", ""Assign a primary IT contact."", ""Document project setup in a shared location.""]","The request involves setting up repositories for educational programs, which aligns with internal project setup requirements.","{""needs_human"": false, ""needs_llm_escalation"": false, ""policy_gap"": false, ""reasons"": []}",,,,,,,,
AUDIT-0058,System E,9885,access to mailbox mailbox hello please give mailbox backup while she her annual leave thank kind regards accountant,Storage,Provide mailbox backup and ensure accessibility for accountant during annual leave,"[""Confirm current mailbox size and assigned quota to assess backup needs."", ""Help the accountant to archive or delete large items, such as emails in the sent folder and old attachments, to free up space."", ""Configure retention and archive policies according to corporate standards to ensure compliance."", ""If necessary, request a temporary quota increase from the mail administrator, providing a business justification related to the accountant's annual leave."", ""Perform a mailbox backup following the company's backup and restore guidelines."", ""Notify the accountant about the backup process and confirm that the mailbox will function normally during her absence."", ""Set up an automated alert for mailbox size monitoring to prevent issues while she is on leave.""]","[""Mailbox size is within assigned quota after cleanup and potential quota adjustment."", ""Backup of the mailbox is successfully completed and verified."", ""The accountant can access her mailbox without issues upon return from annual leave.""]",Backup was created for the employee's mailbox during annual leave to ensure no data loss.,"[""Create backup of specified mailbox."", ""Notify accountant of successful backup."", ""Inform employee upon completion.""]","Request is for a mailbox backup during an employee's absence, which falls under storage and backup guidelines.","{""needs_human"": false, ""needs_llm_escalation"": false, ""policy_gap"": false, ""reasons"": []}",,,,,,,,
AUDIT-0059,System A,4073,investigate deeper the error and november pm re multiple polls down hello please assign investigate deeper error attach had also re same storage issue thank november re multiple polls down hello assigned queue restarted seems storage error related thank november multiple polls down hello discussed please advised has logged assigned queue polls down further assist thanks best regards analyst,Miscellaneous,Investigate and resolve multiple polls down error related to storage issue,"[""Clarify symptoms, scope (one user vs many), and recent changes related to storage."", ""Restart the assigned queue to see if it resolves the immediate issue."", ""Check networking, login status, and basic resource usage, including storage health."", ""Look for known incidents or outages affecting storage systems."", ""If issue persists, review the storage logs for error messages or unusual activity."", ""Consult with the storage team to understand any recent changes or maintenance activities."", ""If issue becomes specific to hardware, redirect to the hardware.printer_setup_and_common_errors KB for further guidance.""]","[""Storage system is stable and no longer showing errors."", ""Multiple polls function correctly without downtime.""]","The issue appears to be related to the printer setup or storage. Follow these steps to resolve: 1. Check the printer power and network status. 2. Remove stale printer queues and re-add the correct printer from the corporate list. 3. Ensure correct printer driver and default settings are applied. 4. Clear stuck jobs from the user’s print queue and the server queue if needed. 5. Print a test page from the user’s device and directly from the printer console. If the problem persists, escalate.","[""Check printer power and network status"", ""Remove stale printer queues and re-add the correct printer"", ""Ensure correct printer driver and default settings"", ""Clear stuck jobs from the user’s print queue and the server queue"", ""Print a test page from the user’s device and directly from the printer console""]","The ticket mentions a 'multiple polls down' error, which is a common printer issue. Additionally, it mentions a storage issue, which could be related to the printer's storage or network storage. The KB references provided are related to printer setup and troubleshooting, as well as general troubleshooting.","{""needs_human"": false, ""needs_llm_escalation"": false, ""policy_gap"": false, ""reasons"": []}",,,,,,,,
AUDIT-0060,System B,4556,new project code for code has assigned hi setting assign thank kind regards engineer november code has assigned hello please advised record number has assigned please review details take appropriate action reference number details requested location kingdom liverpool liverpool summary code additional comments requirements code hi please create code code name platform give write myself manage code please let require further information kind regards technical programme id canary assign reference assignment summary code location kingdom liverpool liverpool attachments setup form please link kind regards ref msg,Internal Project,Create new project code for internal project,"[""1. Verify project details and requirements with the requester."", ""2. Create a new project code in the system following the internal project guidelines."", ""3. Assign the project code to the correct location (Kingdom, Liverpool, Liverpool) and ensure it is linked to the relevant department."", ""4. Set up the project with the required settings and configurations, including any specific platform needs as mentioned."", ""5. Review the project budget and cost allocation to ensure accuracy and alignment with financial policies."", ""6. Update the project details in the tracking system and confirm the setup with the requester."", ""7. Tag the project assets according to the Hardware Asset Tagging and Tracking policy."", ""8. Confirm that all necessary documentation, such as the setup form, is completed and linked to the project.""]","[""The new project code is created and verified within the system."", ""The project code is correctly assigned to the specified location and department."", ""All required settings and configurations are applied according to the project requirements."", ""The project budget and cost allocation are reviewed and updated as necessary.""]",A new project code named 'platform' needs to be created for the Liverpool location. Please review the attached setup form and confirm the details.,"[""Review attached setup form."", ""Confirm project details."", ""Create new project code 'platform'."", ""Assign code to Liverpool location."", ""Notify relevant parties of assignment.""]","The request pertains to initiating a new project code within the Liverpool location, aligning with internal project management processes.","{""needs_human"": false, ""needs_llm_escalation"": false, ""policy_gap"": false, ""reasons"": []}",,,,,,,,
AUDIT-0061,System F,9542,replenishment hi please log replenishment order number mouse wireless yours please perform forecast offices advised by attached thank administrator mobile phone tuesday pm shipment received hello guys received mouse wireless headset lite po except monitor nothing has po invoice kind regards engineer ext,Purchase,Replenishment order tracking and delivery confirmation for wireless mouse,"[""Verify the PO number for the wireless mouse replenishment order."", ""Check the current status of the PO within the procurement system."", ""Retrieve the courier tracking information associated with the PO."", ""Confirm the shipping address and contact information with the user."", ""Notify the user about any delays and escalate to the vendor or logistics team if necessary."", ""Update the ticket with the estimated time of arrival (ETA) and delivery confirmation."", ""Ensure that all items listed on the PO have been received by the user.""]","[""The PO status is updated with accurate tracking information and confirmed by the administrator."", ""The user acknowledges receipt of the wireless mouse with the expected ETA."", ""Any discrepancies between the PO and the received items are addressed and resolved.""]",Logged the replenishment order and provided PO and invoice details. Confirmed receipt of the wireless mouse and headset lite. No issues with the monitor.,"[""Log the replenishment order number."", ""Provide PO and invoice details."", ""Confirm receipt of wireless mouse and headset lite."", ""No issues with the monitor.""]","The ticket involves logging a replenishment order and providing PO and invoice details, which aligns with purchase order workflow and order tracking.","{""needs_human"": false, ""needs_llm_escalation"": false, ""policy_gap"": false, ""reasons"": []}",,,,,,,,
AUDIT-0062,System A,8674,new request dear kind create called composition thanks id image add,Miscellaneous,Clarify and Assist in Creating a Composition with an ID Image,"[""Verify the requester's intent and clarify whether they are referring to a specific type of document or project."", ""Guide the user to provide detailed specifications for the composition, including format, content, and purpose."", ""Determine if the creation of the composition falls under any existing policies or procedures (e.g., project documentation, report creation)."", ""Assist the user in understanding how to incorporate an ID image into the composition, ensuring it meets any specified guidelines."", ""Provide step-by-step instructions on how to save the composition and add the ID image using available tools or software."", ""Confirm with the user that the composition is ready for submission and advise on the submission process."", ""Follow up to ensure the composition has been submitted successfully and address any further concerns.""]","[""The user understands the process for creating the composition and adding the ID image."", ""The composition is created and submitted according to the user's requirements and any applicable guidelines.""]","To create a composition with image addition, follow these steps: 1. Log in to the content management system (CMS). 2. Navigate to the 'Compositions' section. 3. Click on 'Create New Composition'. 4. Add your content and upload the desired image. 5. Save and publish your composition.","[""Log in to the CMS"", ""Navigate to Compositions"", ""Create New Composition"", ""Add content and image"", ""Save and publish""]","The request is for creating a composition with image addition, which can be achieved by following the standard process for creating and managing content in the CMS.","{""needs_human"": false, ""needs_llm_escalation"": false, ""policy_gap"": false, ""reasons"": []}",,,,,,,,
AUDIT-0063,System E,5797,leaver milos panic leave date october location belgrade leaver form panic leave date october location hello leaver form has filled by name panic leaving date october location ad forwarder leaver mailbox did leaver roaming profile did leaver ad rights personal mailbox approver did leaver rights inventory storage required information name work location details floor seat did leaver did leaver token did leaver mobile phone subscription did leaver other commercial accounts leaver has detected changed automatic by approver backup pm purchase coordinator approver approver approver approver discipline responsible other did leaver did leaver did leaver did leaver did leaver number did leaver extension leaving details unplanned comments needed tickets automatically logged best regards note mailbox receive messages,HR Support,Employee Offboarding IT Checklist for Milos Panic,"[""1. Confirm Milos Panic's last working day and offboarding type (resignation, end of contract, termination)."", ""2. Schedule account disablement aligned with HR and legal requirements, ensuring immediate access removal if necessary."", ""3. Arrange for the return of Milos Panic's laptop and other company equipment, updating the asset inventory accordingly."", ""4. Configure mailbox forwarding or delegate access to Milos Panic's mailbox as directed by HR."", ""5. Remove Milos Panic's access to all HR systems, shared drives, and applications."", ""6. Archive Milos Panic's user data (email, OneDrive, project folders) following the organization's retention policy."", ""7. Document all completion steps and confirm with HR that the process is complete."", ""8. Verify that all access requests for Milos Panic have been modified or removed as appropriate.""]","[""Verify that Milos Panic's account is disabled and all access is removed."", ""Confirm that Milos Panic's laptop and other equipment are returned and the asset inventory is updated."", ""Ensure that all access requests for Milos Panic have been appropriately modified or removed.""]","Milos Panic's offboarding involves disabling access, forwarding mail, updating inventory, and archiving data. Ensure all steps align with HR and legal requirements.","[""Confirm Milos' last working day and offboarding type."", ""Disable access to systems and applications."", ""Forward Milos' email and update asset inventory."", ""Archive user data according to retention policy."", ""Document completion and confirm with HR.""]","This ticket pertains to an employee leaving the organization, requiring standard offboarding procedures including access management and data handling.","{""needs_human"": false, ""needs_llm_escalation"": true, ""policy_gap"": false, ""reasons"": [""long_ticket""]}",,,,,,,,
AUDIT-0064,System C,525,electricity tests for electricity tests hi building facility perform electricity test backup which conducted please log present during activity issues arise let assist weekend ahead best regards engineer ext information confidential legally privileged intended solely addressee opinions expressed mine necessarily represent opinions susceptible interference intended recipient disclosure copying action taken omitted taken reliance strictly prohibited unlawful received error attachments please notify delete accepts responsibility information errors omissions misuse act committed omitted communication doubt please verify authenticity contents please rely own virus checkers responsibility taken by damage rising out virus infection registered under number whose registered old broad street kingdom provide clients each subsidiaries separate entity has liability entity acts omissions,Hardware,Electricity test backup and facility performance,"[""Schedule and conduct comprehensive electricity tests in the building facility"", ""Ensure the backup of all electricity test data is performed securely"", ""Log detailed results and observations during the testing activity"", ""Address any technical issues that arise promptly during the test"", ""Provide on-call assistance over the weekend if critical issues occur"", ""Review and verify the authenticity of the test results before dissemination"", ""Implement virus checks on digital test data to prevent malware infection""]","[""Electricity tests are successfully conducted without safety incidents"", ""All test results are accurately logged, backed up, and free from errors"", ""Any issues identified during testing are resolved within agreed SLAs""]",The request is to conduct electricity tests on building facilities over the weekend. The engineer will perform the tests and log any issues found. Assistance will be provided if any problems arise.,"[""Schedule electricity tests for the weekend."", ""Perform tests and document findings."", ""Provide assistance if issues occur."", ""Log all activities and findings.""]",The ticket pertains to performing scheduled electrical safety checks in a building's infrastructure. It does not involve HR data privacy or access management.,"{""needs_human"": false, ""needs_llm_escalation"": true, ""policy_gap"": false, ""reasons"": [""long_ticket""]}",,,,,,,,
AUDIT-0065,System B,6543,drive drive hey please thank best regards user acceptance test companion device ext,Access,Grant access to shared drive and verify functionality,"[""Confirm the specific share path and identify the owning team."", ""Obtain and validate approval from the manager or data owner."", ""Add the user to the appropriate Active Directory (AD) or Network Attached Storage (NAS) group."", ""Update permissions to reflect the necessary access level."", ""Guide the user through mapping the drive or check that automatic mapping via login script is functioning."", ""Instruct the user to log off and then log back on to ensure changes take effect."", ""Test access by attempting to read and write to the shared drive.""]","[""The user successfully accesses the shared drive without errors."", ""The user confirms ability to perform required operations (read/write) on the shared drive.""]","To grant access to the companion device for the user acceptance test, follow the steps below. Ensure you have the necessary approvals from the manager or data owner.","[""Confirm the device's location and owning team."", ""Validate manager/data owner approval."", ""Add user to relevant AD group."", ""Guide user to connect to the device."", ""Verify access works as expected.""]","The request pertains to accessing a specific device for testing purposes, aligning with typical access requests for shared resources.","{""needs_human"": false, ""needs_llm_escalation"": false, ""policy_gap"": false, ""reasons"": []}",,,,,,,,
AUDIT-0066,System E,525,electricity tests for electricity tests hi building facility perform electricity test backup which conducted please log present during activity issues arise let assist weekend ahead best regards engineer ext information confidential legally privileged intended solely addressee opinions expressed mine necessarily represent opinions susceptible interference intended recipient disclosure copying action taken omitted taken reliance strictly prohibited unlawful received error attachments please notify delete accepts responsibility information errors omissions misuse act committed omitted communication doubt please verify authenticity contents please rely own virus checkers responsibility taken by damage rising out virus infection registered under number whose registered old broad street kingdom provide clients each subsidiaries separate entity has liability entity acts omissions,Hardware,Electricity test backup and facility performance,"[""Schedule and conduct comprehensive electricity tests in the building facility"", ""Ensure the backup of all electricity test data is performed securely"", ""Log detailed results and observations during the testing activity"", ""Address any technical issues that arise promptly during the test"", ""Provide on-call assistance over the weekend if critical issues occur"", ""Review and verify the authenticity of the test results before dissemination"", ""Implement virus checks on digital test data to prevent malware infection""]","[""Electricity tests are successfully conducted without safety incidents"", ""All test results are accurately logged, backed up, and free from errors"", ""Any issues identified during testing are resolved within agreed SLAs""]",The request is to conduct electricity tests on building facilities over the weekend. The engineer will be present to assist with any issues that may arise and ensure proper logging of the tests.,"[""Schedule electricity tests for the weekend."", ""Ensure an engineer is present during the tests."", ""Log all activities and issues encountered."", ""Assist with any problems that arise during testing.""]",The ticket pertains to scheduling and conducting electricity tests within a building's facilities. It does not involve HR data privacy or access management but rather maintenance activities.,"{""needs_human"": false, ""needs_llm_escalation"": true, ""policy_gap"": false, ""reasons"": [""long_ticket""]}",,,,,,,,
AUDIT-0067,System B,6826,remove assets from assets hello please make assets please thank application engineer ext,Administrative rights,Remove corporate assets from inventory,"[""1. Verify the requester's identity and authority to request asset removal."", ""2. Identify the specific assets to be removed by checking asset tags and serial numbers."", ""3. Update the asset database to reflect the removal, including marking assets as decommissioned."", ""4. Ensure that all relevant information such as warranty status and disposal details are recorded."", ""5. Confirm with the requester that the assets have been successfully removed from the system."", ""6. If necessary, provide documentation or confirmation of the asset removal for audit purposes.""]","[""Assets are accurately removed from the inventory system"", ""Requester receives confirmation of asset removal"", ""Documentation is provided for audit compliance if required""]",This request pertains to managing corporate assets and aligns with administrative tasks. Ensure proper authorization and follow the standard workflow for asset management.,"[""Verify requester's authority."", ""Identify specific assets to be removed."", ""Initiate removal process following company policy."", ""Create new assets as requested."", ""Thank the application engineer formally.""]","The request involves modifying corporate resources, which requires adherence to company policies regarding asset management and administrative rights.","{""needs_human"": false, ""needs_llm_escalation"": false, ""policy_gap"": false, ""reasons"": []}",,,,,,,,
AUDIT-0068,System D,2250,access to and confluence confluence hi please assign appropriate roles confluence add appropriate after thanks head,Access,Assign appropriate roles in Confluence,"[""Verify the identity of the requester and confirm approval from their manager or the system owner."", ""Determine the specific Confluence spaces or groups the user requires access to and the appropriate role level."", ""Review current access levels to prevent duplication of roles."", ""Execute the role assignment through the Identity and Access Management (IAM) tool, Active Directory (AD) group, or Confluence admin interface."", ""Instruct the user to sign out and sign back into Confluence to refresh their permissions."", ""Test the access by performing key actions to ensure the role functions as expected; document the groups and roles applied in the ticket."", ""Notify the user and their manager about the completion of the role assignment.""]","[""The user is successfully assigned the correct role(s) in Confluence."", ""The user confirms they can access the required Confluence spaces or groups without issues."", ""There are no reported errors or access denials when the user attempts to perform necessary actions within Confluence.""]","To assign roles and add the user to Confluence, verify the requester's identity and approval, identify the required roles, check for existing access, apply the changes via the admin console, and confirm the access.","[""Verify the requester's identity and approval from their manager or system owner."", ""Identify the exact roles and groups required in Confluence."", ""Check for existing access to avoid duplicates."", ""Apply the changes via the Confluence admin console."", ""Ask the user to log off and back in to refresh permissions.""]","The request is for user access and role assignment in Confluence, which fits the Access Request Flow category.","{""needs_human"": false, ""needs_llm_escalation"": false, ""policy_gap"": false, ""reasons"": []}",,,,,,,,
AUDIT-0069,System B,4954,changes that need to be progressed service now changes progressed hello please create assign sn update records ready closed these changes pending task created please let more details subject needed thanks,Miscellaneous,Progress ServiceNow changes and update records,"[""Identify and verify the specific changes that need to be progressed in ServiceNow"", ""Create a pending task for each identified change"", ""Assign the tasks to the relevant teams based on the nature of the changes"", ""Update ServiceNow records to reflect the initiation of the changes"", ""Monitor the progress of the changes and ensure they are executed as planned"", ""Close the ticket once all changes are verified to be complete"", ""Notify all relevant stakeholders about the completion of the changes and any impacts""]","[""All changes are progressed successfully according to the ServiceNow guidelines"", ""ServiceNow records are updated accurately reflecting the current status of the changes"", ""Stakeholders are informed about the changes and their outcomes""]","To address the request, you need to create and assign ServiceNow tasks to update and close the pending change requests. Ensure all necessary details are included in the task creation process.","[""Identify pending change requests needing updates."", ""Create ServiceNow tasks for each pending change."", ""Assign tasks to appropriate team members."", ""Update task status once changes are implemented."", ""Close tasks upon completion and verification.""]",The request pertains to managing ServiceNow tasks for updating and closing change requests. It does not align directly with HR onboarding or access management but rather with IT service management processes.,"{""needs_human"": false, ""needs_llm_escalation"": false, ""policy_gap"": false, ""reasons"": []}",,,,,,,,
AUDIT-0070,System F,5071,re your password expire days re expire days hello user change via procedure mentioned help by indicating steps follow order done thank regards october wrote dear expire days change pc press ctrl alt delete choose change thanks ext information confidential legally privileged intended solely addressee opinions expressed mine necessarily represent opinions susceptible interference intended recipient disclosure copying action taken omitted taken reliance strictly prohibited unlawful received error attachments please notify delete accepts responsibility information errors omissions misuse act committed omitted communication doubt please verify authenticity contents please rely own virus checkers responsibility taken by damage rising out virus infection registered under number whose registered old broad street kingdom provide clients each subsidiaries separate entity has liability entity acts omissions kind regards,Access,Password Expiration and Change Procedure,"[""Verify the user's identity and confirm the account requiring password change."", ""Guide the user through the password reset procedure as outlined in the 'Password Reset Procedure' article."", ""Ensure the user updates saved credentials on all devices and restarts any active sessions."", ""Monitor the account for any re-lock or suspicious activity within 24 hours."", ""Advise the user to change their password immediately if there is suspicion of unauthorized access."", ""Confirm with the user that they have successfully changed their password and can access their account."", ""Document the resolution steps and outcome in the ticket for future reference.""]","[""The user confirms that the password has been successfully changed."", ""The user reports no further issues accessing their account within 24 hours post-change.""]","Follow the PC procedure to change your password. Press Ctrl+Alt+Del, then choose 'Change a password.'","[""Press Ctrl+Alt+Del on PC."", ""Choose 'Change a password'.""]","The request is about changing password expiration, which aligns with the provided KB Reference 1 instructions.","{""needs_human"": false, ""needs_llm_escalation"": false, ""policy_gap"": false, ""reasons"": []}",,,,,,,,
AUDIT-0071,System E,17,new purchase po purchase po dear purchased received items lite updated include device under user name link please add allocation device thanks please log retrieve old device after receive item please take consideration mandatory receipts section order receive item ordered how video link please make return old device back accessories left receive receive old device take off user name kind regards administrator,Purchase,Purchase order and device allocation process,"[""Verify requester has access to procurement system."", ""Check PO status (draft, awaiting approval, approved, closed)."", ""Ensure correct cost centre, GL code, and vendor are selected."", ""Guide user through fixing validation errors and resubmitting."", ""Confirm PO approval and share PO number with requester."", ""Raise a request or purchase order according to IT Equipment Procurement Policy."", ""Assign replacement device and ensure asset tag is updated and linked to the user.""]","[""PO is approved and PO number is shared with requester."", ""Replacement device is assigned and asset tag is updated and linked to the user.""]",The ticket involves hardware replacement and device allocation. Follow the hardware replacement process to ensure proper handling of old and new devices.,"[""Confirm old device can be returned."", ""Raise PO for new device."", ""Assign new device to user."", ""Migrate data from old to new device.""]","The request pertains to adding a new device and returning an old one, aligning with hardware replacement procedures.","{""needs_human"": false, ""needs_llm_escalation"": false, ""policy_gap"": false, ""reasons"": []}",,,,,,,,
AUDIT-0072,System A,2064,access space for hi please approve thank,HR Support,Grant access to HR system,"[""Confirm user's employment status, role, and manager from HR."", ""Map requested rights to standard HR role profiles (employee, manager, HR staff)."", ""Submit or approve access change in HR system admin tool."", ""Ask user to log out of SSO and back in to refresh permissions."", ""Validate that key tasks (time entry, leave approval, HR reporting) now work."", ""Update ticket with final access profile and any exceptions.""]","[""User can log in to HR system successfully"", ""User has required access to perform key tasks (time entry, leave approval, HR reporting)""]",Your request for HR system access has been received. We will process it according to our standard workflow.,"[""Confirm user's employment status, role, and manager from HR."", ""Map requested rights to standard HR role profiles."", ""Submit or approve access change in HR system admin tool."", ""Ask user to log out of SSO and back in to refresh permissions."", ""Validate that key tasks now work.""]",The ticket matches the pattern for HR System Access Guide (HRIS / Oracle) as it pertains to granting and managing access to core HR systems.,"{""needs_human"": false, ""needs_llm_escalation"": false, ""policy_gap"": false, ""reasons"": []}",,,,,,,,
AUDIT-0073,System A,3611,temp monitor for temp monitor hi log order assign monitor while he visiting thank senior engineer,Hardware,Resolving temperature monitoring issue for senior engineer's hardware,"[""1. Confirm the temperature monitoring system is powered on and properly connected."", ""2. Check the log files for any error messages related to the temperature monitoring system."", ""3. Verify that the temperature monitoring software is running and up-to-date."", ""4. Test the temperature monitoring system with a known good sensor or probe."", ""5. If using a docking station, ensure it is properly connected and functioning."", ""6. Consult with the senior engineer to understand the specific requirements for temperature monitoring during visits."", ""7. Document the current configuration and any adjustments made to resolve the issue.""]","[""The temperature monitoring system is accurately recording temperatures without errors."", ""The senior engineer confirms that the temperature monitoring system meets the requirements for their visits.""]",We can provide a temporary monitor for your needs. Here are the steps to follow: 1. Request a temporary monitor from the IT department. 2. Plug in the temporary monitor and ensure it is working correctly. 3. Connect the temporary monitor to the senior engineer's device. 4. Return the temporary monitor to the IT department once the senior engineer leaves.,"[""Request a temporary monitor"", ""Ensure the temporary monitor is working"", ""Connect the temporary monitor to the senior engineer's device"", ""Return the temporary monitor once the senior engineer leaves""]",The ticket indicates a need for a temporary monitor due to a malfunctioning monitor. Providing a temporary monitor will allow the senior engineer to continue their work during their visit.,"{""needs_human"": false, ""needs_llm_escalation"": false, ""policy_gap"": false, ""reasons"": []}",,,,,,,,
AUDIT-0074,System E,5887,new starter re hi please find attached filled form thursday october hello please fill date thank,HR Support,New starter onboarding IT setup,"[""Verify the identity of the new starter and the accuracy of the HR onboarding request, including start date and role."", ""Create core accounts (AD, email, SSO) with the correct department and manager details confirmed from HR."", ""Provision the standard hardware kit appropriate for the role and confirm logistics for shipping or pickup."", ""Assign default application, HR system, and folder access based on the role profile, ensuring no duplicate access."", ""Test the login functionality for email, HR portal, and time-reporting systems before the handover to the new starter."", ""Share detailed 'Getting Started' instructions with both the manager and the new starter."", ""Update the ticket with all completed steps and any remaining follow-ups, including the date of completion.""]","[""All core accounts are created and verified as functional."", ""The new starter has received and confirmed receipt of the 'Getting Started' instructions.""]",The new starter needs the form completed with the current date for onboarding purposes.,"[""Verify the current date."", ""Fill out the form with the correct date."", ""Submit the form for review.""]",This request pertains to ensuring the new employee's onboarding process is complete and accurate.,"{""needs_human"": false, ""needs_llm_escalation"": false, ""policy_gap"": false, ""reasons"": []}",,,,,,,,
AUDIT-0075,System E,9596,caps temporary opened caps opened hi caps opened port regenerate let encrypt certificates opening rule please let stop running kind regards,Miscellaneous,Reassign misrouted ticket and address unclear requests,"[""Review the ticket description to determine the correct category and owner."", ""Update the ticket category, priority, and routing group based on the review."", ""Add a brief note explaining the reassignment to the ticket."", ""Clarify the request regarding 'caps temporary opened' and 'port regenerate let encrypt certificates'."", ""Determine if the request pertains to system access, certificate management, or another issue."", ""If related to system access, follow the resolution steps outlined in 'Access' policies."", ""If related to certificate management, escalate to the appropriate team for handling Let's Encrypt certificates.""]","[""The ticket is reassigned to the correct category and owner."", ""All unclear requests are clarified and addressed appropriately."", ""If escalated, the specialized team acknowledges receipt of the ticket.""]","The ticket involves multiple unrelated requests that need separate handling. Open CAPS, regenerate certificates, and review rules are distinct tasks requiring specific actions and permissions.","[""Open CAPS temporarily as requested."", ""Regenerate Let's Encrypt certificates."", ""Review and update opening rules."", ""Document all changes and notify requester.""]",The ticket contains multiple unrelated requests that do not fit into a single category. Each request needs to be addressed separately based on its nature.,"{""needs_human"": false, ""needs_llm_escalation"": false, ""policy_gap"": false, ""reasons"": []}",,,,,,,,
AUDIT-0076,System C,3154,needs to be progressed needs progressed hello please create assign sn help progress change title cr pending thanks,Miscellaneous,Progress IT ticket for miscellaneous request related to internal project support,"[""Gather detailed information about the project including sponsor, manager, and expected duration."", ""Identify and document the required systems such as repositories, CI/CD tools, databases, and test/stage environments."", ""Assign a primary IT contact or support group responsible for the project."", ""Define clear support hours, incident severity levels, and escalation contacts for the project."", ""Document the entire project setup and support model in a shared and accessible location."", ""Review the documentation with the project team to ensure accuracy and completeness."", ""Update the ticket with the progress and next steps for the requester.""]","[""Documentation of project setup and support model is complete and accurate."", ""A primary IT contact or support group is assigned and confirmed by the project team."", ""The ticket is updated with clear next steps and the requester acknowledges the progress.""]","To progress your request, please follow these steps: Confirm HR has recorded the change and effective date. Map new role to standard IT access profile. Add or remove applications, distribution lists, and HR permissions. Validate new permissions with the user and manager. Remove temporary or probationary access that is no longer required.","[""Confirm HR has recorded the change and effective date"", ""Map new role to standard IT access profile"", ""Add or remove applications, distribution lists, and HR permissions"", ""Validate new permissions with the user and manager"", ""Remove temporary or probationary access that is no longer required""]","The ticket refers to a role change, which typically requires an update to the employee's IT access. The provided pattern matches the 'Probation, Promotion and Role Change IT Updates' knowledge base article.","{""needs_human"": false, ""needs_llm_escalation"": false, ""policy_gap"": false, ""reasons"": []}",,,,,,,,
AUDIT-0077,System D,6184,leadership outlook dear please add thanks interim,Administrative rights,Grant Interim Leadership Access to Outlook,"[""1. Verify the requester's identity and obtain approval from a manager or system owner."", ""2. Confirm the mailbox exists and is licensed/active for the interim leader."", ""3. Ensure the user has the correct mailbox permissions, including access to shared mailboxes if applicable."", ""4. Configure the email profile using standard auto-discovery settings for Outlook."", ""5. For mobile access, confirm the use of an approved mail client and compliance with security policies (MDM, device encryption)."", ""6. Sync mail and confirm that sending and receiving emails works as expected."", ""7. Ask the user to log off and back in to refresh permissions.""]","[""The interim leader can access Outlook without issues."", ""The user can send and receive emails successfully with the appropriate permissions.""]","To add 'thanks interim' to the leadership outlook email, follow these steps: 1. Open the email template or draft. 2. Locate the section where you want to add the text. 3. Insert 'thanks interim' at the appropriate place. 4. Save the changes and send the email.","[""Open the email template or draft."", ""Locate the section where you want to add the text."", ""Insert 'thanks interim' at the appropriate place."", ""Save the changes and send the email.""]",The request is to modify an email template by adding specific text. This falls under administrative tasks related to email configuration.,"{""needs_human"": false, ""needs_llm_escalation"": false, ""policy_gap"": false, ""reasons"": []}",,,,,,,,
AUDIT-0078,System E,7478,create security for all users create users,Access,Create security for all users and establish user accounts,"[""1. Verify that the requester has the necessary permissions to create new user accounts."", ""2. Check the system to confirm whether the user account already exists."", ""3. If the user account does not exist, create a new user account with appropriate access levels and security settings based on the user's role."", ""4. Assign the user to the correct group and role within the organization's access management system."", ""5. Ensure that the user's account complies with the guidelines outlined in 'admin_rights.privileged_account_usage_guidelines' for any required administrative access."", ""6. Confirm that the user can log in successfully and has the required access according to their role."", ""7. Review the user's account settings against the 'access.expired_account_handling' policy to ensure proper handling of account expiration.""]","[""The user can log in successfully with the correct credentials."", ""The user has the required access and security settings aligned with their role.""]",Security measures should be created and users added following standard IT procedures.,"[""Review security policies and procedures."", ""Create security roles and permissions."", ""Add new users to the system."", ""Assign appropriate roles to new users.""]","The request involves creating security and adding users, which are common IT tasks requiring standard procedures and access controls.","{""needs_human"": false, ""needs_llm_escalation"": false, ""policy_gap"": false, ""reasons"": []}",,,,,,,,
AUDIT-0079,System C,6847,migrate to control hello please create tickets assign queue migrate migrate migrate kind regards engineer friday re control hello guys please turn off won anymore create join under name help configuration after build did yesterday control works fine details schedule call kind regards engineer friday control hello far setup did issues caused by distance satellite ensure control by takes must requires control migrated populated afterwards moved back please work together ensure addressed high priority please reach out additional resources committed effort lead,Hardware,Migrate control system to new hardware and address connectivity issues,"[""Schedule a detailed planning call with the engineering team to finalize the migration strategy"", ""Ensure the new hardware is fully set up, configured, and tested before migration"", ""Migrate the control system to the new hardware following the agreed-upon plan"", ""Conduct thorough testing of the control system post-migration to confirm functionality"", ""Address any issues related to distance or satellite connectivity impacting control performance"", ""Review and update the configuration settings to match the new environment"", ""Document all changes made during the migration process for future reference""]","[""The control system is fully functional on the new hardware without any performance degradation"", ""All identified issues, particularly those related to distance or satellite connectivity, are resolved"", ""Access to the control system is properly managed according to the latest access request flow policies""]",The request involves migrating control systems and addressing hardware issues due to satellite distance. Ensure all necessary configurations are made post-migration and verify system functionality.,"[""Migrate control systems to new environment."", ""Adjust configurations post-migration."", ""Verify system functionality."", ""Ensure satellite distance does not affect control."", ""Schedule follow-up checks.""]",The ticket mentions migration of control systems and hardware issues linked to satellite distance. It requires technical adjustments and validation post-migration.,"{""needs_human"": false, ""needs_llm_escalation"": true, ""policy_gap"": false, ""reasons"": [""long_ticket""]}",,,,,,,,
AUDIT-0080,System A,6459,re security incident at re card,Access,Resolve RE card security incident and verify 2FA status,"[""Confirm role, manager approval, and reason for access."", ""Check user status in physical access control system."", ""Assign appropriate access profile and time schedule."", ""Ask user to test badge at required entry points."", ""Log access level changes for audit."", ""Verify user's 2FA status in the identity provider or security portal."", ""Reset 2FA and guide user through re-enrollment if necessary.""]","[""Badge access is granted successfully and tested at required entry points."", ""User can access required areas without issues."", ""2FA is confirmed to be active and functioning properly.""]","Please contact the security team to investigate the security incident with your RE card. If necessary, they will guide you through the process of replacing your card.","[""Contact the security team to report the incident."", ""Follow their instructions for further investigation."", ""If a replacement card is needed, follow their guidance for the replacement process.""]","The ticket falls under the category of Access, as it involves a security issue with a physical access card. However, due to the nature of the security incident, it requires immediate attention from the security team.","{""needs_human"": true, ""needs_llm_escalation"": false, ""policy_gap"": false, ""reasons"": []}",,,,,,,,
AUDIT-0081,System D,5630,instance storage size increase re updated instance storage size increase hello please advise additional action done part restarting instance blocks available mounted run run user thanks design lead,Storage,Increase Instance Storage Size,"[""1. Verify the current storage usage and quota for the instance."", ""2. Consult with the user to identify and remove unnecessary files or data."", ""3. Apply retention guidelines to manage old or redundant data effectively."", ""4. If necessary, submit a formal request to the storage owner for a quota increase, detailing the business justification."", ""5. Monitor the storage allocation process until completion."", ""6. Update the documentation with the new quota details and schedule a review date."", ""7. Ensure the instance is restarted if required after the storage increase to make the changes effective.""]","[""The instance storage size has been increased according to the request."", ""The user confirms they can access and utilize the additional storage without encountering any errors."", ""The instance restarts successfully after the storage increase, if a restart was necessary.""]","To increase the instance storage size, first identify the current usage and available blocks. Then, update the storage size and restart the instance. Ensure all mounted blocks are properly configured and verify the user can run applications post-restart.","[""Identify current storage usage and available blocks."", ""Update the instance storage size."", ""Restart the instance after the update."", ""Verify all mounted blocks are properly configured."", ""Confirm the user can run applications post-restart.""]","The request involves updating instance storage size and restarting the instance, which aligns with storage management tasks.","{""needs_human"": false, ""needs_llm_escalation"": false, ""policy_gap"": false, ""reasons"": []}",,,,,,,,
AUDIT-0082,System B,2064,access space for hi please approve thank,HR Support,Grant access to HR system,"[""Confirm user's employment status, role, and manager from HR."", ""Map requested rights to standard HR role profiles (employee, manager, HR staff)."", ""Submit or approve access change in HR system admin tool."", ""Ask user to log out of SSO and back in to refresh permissions."", ""Validate that key tasks (time entry, leave approval, HR reporting) now work."", ""Update ticket with final access profile and any exceptions.""]","[""User can log in to HR system successfully"", ""User has required access to perform key tasks (time entry, leave approval, HR reporting)""]","To grant access to the requested space, verify the requester's identity and approval from their manager or system owner. Identify the specific system and role needed, then apply the necessary changes through the IAM tool or AD group. Confirm the access works for key actions.","[""Verify requester identity and approval."", ""Identify the specific system and role."", ""Apply changes via IAM or AD group."", ""Ask user to log off and back in."", ""Confirm access works for key actions.""]","The request is for access approval which aligns with HR support guidelines for granting access to systems. The process involves verifying identity, obtaining approval, identifying the system and role, applying changes, and confirming access.","{""needs_human"": false, ""needs_llm_escalation"": false, ""policy_gap"": false, ""reasons"": []}",,,,,,,,
AUDIT-0083,System D,2620,new project code pas please setup code per form attached thank,Internal Project,Setup new project code per attached form,"[""Confirm project sponsor, manager, and expected duration"", ""Identify required systems (repositories, CI/CD, databases, test/stage)"", ""Assign a primary IT contact or support group and notify them of their responsibilities"", ""Define support hours, incident severity levels, and establish clear escalation contacts"", ""Document project setup details including systems, contacts, and support model in a shared and accessible location"", ""Review and confirm the budget availability and cost allocation with the finance department"", ""Ensure compliance with IT Equipment Procurement Policy and apply correct GL codes and project codes in the procurement system""]","[""Project setup is complete and all necessary systems are configured"", ""Primary IT contact or support group is assigned and fully aware of project requirements and escalation procedures"", ""Budget approval and cost allocation are confirmed and documented according to policy""]","To set up the code for the new project, follow these steps: Confirm the project details and cost center from the attached form. Validate the budget availability for the project. Apply the correct GL codes and project codes in the procurement system. Coordinate with finance if charges need to be moved or split. Document the final allocation in the ticket and PO notes.","[""Confirm the project details and cost center from the attached form."", ""Validate the budget availability for the project."", ""Apply the correct GL codes and project codes in the procurement system."", ""Coordinate with finance if charges need to be moved or split."", ""Document the final allocation in the ticket and PO notes.""]","The request involves setting up a new project, which falls under internal project management. The steps involve budget approval and cost allocation, aligning with the 'Budget Approval and Cost Allocation' KB reference.","{""needs_human"": false, ""needs_llm_escalation"": false, ""policy_gap"": false, ""reasons"": []}",,,,,,,,
AUDIT-0084,System F,7137,bod new list dear please changes mailing create include both please include thanks head out public holiday,Miscellaneous,Create a new mailing list including public holiday and head out announcements,"[""Verify requester identity and confirm authority to initiate mailing list creation"", ""Identify the scope and purpose of the new mailing list"", ""Create the mailing list using the organization's approved tools and platforms"", ""Add 'public holiday' and 'head out' topics as categories or tags within the list"", ""Configure list settings to allow appropriate subscription and posting permissions"", ""Notify potential subscribers about the new mailing list and its purpose"", ""Monitor initial feedback and adjust settings as necessary""]","[""Mailing list is successfully created and configured"", ""All relevant stakeholders receive notification about the new mailing list"", ""List settings allow proper management of subscriptions and postings""]",This request involves creating a mailing list with specific email addresses. Follow standard access request procedures to ensure accuracy and security.,"[""Verify email addresses and ownership."", ""Create mailing list with specified emails."", ""Confirm inclusion with all recipients.""]",The request aligns with the Access Request Flow category but focuses on email addresses rather than system access.,"{""needs_human"": false, ""needs_llm_escalation"": false, ""policy_gap"": false, ""reasons"": []}",,,,,,,,
AUDIT-0085,System D,4977,new columns for employee details report columns details report hi kindly asking amend details report details attached excel questions please let please thank analyst,Internal Project,Amend employee details report columns,"[""Validate the requester's role and legal basis for accessing HR data."", ""Identify the required fields, date ranges, and format (Excel) for the employee details report."", ""Confirm the exact report, filters, and export format needed for the amendment."", ""Attempt to reproduce the issue using a test or admin account to ensure the problem is understood."", ""Check user permissions for reporting modules to ensure access rights are correct."", ""Clear browser cache or test in an alternate browser if the report is web-based."", ""Log any errors encountered and coordinate with the application owner for necessary fixes."", ""Use HR reporting tools to generate the report with the updated column details provided in the attached Excel file.""]","[""The employee details report is generated successfully with the new columns specified in the attached Excel file."", ""All requested amendments to the report columns are accurately reflected in the final report output.""]","To add new columns to the employee details report, first confirm the specific columns needed. Then, update the report template with these columns and test the changes. Ensure the report is correctly formatted and exported to Excel. If issues persist, check user permissions and clear the browser cache.","[""Confirm the specific columns to be added to the report."", ""Update the report template with the new columns."", ""Test the report to ensure the new columns are correctly displayed."", ""Check user permissions for the reporting module."", ""Clear the browser cache if the report does not display correctly.""]","The request involves modifying an existing report to include new columns, which is a common task in report generation.","{""needs_human"": false, ""needs_llm_escalation"": false, ""policy_gap"": false, ""reasons"": []}",,,,,,,,
AUDIT-0086,System D,194,access to folder folder hello folder please libraries view thank head creative,Storage,Resolve access issue to folder 'hello' in Creative Libraries,"[""1. Confirm user can access Microsoft 365/SSO portal."", ""2. Verify SharePoint permissions on the affected library or folder 'hello'."", ""3. Check OneDrive sync client status; re-sign in or reset if necessary."", ""4. Test web access vs synced folder to isolate client vs service issues."", ""5. Review current ACLs or permission groups for 'hello' folder."", ""6. Apply least-privilege changes to ensure proper access rights."", ""7. Ensure inheritance settings are correct to avoid breaking other folders."", ""8. Ask user to re-test access from their normal workstation.""]","[""User can access folder 'hello' in Creative Libraries without issues."", ""Permissions on 'hello' folder are correctly set according to the least privilege principle.""]","To grant access to the 'hello folder' in the libraries, verify the user's permissions and ensure they can access the Microsoft 365 portal. Check the OneDrive sync client status and resolve any sync conflicts. If issues persist, test web access versus synced folder to isolate the problem.","[""Confirm the user can access the Microsoft 365/SSO portal."", ""Check OneDrive sync client status; re-sign in or reset if necessary."", ""Verify SharePoint permissions on the 'hello folder'."", ""Resolve any sync conflicts by renaming or consolidating files.""]","The request involves accessing a specific folder in shared libraries, which falls under storage issues. The KB references provided cover troubleshooting for OneDrive and SharePoint, as well as file permissions management.","{""needs_human"": false, ""needs_llm_escalation"": false, ""policy_gap"": false, ""reasons"": []}",,,,,,,,
AUDIT-0087,System A,194,access to folder folder hello folder please libraries view thank head creative,Storage,Resolve access issue to folder 'hello' in Creative Libraries,"[""1. Confirm user can access Microsoft 365/SSO portal."", ""2. Verify SharePoint permissions on the affected library or folder 'hello'."", ""3. Check OneDrive sync client status; re-sign in or reset if necessary."", ""4. Test web access vs synced folder to isolate client vs service issues."", ""5. Review current ACLs or permission groups for 'hello' folder."", ""6. Apply least-privilege changes to ensure proper access rights."", ""7. Ensure inheritance settings are correct to avoid breaking other folders."", ""8. Ask user to re-test access from their normal workstation.""]","[""User can access folder 'hello' in Creative Libraries without issues."", ""Permissions on 'hello' folder are correctly set according to the least privilege principle.""]","To access the 'hello folder' in the libraries view, please verify your permissions on the affected library or folder. If necessary, adjust permissions to grant access.","[""Confirm your current permissions on the affected library or folder"", ""Review and adjust permissions as needed to grant access"", ""Test access from your normal workstation""]","The request pertains to accessing a specific folder within a library, which suggests a storage issue related to file permissions.","{""needs_human"": false, ""needs_llm_escalation"": false, ""policy_gap"": false, ""reasons"": []}",,,,,,,,
AUDIT-0088,System C,8674,new request dear kind create called composition thanks id image add,Miscellaneous,Clarify and Assist in Creating a Composition with an ID Image,"[""Verify the requester's intent and clarify whether they are referring to a specific type of document or project."", ""Guide the user to provide detailed specifications for the composition, including format, content, and purpose."", ""Determine if the creation of the composition falls under any existing policies or procedures (e.g., project documentation, report creation)."", ""Assist the user in understanding how to incorporate an ID image into the composition, ensuring it meets any specified guidelines."", ""Provide step-by-step instructions on how to save the composition and add the ID image using available tools or software."", ""Confirm with the user that the composition is ready for submission and advise on the submission process."", ""Follow up to ensure the composition has been submitted successfully and address any further concerns.""]","[""The user understands the process for creating the composition and adding the ID image."", ""The composition is created and submitted according to the user's requirements and any applicable guidelines.""]","To create a composition with image addition, follow these steps: 1. Log in to the content management system (CMS). 2. Navigate to the 'Compositions' section. 3. Click on 'Create New Composition'. 4. Add your content and upload the desired image. 5. Save and publish your composition.","[""Log in to the CMS"", ""Navigate to Compositions"", ""Create New Composition"", ""Add content and image"", ""Save and publish""]","The request is for creating a composition with image addition, which can be achieved by following the standard process for creating and managing content in the CMS.","{""needs_human"": false, ""needs_llm_escalation"": false, ""policy_gap"": false, ""reasons"": []}",,,,,,,,
AUDIT-0089,System B,9976,de va visitor deactivate visitor deactivate visitor deactivate visitor deactivate visitor deactivate visitor deactivate visitor deactivate visitor deactivate visitor deactivate va visitor reactivate visitor returned activated visitor reactivate visitor returned activated,Access,Manage Visitor Access Deactivation and Reactivation,"[""Confirm the visitor's current status and access requirements with HR or the visitor's sponsoring department."", ""Deactivate the visitor's account and remove access to all company systems and applications following the Employee Offboarding IT Checklist."", ""Ensure any equipment provided to the visitor is returned and accounted for."", ""Schedule account reactivation based on the visitor's return date and updated access requirements."", ""Reactivate the visitor's account and restore access to required systems and applications as per the latest access profile."", ""Document all actions taken and confirm with HR or the sponsoring department.""]","[""Verify that the visitor's account is deactivated and all access is removed upon departure."", ""Confirm that the visitor's account is reactivated and access is correctly restored upon their return.""]",This ticket involves deactivating and reactivating several visitor accounts. Ensure all necessary steps are followed for proper account management.,"[""Confirm deactivation of specified visitor accounts."", ""Reactivate accounts for those marked as 'returned activated'."", ""Verify all changes in system."", ""Notify relevant parties of account statuses.""]","The ticket describes actions related to visitor account status changes, requiring verification and appropriate handling.","{""needs_human"": false, ""needs_llm_escalation"": false, ""policy_gap"": false, ""reasons"": []}",,,,,,,,
AUDIT-0090,System D,17,new purchase po purchase po dear purchased received items lite updated include device under user name link please add allocation device thanks please log retrieve old device after receive item please take consideration mandatory receipts section order receive item ordered how video link please make return old device back accessories left receive receive old device take off user name kind regards administrator,Purchase,Purchase order and device allocation process,"[""Verify requester has access to procurement system."", ""Check PO status (draft, awaiting approval, approved, closed)."", ""Ensure correct cost centre, GL code, and vendor are selected."", ""Guide user through fixing validation errors and resubmitting."", ""Confirm PO approval and share PO number with requester."", ""Raise a request or purchase order according to IT Equipment Procurement Policy."", ""Assign replacement device and ensure asset tag is updated and linked to the user.""]","[""PO is approved and PO number is shared with requester."", ""Replacement device is assigned and asset tag is updated and linked to the user.""]","To update the purchase order, log the retrieval of the old device, and ensure the old device is returned with all accessories, follow these steps: 1. Update the purchase order to include the new device under the user's name. 2. Log the retrieval of the old device after receiving the new item. 3. Ensure the old device is returned with all accessories. 4. Remove the old device from the user's name. 5. Confirm the mandatory receipts section is updated with the new device details.","[""Update the purchase order to include the new device under the user's name."", ""Log the retrieval of the old device after receiving the new item."", ""Ensure the old device is returned with all accessories."", ""Remove the old device from the user's name."", ""Confirm the mandatory receipts section is updated with the new device details.""]","The request involves updating a purchase order, logging device retrieval, and ensuring the return of an old device with accessories, which falls under the hardware replacement process.","{""needs_human"": false, ""needs_llm_escalation"": false, ""policy_gap"": false, ""reasons"": []}",,,,,,,,
AUDIT-0091,System F,7278,prod database access prod database dear since working tool please database prod regards engineer,Hardware,Grant access to production database for engineer,"[""Verify the engineer's identity and obtain approval from their manager or the system owner"", ""Determine the specific production database and the required role level for access"", ""Review current access levels to prevent duplication of access rights"", ""Provision access through the Identity and Access Management (IAM) tool or application admin console"", ""Instruct the engineer to log out and log back in to refresh their permissions"", ""Test the access to ensure it functions correctly for necessary operations"", ""Document the granted access in the ticket, including the groups and roles applied""]","[""The engineer successfully accesses the production database with the correct role level"", ""Access details are accurately recorded and communicated to the relevant parties""]","The request is for production database access for an engineering tool, which falls under project infrastructure needs.","[""Gather project details (stack, environments, users)."", ""Estimate compute and storage needs."", ""Map requirements to standard platforms."", ""Raise provisioning requests and track completion.""]","The ticket mentions production database access for a tool, aligning with project infrastructure requirements.","{""needs_human"": false, ""needs_llm_escalation"": false, ""policy_gap"": false, ""reasons"": []}",,,,,,,,
AUDIT-0092,System A,6138,win win hello please help upgrade os regards,Administrative rights,Upgrade Operating System Request,"[""1. Verify the requester's identity and confirm authorization for OS upgrades."", ""2. Assess the current OS version and compatibility with company standards."", ""3. Schedule the upgrade during a maintenance window to minimize disruption."", ""4. Back up critical data before proceeding with the OS upgrade."", ""5. Perform the OS upgrade using approved methods and tools."", ""6. Test the system post-upgrade to ensure all applications work correctly."", ""7. Document the upgrade process and any issues encountered."", ""8. Notify the user of the completion and schedule a check-in to confirm satisfaction.""]","[""The operating system is upgraded to the specified version without data loss."", ""All essential applications run without issues on the new OS.""]","To upgrade your operating system, please follow the OS Upgrade process. This involves downloading the latest version of your OS, creating a backup of your data, and performing the installation.","[""Download the latest version of your OS"", ""Create a backup of your data"", ""Perform the OS installation"", ""Verify the OS upgrade is successful""]",The user is asking for help in upgrading their operating system. The OS Upgrade process is the appropriate workflow for this request.,"{""needs_human"": false, ""needs_llm_escalation"": false, ""policy_gap"": false, ""reasons"": []}",,,,,,,,
AUDIT-0093,System E,3036,please action direct reports missing time please action reports hello guys please take relevant actions order submit rest he left thank november please action reports dear part established processes each required submit his weekly basis each friday past must submitted receiving because reports haven followed process please help cascade accordingly gets possible breakdown reports please note refers has left maternity other absence leave please update person record otherwise please person directly submit country date total days,HR Support,Address missing time reports and update personnel records for maternity and other leaves,"[""Review and confirm the current time-reporting system and the specific reporting period (weekly, monthly)."", ""Verify that all direct reports are correctly assigned to their respective cost centres or projects."", ""Ensure that the timesheet system is accessible for edits and not locked due to payroll processing."", ""Instruct direct reports on how to correct their time entries or initiate an administrative correction if necessary."", ""Reconcile the recalculated totals and ensure that all timesheets have been properly approved."", ""Update the personnel records for individuals on maternity or other forms of leave, ensuring accurate dates and total days are recorded."", ""Notify affected individuals directly to submit their timesheets if they have not done so.""]","[""All direct reports have submitted their timesheets for the current period."", ""Personnel records are accurately updated to reflect maternity and other leaves.""]",Ensure all direct reports submit their missing time reports and establish a process for weekly submissions on Fridays. Update records for those on leave and ensure continued compliance with reporting requirements.,"[""Identify missing time reports."", ""Establish weekly submission process."", ""Update records for employees on leave."", ""Directly submit reports for non-compliant individuals."", ""Confirm all reports are submitted.""]","The request pertains to ensuring timely submission of time reports from direct reports, establishing a regular submission process, and handling absences properly.","{""needs_human"": false, ""needs_llm_escalation"": true, ""policy_gap"": false, ""reasons"": [""long_ticket""]}",,,,,,,,
AUDIT-0094,System D,2088,add new pipes add pipes dear please add values listed pipe thanks december add pipes hello discussed let create add pipes pipes add filter amount filter method filter frequency processing create plan processing delete plan processing plan input plan output finish best regards tester,Internal Project,Add new pipes to internal project,"[""1. Confirm change request for adding new pipes has been approved."", ""2. Schedule the maintenance window for the deployment of new pipes."", ""3. Validate the backup and rollback plan for the new pipes implementation."", ""4. Ensure monitoring, logging, and alerting configurations are updated for the new pipes."", ""5. Coordinate with the development team to execute the deployment steps."", ""6. Conduct smoke tests to verify the functionality of the new pipes."", ""7. Confirm with end-users that key user journeys function correctly with the new pipes.""]","[""Verify that the new pipes have been successfully integrated into the system."", ""Confirm that all key user journeys function as expected post-deployment.""]","To add new pipes with specified values and filters, follow these steps: create the pipes, add the necessary filters, and then process the plan. Ensure to input the correct values and verify the output. If issues persist, consider deleting and recreating the plan.","[""Create the new pipes with the specified values."", ""Add the necessary filters for amount, method, and frequency."", ""Process the plan to ensure the pipes are functioning correctly."", ""Verify the input and output of the plan."", ""If issues arise, delete the plan and recreate it.""]","The request involves creating and configuring new pipes with specific values and filters, which aligns with internal project management tasks.","{""needs_human"": false, ""needs_llm_escalation"": false, ""policy_gap"": false, ""reasons"": []}",,,,,,,,
AUDIT-0095,System B,2144,laptop stand stand dear stand computer possible best regards tester,Hardware,Laptop Stand Request,"[""Review the current inventory for available laptop stands."", ""Contact the user to confirm the specific requirements for the laptop stand."", ""Select the most suitable laptop stand based on compatibility and ergonomic needs."", ""Prepare the laptop stand for dispatch or pickup, ensuring it is properly packaged."", ""Notify the user about the expected delivery or pickup date."", ""Follow up with the user after delivery/pickup to confirm receipt and satisfaction."", ""Update the inventory system to reflect the allocation of the laptop stand.""]","[""The user receives the laptop stand as requested."", ""The user confirms the laptop stand meets their requirements.""]","To find the best laptop stand, consider factors like adjustability, ventilation, and compatibility with your laptop size. Ensure it provides adequate support and does not obstruct air flow.","[""Identify laptop size and preferred features."", ""Research top-rated stands online."", ""Check reviews for ventilation and stability."", ""Test the stand if possible before purchase."", ""Consider ergonomic design for long-term use.""]","The query seeks advice on choosing a suitable laptop stand, which falls under hardware recommendations rather than repair or malfunction issues.","{""needs_human"": false, ""needs_llm_escalation"": false, ""policy_gap"": false, ""reasons"": []}",,,,,,,,
AUDIT-0096,System C,8705,laptop charger charger forgot charger kind regards,Hardware,Laptop Charger Issue Resolution,"[""Verify that the user is using the correct and approved laptop charger model."", ""Inspect the charger for any visible signs of damage such as frayed wires or broken connectors."", ""Test the charger with another compatible laptop to determine if the issue is with the charger itself."", ""If the charger passes the test, check the laptop's charging port for any damage or debris."", ""Update the laptop's BIOS/firmware and power-management drivers if they are outdated."", ""If the issue persists, initiate the hardware replacement process for the charger.""]","[""The charger is confirmed to be functioning properly."", ""The user reports that the laptop charges successfully with the charger."", ""There are no further reports of power or charging issues from the user.""]",This ticket pertains to a hardware issue regarding a forgotten laptop charger. The user needs assistance in obtaining a replacement or borrowing a charger temporarily.,"[""Identify nearest available spare charger."", ""If none available, arrange loan from colleague."", ""Provide temporary charging solution until personal charger is retrieved."", ""Document incident for future reference.""]","The ticket mentions 'forgot charger,' which aligns with hardware-related issues involving physical devices like chargers. It does not fit the password reset or docking station categories.","{""needs_human"": false, ""needs_llm_escalation"": true, ""policy_gap"": false, ""reasons"": [""short_answer""]}",,,,,,,,
AUDIT-0097,System B,8705,laptop charger charger forgot charger kind regards,Hardware,Laptop Charger Issue Resolution,"[""Verify that the user is using the correct and approved laptop charger model."", ""Inspect the charger for any visible signs of damage such as frayed wires or broken connectors."", ""Test the charger with another compatible laptop to determine if the issue is with the charger itself."", ""If the charger passes the test, check the laptop's charging port for any damage or debris."", ""Update the laptop's BIOS/firmware and power-management drivers if they are outdated."", ""If the issue persists, initiate the hardware replacement process for the charger.""]","[""The charger is confirmed to be functioning properly."", ""The user reports that the laptop charges successfully with the charger."", ""There are no further reports of power or charging issues from the user.""]",This ticket pertains to a hardware issue regarding a forgotten laptop charger. The user needs assistance in obtaining a replacement or borrowing a charger temporarily.,"[""Identify nearest available spare charger."", ""If none available, arrange loan from colleague."", ""Provide temporary charging solution until personal charger is retrieved."", ""Document incident for future reference.""]","The ticket mentions 'forgot charger,' which aligns with hardware-related issues involving physical devices like chargers. It does not fit the password reset or docking station categories.","{""needs_human"": false, ""needs_llm_escalation"": false, ""policy_gap"": false, ""reasons"": []}",,,,,,,,
AUDIT-0098,System E,3487,new purchase po purchase po dear purchased by converter pin key key please log allocation after receive item please take consideration mandatory receipts section order receive item ordered how video link kind regards administrator,Purchase,"New Purchase PO: Allocation, Receipt, and Tracking","[""Verify that the requester has access to the procurement system and can initiate a purchase order."", ""Check the status of the purchase order (PO) to ensure it is not stuck in a pending state."", ""Ensure that the correct cost centre, GL code, and vendor are selected before proceeding."", ""Guide the user through fixing any validation errors and resubmitting the PO."", ""Confirm PO approval and share the PO number with the requester."", ""Upon receiving the item, log the allocation in the procurement system and consider mandatory receipts as per the order."", ""Track the status of the hardware order using the PO or order number to confirm delivery.""]","[""The PO is approved, and the item is correctly allocated in the procurement system."", ""The item is received, and its delivery is confirmed with appropriate tracking details.""]",This ticket involves logging PO allocation post-receipt of an item. The PO process requires verification of correct entries and timely allocation once items are received.,"[""Verify PO status is correct."", ""Check for any validation errors."", ""Log allocation in procurement system."", ""Confirm receipt with supplier.""]","The request pertains to the purchase order workflow, specifically the step of allocating a PO after receiving an item.","{""needs_human"": false, ""needs_llm_escalation"": false, ""policy_gap"": false, ""reasons"": []}",,,,,,,,
AUDIT-0099,System E,6184,leadership outlook dear please add thanks interim,Administrative rights,Grant Interim Leadership Access to Outlook,"[""1. Verify the requester's identity and obtain approval from a manager or system owner."", ""2. Confirm the mailbox exists and is licensed/active for the interim leader."", ""3. Ensure the user has the correct mailbox permissions, including access to shared mailboxes if applicable."", ""4. Configure the email profile using standard auto-discovery settings for Outlook."", ""5. For mobile access, confirm the use of an approved mail client and compliance with security policies (MDM, device encryption)."", ""6. Sync mail and confirm that sending and receiving emails works as expected."", ""7. Ask the user to log off and back in to refresh permissions.""]","[""The interim leader can access Outlook without issues."", ""The user can send and receive emails successfully with the appropriate permissions.""]","To add 'thanks' to the interim leadership outlook email, ensure the email is correctly configured and accessible. If it's a template issue, update the email template to include the 'thanks' message.","[""Verify email configuration and accessibility."", ""Check if the email uses a template."", ""Update the email template to include 'thanks'."", ""Confirm the updated message sends correctly.""]","The request pertains to modifying an email content specifically for interim leadership, which involves ensuring proper configuration and possibly updating templates.","{""needs_human"": false, ""needs_llm_escalation"": true, ""policy_gap"": false, ""reasons"": [""short_answer""]}",,,,,,,,
AUDIT-0100,System D,7167,re new purchase po re purchase po later update please kind regards administrator tuesday pm purchase po dear purchased pro retina intel plus graphics kb please log allocation please take consideration mandatory receipts section order receive item ordered how video please explorer kind regards administrator,Purchase,Resolving purchase order issues and tracking deliveries for IT items,"[""Verify requester has access to procurement system and understands the purchase order workflow."", ""Check PO status (draft, awaiting approval, approved, closed) and guide the user through any necessary corrections."", ""Ensure correct cost centre, GL code, and vendor are selected; adjust if necessary."", ""Guide user through fixing validation errors and resubmitting the PO."", ""Confirm PO approval and share PO number with requester."", ""Look up PO or order number and current status for tracking purposes."", ""Retrieve courier tracking information if available and confirm shipping address and contact information with user.""]","[""PO is approved and PO number is shared with the requester."", ""Requester has access to procurement system and can track PO status."", ""Courier tracking information is provided to the requester for delivery tracking.""]","To log the allocation and consider mandatory receipts for your new purchase order, follow these steps: Verify your access to the procurement system, check the PO status, ensure correct details are selected, and guide through fixing any validation errors. If issues persist, escalate to the vendor or logistics team.","[""Verify requester has access to the procurement system."", ""Check PO status (draft, awaiting approval, approved, closed)."", ""Ensure correct cost centre, GL code, and vendor are selected."", ""Guide user through fixing validation errors and resubmitting.""]","The user is requesting help with logging allocation and considering mandatory receipts for a new purchase order. This involves verifying access, checking PO status, and ensuring correct details are selected.","{""needs_human"": false, ""needs_llm_escalation"": false, ""policy_gap"": false, ""reasons"": []}",,,,,,,,
AUDIT-0101,System C,4556,new project code for code has assigned hi setting assign thank kind regards engineer november code has assigned hello please advised record number has assigned please review details take appropriate action reference number details requested location kingdom liverpool liverpool summary code additional comments requirements code hi please create code code name platform give write myself manage code please let require further information kind regards technical programme id canary assign reference assignment summary code location kingdom liverpool liverpool attachments setup form please link kind regards ref msg,Internal Project,Create new project code for internal project,"[""1. Verify project details and requirements with the requester."", ""2. Create a new project code in the system following the internal project guidelines."", ""3. Assign the project code to the correct location (Kingdom, Liverpool, Liverpool) and ensure it is linked to the relevant department."", ""4. Set up the project with the required settings and configurations, including any specific platform needs as mentioned."", ""5. Review the project budget and cost allocation to ensure accuracy and alignment with financial policies."", ""6. Update the project details in the tracking system and confirm the setup with the requester."", ""7. Tag the project assets according to the Hardware Asset Tagging and Tracking policy."", ""8. Confirm that all necessary documentation, such as the setup form, is completed and linked to the project.""]","[""The new project code is created and verified within the system."", ""The project code is correctly assigned to the specified location and department."", ""All required settings and configurations are applied according to the project requirements."", ""The project budget and cost allocation are reviewed and updated as necessary.""]",A new project code named 'platform' needs to be created for the Liverpool location. Please review the attached setup form and confirm the details.,"[""Review attached setup form."", ""Confirm project code details."", ""Create new project code 'platform'."", ""Assign code to Liverpool location."", ""Notify relevant parties of assignment.""]","The request pertains to initiating a new project code within the Liverpool location, aligning with internal project management processes.","{""needs_human"": false, ""needs_llm_escalation"": true, ""policy_gap"": false, ""reasons"": [""long_ticket""]}",,,,,,,,
AUDIT-0102,System F,9394,new delivery hello received items protective cover lite tempered glass screen protector included po please advise please log thank engineer,Purchase,Tracking delivery of protective cover and tempered glass screen protector,"[""Verify the PO or order number and check the current status in the procurement system."", ""Retrieve the courier tracking information and provide it to the user."", ""Confirm the shipping address and contact information with the user to ensure accuracy."", ""If the shipment is delayed, escalate to the vendor or logistics team for further investigation."", ""Update the ticket with the estimated time of arrival (ETA) and confirm the delivery with the user."", ""Document all communication and updates in the ticket for future reference."", ""Follow up with the user to confirm receipt and satisfaction with the delivered items.""]","[""The PO or order number status is accurately reflected in the procurement system."", ""The user receives the courier tracking information and confirms its validity."", ""The user acknowledges receipt of the items and their condition upon delivery.""]","Your order for a protective cover and screen protector has been received. We will provide tracking details shortly. If you need further assistance, please log a ticket.","[""Look up PO or order number and current status."", ""Retrieve courier tracking information if available."", ""Confirm shipping address and contact information with user.""]","The request is about tracking the delivery of an ordered item, which falls under purchase order workflow.","{""needs_human"": false, ""needs_llm_escalation"": false, ""policy_gap"": false, ""reasons"": []}",,,,,,,,
AUDIT-0103,System F,6195,wants to share word short document template no numbering with wants share word short document template numbering want share word short document template numbering accept decline requests,Storage,Share Word short document template with/without numbering and manage requests,"[""Confirm that Microsoft Word is functioning correctly and there are no known issues impacting template sharing."", ""Provide detailed instructions on how to save and share a Word document template with or without numbering."", ""Guide the user on how to enable or disable numbering in Word templates before sharing."", ""Explain the process for accepting or declining requests for the shared template within the organization's collaboration platform."", ""Propose updates to the FAQ or quick-reference guides if similar inquiries recur frequently."", ""Encourage the use of training resources or webinars for advanced features of Word template management."", ""Monitor feedback and adjust guidance based on user experience and common issues encountered.""]","[""The user is able to create and share a Word short document template with the desired numbering format."", ""The user can effectively manage incoming requests for the shared template, including accepting and declining them according to policy.""]",User seeks assistance in creating both numbered and non-numbered Word document templates.,"[""Confirm current Word version and compatibility."", ""Create template with numbering using built-in tools."", ""Create second template without numbering."", ""Provide both templates to user.""]",Request involves creating document templates with specific formatting options.,"{""needs_human"": false, ""needs_llm_escalation"": false, ""policy_gap"": false, ""reasons"": []}",,,,,,,,
AUDIT-0104,System E,7971,cooler request for laptop cooler hello cooler where ask thank engineer,Hardware,Resolution for laptop overheating and cooler request,"[""Inquire about the device usage environment (desk, bed, docking station) and advise using the laptop on a hard surface to improve airflow."", ""Inspect for any blocked vents, dust accumulation, or third-party covers that may restrict airflow."", ""Investigate running processes to identify any CPU-intensive applications or potential malware causing excessive heat."", ""Update BIOS and chipset drivers, specifically focusing on thermal and power management updates."", ""Run hardware diagnostics to check for CPU and fan errors; document any error codes."", ""If overheating continues, schedule an inspection for possible replacement of thermal paste or the fan."", ""Advise the user on best practices for preventing future overheating issues.""]","[""The device is consistently used on a hard surface with unobstructed airflow."", ""All vents are clear of dust and obstructions, and third-party covers have been removed."", ""Running processes have been reviewed and optimized to reduce heat generation."", ""Hardware diagnostics do not indicate critical errors related to the CPU or fan.""]",A laptop cooler can help reduce heat and improve performance. Ensure proper placement and check for dust buildup.,"[""Place cooler on a hard surface."", ""Check for dust and clean vents.""]","The request is about a laptop accessory and its usage, fitting into the hardware category related to cooling and performance issues.","{""needs_human"": false, ""needs_llm_escalation"": false, ""policy_gap"": false, ""reasons"": []}",,,,,,,,
AUDIT-0105,System F,4977,new columns for employee details report columns details report hi kindly asking amend details report details attached excel questions please let please thank analyst,Internal Project,Amend employee details report columns,"[""Validate the requester's role and legal basis for accessing HR data."", ""Identify the required fields, date ranges, and format (Excel) for the employee details report."", ""Confirm the exact report, filters, and export format needed for the amendment."", ""Attempt to reproduce the issue using a test or admin account to ensure the problem is understood."", ""Check user permissions for reporting modules to ensure access rights are correct."", ""Clear browser cache or test in an alternate browser if the report is web-based."", ""Log any errors encountered and coordinate with the application owner for necessary fixes."", ""Use HR reporting tools to generate the report with the updated column details provided in the attached Excel file.""]","[""The employee details report is generated successfully with the new columns specified in the attached Excel file."", ""All requested amendments to the report columns are accurately reflected in the final report output.""]",New columns will enhance the report's detail. Verify column requirements and update the template accordingly.,"[""Confirm required columns with analyst."", ""Update report template with new columns."", ""Test report with sample data.""]","The request pertains to modifying a report template, which falls under report generation issues.","{""needs_human"": false, ""needs_llm_escalation"": false, ""policy_gap"": false, ""reasons"": []}",,,,,,,,
AUDIT-0106,System E,7196,request for repositories for java and net graduates programs repositories graduates programs hello repositories graduates programs october graduates trainers rights graduates trainers rights regards senior developer,Access,Grant access to repositories and administrative rights for Java and .NET graduates programs,"[""Confirm project sponsor, manager, and expected duration for the graduates programs."", ""Identify required systems including repositories, CI/CD pipelines, databases, and test/stage environments."", ""Assign a primary IT contact or support group for ongoing assistance."", ""Define support hours, incident severity levels, and escalation contacts for program-related issues."", ""Document project setup and support model in a shared location accessible to all stakeholders."", ""Confirm request for administrative rights from the program managers or system owners."", ""Validate business justification and duration of access needed for trainers and senior developers.""]","[""Repositories are accessible by Java and .NET graduates programs as per the defined access levels."", ""Trainers and senior developers have necessary rights to manage and oversee the programs effectively.""]",A request for repositories for Java and .NET graduates programs is categorized as an internal project setup needing IT support.,"[""Confirm project sponsor and expected duration."", ""Identify required systems (repositories, CI/CD)."", ""Assign a primary IT contact."", ""Document project setup in a shared location.""]","The request involves setting up repositories for educational programs, which aligns with internal project setup requirements.","{""needs_human"": false, ""needs_llm_escalation"": false, ""policy_gap"": false, ""reasons"": []}",,,,,,,,
AUDIT-0107,System A,6826,remove assets from assets hello please make assets please thank application engineer ext,Administrative rights,Remove corporate assets from inventory,"[""1. Verify the requester's identity and authority to request asset removal."", ""2. Identify the specific assets to be removed by checking asset tags and serial numbers."", ""3. Update the asset database to reflect the removal, including marking assets as decommissioned."", ""4. Ensure that all relevant information such as warranty status and disposal details are recorded."", ""5. Confirm with the requester that the assets have been successfully removed from the system."", ""6. If necessary, provide documentation or confirmation of the asset removal for audit purposes.""]","[""Assets are accurately removed from the inventory system"", ""Requester receives confirmation of asset removal"", ""Documentation is provided for audit compliance if required""]","I'm sorry, but this request is out of scope for IT support. You may need to contact the application engineer or the appropriate department for asset creation.","[""Identify whether the request relates to corporate assets or services."", ""Politely explain support boundaries."", ""Provide guidance for self-help or appropriate external vendor.""]","The ticket pattern indicates a request for creating assets, which is not a corporate service or asset that IT supports.","{""needs_human"": false, ""needs_llm_escalation"": false, ""policy_gap"": false, ""reasons"": []}",,,,,,,,
AUDIT-0108,System B,3380,lazar wants to access shopping list it wants shopping please provide accept decline requests,Storage,Access request for shopping list,"[""Verify lazars identity and confirm approval from manager or system owner"", ""Determine if the shopping list is part of a corporate system or a personal request"", ""If corporate, identify the exact system or application where the shopping list is located"", ""Check for existing access to the shopping list to avoid granting duplicate permissions"", ""Grant access via IAM tool, AD group, or application admin console if the request is within scope"", ""Instruct lazars to log off and back in to refresh permissions"", ""Test access with lazars to ensure they can view and edit the shopping list""]","[""Lazar has confirmed access to the shopping list"", ""Lazar can perform all necessary actions on the shopping list without encountering any issues""]",Access to the shopping list has been requested by Lazar. Please review and either approve or deny this request based on company policy regarding data access.,"[""Review Lazar's request for shopping list access."", ""Determine if Lazar's role justifies access."", ""Approve or deny request based on findings."", ""Document decision for audit purposes."", ""Notify Lazar of the outcome.""]","The request pertains to accessing a specific list, likely containing sensitive information, thus requiring administrative oversight.","{""needs_human"": true, ""needs_llm_escalation"": false, ""policy_gap"": false, ""reasons"": []}",,,,,,,,
AUDIT-0109,System E,6057,snapshot request server net snapshot hi please make snapshot going upgrade version please let snapshot ready thanks best regards engineer mobile,Administrative rights,Create a snapshot of the server prior to version upgrade,"[""Communicate with the requesting engineer to confirm the server and the specific version upgrade."", ""Initiate the snapshot creation process on the server to capture the current state."", ""Verify the snapshot creation process completes without errors."", ""Inform the engineering team that the snapshot is ready for the upgrade procedure."", ""After the upgrade, check the system integrity and application functionality."", ""Ensure all critical services are operational post-upgrade."", ""Document the snapshot creation and upgrade process in the ticket for future reference.""]","[""Snapshot is created successfully before the upgrade begins."", ""All critical applications and services function normally after the upgrade.""]",A snapshot will be created for server net before the upgrade to ensure data integrity and allow for rollback if necessary.,"[""Confirm server net is accessible."", ""Create snapshot of server net."", ""Notify engineer when snapshot is ready.""]","The request is for a snapshot creation to support a server upgrade, which aligns with backup and restore practices.","{""needs_human"": false, ""needs_llm_escalation"": false, ""policy_gap"": false, ""reasons"": []}",,,,,,,,
AUDIT-0110,System F,5630,instance storage size increase re updated instance storage size increase hello please advise additional action done part restarting instance blocks available mounted run run user thanks design lead,Storage,Increase Instance Storage Size,"[""1. Verify the current storage usage and quota for the instance."", ""2. Consult with the user to identify and remove unnecessary files or data."", ""3. Apply retention guidelines to manage old or redundant data effectively."", ""4. If necessary, submit a formal request to the storage owner for a quota increase, detailing the business justification."", ""5. Monitor the storage allocation process until completion."", ""6. Update the documentation with the new quota details and schedule a review date."", ""7. Ensure the instance is restarted if required after the storage increase to make the changes effective.""]","[""The instance storage size has been increased according to the request."", ""The user confirms they can access and utilize the additional storage without encountering any errors."", ""The instance restarts successfully after the storage increase, if a restart was necessary.""]",Instance storage increased but issues persist. Check block availability and ensure new size is mounted correctly.,"[""Verify block availability status."", ""Ensure new storage size is mounted."", ""Check for any errors in instance configuration.""]","Ticket involves storage management post-size increase, aligning with KB Reference 3 on storage quota management.","{""needs_human"": false, ""needs_llm_escalation"": false, ""policy_gap"": false, ""reasons"": []}",,,,,,,,
AUDIT-0111,System F,3155,please access to confluence for please confluence dear please confluence thank best regards agile safe agile methodology next annual leave november,Access,Grant access to Confluence,"[""Verify the identity of the requester and obtain approval from their manager or the system owner."", ""Determine the specific Confluence space(s) or group(s) required and the appropriate role level."", ""Review current access levels to prevent granting duplicate permissions."", ""Execute the access change through the IAM tool, AD group management, or the Confluence admin console."", ""Instruct the user to sign out and sign back in to update their session permissions."", ""Test the access by performing key actions within Confluence; document the groups and roles applied in the ticket.""]","[""The user demonstrates successful login and navigation within the specified Confluence spaces."", ""The assigned role level and permissions match the requirements for the user's role within the organization.""]",Access granted to Confluence for agile safe methodology documentation. Verify access and log off then back in.,"[""Verify requester identity and approval."", ""Identify exact Confluence access needed."", ""Check for existing access."", ""Apply change via IAM tool."", ""Confirm access works.""]","The request is for system access, matching the 'Access' category pattern.","{""needs_human"": false, ""needs_llm_escalation"": false, ""policy_gap"": false, ""reasons"": []}",,,,,,,,
AUDIT-0112,System C,3380,lazar wants to access shopping list it wants shopping please provide accept decline requests,Storage,Access request for shopping list,"[""Verify lazars identity and confirm approval from manager or system owner"", ""Determine if the shopping list is part of a corporate system or a personal request"", ""If corporate, identify the exact system or application where the shopping list is located"", ""Check for existing access to the shopping list to avoid granting duplicate permissions"", ""Grant access via IAM tool, AD group, or application admin console if the request is within scope"", ""Instruct lazars to log off and back in to refresh permissions"", ""Test access with lazars to ensure they can view and edit the shopping list""]","[""Lazar has confirmed access to the shopping list"", ""Lazar can perform all necessary actions on the shopping list without encountering any issues""]","I'm sorry for any confusion, but our system does not provide shopping list access or shopping services. You can create a shopping list on your own and use it for your shopping needs.","[""Explain the support boundaries for personal shopping."", ""Provide guidance for creating and managing a personal shopping list.""]",The request is outside the scope of our IT services as it pertains to personal shopping rather than administrative access or system-related tasks.,"{""needs_human"": false, ""needs_llm_escalation"": false, ""policy_gap"": false, ""reasons"": []}",,,,,,,,
AUDIT-0113,System F,3154,needs to be progressed needs progressed hello please create assign sn help progress change title cr pending thanks,Miscellaneous,Progress IT ticket for miscellaneous request related to internal project support,"[""Gather detailed information about the project including sponsor, manager, and expected duration."", ""Identify and document the required systems such as repositories, CI/CD tools, databases, and test/stage environments."", ""Assign a primary IT contact or support group responsible for the project."", ""Define clear support hours, incident severity levels, and escalation contacts for the project."", ""Document the entire project setup and support model in a shared and accessible location."", ""Review the documentation with the project team to ensure accuracy and completeness."", ""Update the ticket with the progress and next steps for the requester.""]","[""Documentation of project setup and support model is complete and accurate."", ""A primary IT contact or support group is assigned and confirmed by the project team."", ""The ticket is updated with clear next steps and the requester acknowledges the progress.""]",IT will update access based on HR records and standard procedures.,"[""Confirm HR records and effective date."", ""Map new role to IT access profile."", ""Update access and validate with user."", ""Document changes in shared location.""]","The request aligns with typical patterns for probation updates, requiring IT to follow standard procedures for access changes.","{""needs_human"": false, ""needs_llm_escalation"": false, ""policy_gap"": false, ""reasons"": []}",,,,,,,,
AUDIT-0114,System F,5191,new booking account pas booking hi please help create booking margin attached form tried via create tab run via sd thank program,Internal Project,Create booking margin account for new project,"[""Verify requester identity and ensure proper approval (manager or system owner)"", ""Identify the specific system, group, or repository required for the booking margin account and determine the appropriate role level"", ""Check for any existing access to prevent duplication of accounts"", ""Apply the necessary changes via the IAM tool, AD group, or application admin console to create the booking margin account"", ""Instruct the user to log off and back in to refresh their permissions"", ""Confirm that the user can perform key actions within the booking margin account; update the ticket with details of the groups/roles applied"", ""Test the booking margin account functionality to ensure it meets the project requirements""]","[""The booking margin account is successfully created and accessible by the designated user"", ""The user can log in and perform necessary operations within the booking margin account without issues"", ""All relevant documentation and access records are updated to reflect the new booking margin account""]","The request seems to be about creating a specific form for bookings, which might not fit into the standard access or hardware categories. However, it could be related to a custom application or process within the organization.","[""Identify the application or system where the form will be used."", ""Determine the necessary fields and format for the booking margin attachment form."", ""Create the form using the application’s form builder or development tools."", ""Test the form to ensure it functions correctly.""]","The request is for a specific form creation, which doesn't directly match known categories but may involve access or application setup.","{""needs_human"": false, ""needs_llm_escalation"": false, ""policy_gap"": false, ""reasons"": []}",,,,,,,,
AUDIT-0115,System E,2288,notification access on windows re hello both pass thank knowledge coordinator wednesday december pm re hi thanks raising intending myself later today kind regards december hi relevant avoid sorts tickets wednesday december hello latest update please note although edge default browser fully compatible explorer regarded application therefore default once search opened pin right pin search every please feel free forward whomever consider interested question concerns hesitate let best regards knowledge coordinator,Hardware,Misrouted ticket: notification access on Windows requires review and reassignment,"[""Review the ticket description thoroughly to determine the correct category and owner."", ""Update the ticket's category, priority, and routing group to reflect the accurate classification."", ""Add a detailed note in the ticket explaining the reasons for reassignment."", ""If the ticket pertains to access requests, verify the requester's identity and approval status."", ""Identify the specific system or application for which access is requested."", ""Check for any existing access to prevent duplication."", ""Apply the necessary changes through the appropriate IAM tool, AD group, or application admin console."", ""Instruct the user to log off and back in to refresh their permissions.""]","[""The ticket is reassigned to the correct category and owner within 24 hours."", ""The ticket description is updated to accurately reflect the nature of the issue."", ""The requester's identity and approval status are verified if it's an access request.""]","To set up Microsoft Edge as the default browser while ensuring compatibility with IE applications, follow these steps: Ensure Edge is installed, set it as default, and use the Edge to IE mode for specific sites requiring IE compatibility.","[""Install Microsoft Edge."", ""Set Edge as the default browser."", ""Enable IE mode in Edge settings."", ""Pin necessary sites in IE mode."", ""Test compatibility with legacy applications.""]",The ticket involves configuring Microsoft Edge as the default browser while maintaining compatibility with legacy applications that require Internet Explorer. This requires setting Edge as the default browser and enabling its IE mode for specific sites.,"{""needs_human"": false, ""needs_llm_escalation"": true, ""policy_gap"": false, ""reasons"": [""long_ticket""]}",,,,,,,,
AUDIT-0116,System C,6138,win win hello please help upgrade os regards,Administrative rights,Upgrade Operating System Request,"[""1. Verify the requester's identity and confirm authorization for OS upgrades."", ""2. Assess the current OS version and compatibility with company standards."", ""3. Schedule the upgrade during a maintenance window to minimize disruption."", ""4. Back up critical data before proceeding with the OS upgrade."", ""5. Perform the OS upgrade using approved methods and tools."", ""6. Test the system post-upgrade to ensure all applications work correctly."", ""7. Document the upgrade process and any issues encountered."", ""8. Notify the user of the completion and schedule a check-in to confirm satisfaction.""]","[""The operating system is upgraded to the specified version without data loss."", ""All essential applications run without issues on the new OS.""]","To upgrade your operating system, please follow the OS Upgrade process. This involves downloading the latest version of your OS, creating a backup of your data, and performing the installation.","[""Download the latest version of your OS"", ""Create a backup of your data"", ""Perform the OS installation"", ""Verify the OS upgrade is successful""]",The user is asking for help in upgrading their operating system. The OS Upgrade process is the appropriate workflow for this request.,"{""needs_human"": false, ""needs_llm_escalation"": false, ""policy_gap"": false, ""reasons"": []}",,,,,,,,
AUDIT-0117,System A,7137,bod new list dear please changes mailing create include both please include thanks head out public holiday,Miscellaneous,Create a new mailing list including public holiday and head out announcements,"[""Verify requester identity and confirm authority to initiate mailing list creation"", ""Identify the scope and purpose of the new mailing list"", ""Create the mailing list using the organization's approved tools and platforms"", ""Add 'public holiday' and 'head out' topics as categories or tags within the list"", ""Configure list settings to allow appropriate subscription and posting permissions"", ""Notify potential subscribers about the new mailing list and its purpose"", ""Monitor initial feedback and adjust settings as necessary""]","[""Mailing list is successfully created and configured"", ""All relevant stakeholders receive notification about the new mailing list"", ""List settings allow proper management of subscriptions and postings""]","To create a new mailing list and include both recipients, follow these steps: 1. Log into the mailing list management system. 2. Create a new list and add the recipients. 3. Send a welcome email to the list with the announcement for the public holiday. 4. Send a confirmation email to both recipients, thanking them for their inclusion.","[""Log into the mailing list management system"", ""Create a new list"", ""Add recipients"", ""Send a welcome email with the announcement"", ""Send a confirmation email to recipients""]","The request involves creating a new mailing list and adding recipients, as well as sending an announcement and thank you emails. This can be accomplished by following the steps outlined above.","{""needs_human"": false, ""needs_llm_escalation"": false, ""policy_gap"": false, ""reasons"": []}",,,,,,,,
AUDIT-0118,System B,5630,instance storage size increase re updated instance storage size increase hello please advise additional action done part restarting instance blocks available mounted run run user thanks design lead,Storage,Increase Instance Storage Size,"[""1. Verify the current storage usage and quota for the instance."", ""2. Consult with the user to identify and remove unnecessary files or data."", ""3. Apply retention guidelines to manage old or redundant data effectively."", ""4. If necessary, submit a formal request to the storage owner for a quota increase, detailing the business justification."", ""5. Monitor the storage allocation process until completion."", ""6. Update the documentation with the new quota details and schedule a review date."", ""7. Ensure the instance is restarted if required after the storage increase to make the changes effective.""]","[""The instance storage size has been increased according to the request."", ""The user confirms they can access and utilize the additional storage without encountering any errors."", ""The instance restarts successfully after the storage increase, if a restart was necessary.""]","After increasing the instance storage size and restarting the instance, ensure all data blocks are properly mounted and accessible. If issues persist, check the mounting configuration and permissions.","[""Verify all data blocks are mounted."", ""Check mounting configurations."", ""Review file permissions."", ""Restart instance if necessary.""]","The request pertains to post-increase actions for instance storage, aligning with storage management policies. The issue seems resolved but requires verification of data accessibility.","{""needs_human"": false, ""needs_llm_escalation"": false, ""policy_gap"": false, ""reasons"": []}",,,,,,,,
AUDIT-0119,System A,9394,new delivery hello received items protective cover lite tempered glass screen protector included po please advise please log thank engineer,Purchase,Tracking delivery of protective cover and tempered glass screen protector,"[""Verify the PO or order number and check the current status in the procurement system."", ""Retrieve the courier tracking information and provide it to the user."", ""Confirm the shipping address and contact information with the user to ensure accuracy."", ""If the shipment is delayed, escalate to the vendor or logistics team for further investigation."", ""Update the ticket with the estimated time of arrival (ETA) and confirm the delivery with the user."", ""Document all communication and updates in the ticket for future reference."", ""Follow up with the user to confirm receipt and satisfaction with the delivered items.""]","[""The PO or order number status is accurately reflected in the procurement system."", ""The user receives the courier tracking information and confirms its validity."", ""The user acknowledges receipt of the items and their condition upon delivery.""]","Your protective cover and tempered glass screen protector have been shipped. You can track the delivery using the provided courier tracking details. If you have any issues, please let us know.","[""Look up PO or order number and current status."", ""Retrieve courier tracking information if available."", ""Confirm shipping address and contact information with user."", ""Update ticket with ETA and delivery confirmation.""]","The ticket mentions a new delivery and includes a PO number, which suggests a purchase. The items mentioned are hardware accessories, which are typically tracked after approval. The ticket also thanks an engineer, indicating a request for assistance.","{""needs_human"": false, ""needs_llm_escalation"": false, ""policy_gap"": false, ""reasons"": []}",,,,,,,,
AUDIT-0120,System C,7167,re new purchase po re purchase po later update please kind regards administrator tuesday pm purchase po dear purchased pro retina intel plus graphics kb please log allocation please take consideration mandatory receipts section order receive item ordered how video please explorer kind regards administrator,Purchase,Resolving purchase order issues and tracking deliveries for IT items,"[""Verify requester has access to procurement system and understands the purchase order workflow."", ""Check PO status (draft, awaiting approval, approved, closed) and guide the user through any necessary corrections."", ""Ensure correct cost centre, GL code, and vendor are selected; adjust if necessary."", ""Guide user through fixing validation errors and resubmitting the PO."", ""Confirm PO approval and share PO number with requester."", ""Look up PO or order number and current status for tracking purposes."", ""Retrieve courier tracking information if available and confirm shipping address and contact information with user.""]","[""PO is approved and PO number is shared with the requester."", ""Requester has access to procurement system and can track PO status."", ""Courier tracking information is provided to the requester for delivery tracking.""]","To proceed with the purchase, please follow these steps: 1. Log into the procurement system. 2. Create a new PO for the Pro Retina Intel Plus Graphics KB. 3. Ensure the mandatory receipts section is filled out. 4. Submit the PO for approval. 5. Once approved, you will receive the PO number.","[""Log into the procurement system"", ""Create a new PO for the Pro Retina Intel Plus Graphics KB"", ""Ensure the mandatory receipts section is filled out"", ""Submit the PO for approval"", ""Once approved, you will receive the PO number""]","The request is related to creating a new purchase order for an IT item. The resolution involves creating a new PO, filling out the mandatory receipts section, and submitting it for approval.","{""needs_human"": false, ""needs_llm_escalation"": false, ""policy_gap"": false, ""reasons"": []}",,,,,,,,
AUDIT-0121,System C,9976,de va visitor deactivate visitor deactivate visitor deactivate visitor deactivate visitor deactivate visitor deactivate visitor deactivate visitor deactivate visitor deactivate va visitor reactivate visitor returned activated visitor reactivate visitor returned activated,Access,Manage Visitor Access Deactivation and Reactivation,"[""Confirm the visitor's current status and access requirements with HR or the visitor's sponsoring department."", ""Deactivate the visitor's account and remove access to all company systems and applications following the Employee Offboarding IT Checklist."", ""Ensure any equipment provided to the visitor is returned and accounted for."", ""Schedule account reactivation based on the visitor's return date and updated access requirements."", ""Reactivate the visitor's account and restore access to required systems and applications as per the latest access profile."", ""Document all actions taken and confirm with HR or the sponsoring department.""]","[""Verify that the visitor's account is deactivated and all access is removed upon departure."", ""Confirm that the visitor's account is reactivated and access is correctly restored upon their return.""]","The visitor's access has been deactivated. To reactivate, please follow the necessary steps.","[""Confirm the visitor's details."", ""Deactivate the visitor's access."", ""Document the deactivation steps."", ""To reactivate, follow the same process in reverse.""]",The ticket pattern matches the standard process for deactivating and reactivating visitor access.,"{""needs_human"": false, ""needs_llm_escalation"": false, ""policy_gap"": false, ""reasons"": []}",,,,,,,,
AUDIT-0122,System B,2088,add new pipes add pipes dear please add values listed pipe thanks december add pipes hello discussed let create add pipes pipes add filter amount filter method filter frequency processing create plan processing delete plan processing plan input plan output finish best regards tester,Internal Project,Add new pipes to internal project,"[""1. Confirm change request for adding new pipes has been approved."", ""2. Schedule the maintenance window for the deployment of new pipes."", ""3. Validate the backup and rollback plan for the new pipes implementation."", ""4. Ensure monitoring, logging, and alerting configurations are updated for the new pipes."", ""5. Coordinate with the development team to execute the deployment steps."", ""6. Conduct smoke tests to verify the functionality of the new pipes."", ""7. Confirm with end-users that key user journeys function correctly with the new pipes.""]","[""Verify that the new pipes have been successfully integrated into the system."", ""Confirm that all key user journeys function as expected post-deployment.""]","To address your request, we will proceed with adding new pipes along with filters for amount, method, and frequency. We will also create a processing plan including inputs and outputs, and finalize it accordingly.","[""Identify and list all necessary values for the new pipes."", ""Implement filters for amount, method, and frequency."", ""Create a detailed processing plan including input and output specifications."", ""Finalize the plan and ensure all components function as intended."", ""Notify the requester upon completion.""]","The request pertains to adding specific functionalities within a data processing pipeline, which aligns with internal project management tasks.","{""needs_human"": false, ""needs_llm_escalation"": false, ""policy_gap"": false, ""reasons"": []}",,,,,,,,
AUDIT-0123,System F,3036,please action direct reports missing time please action reports hello guys please take relevant actions order submit rest he left thank november please action reports dear part established processes each required submit his weekly basis each friday past must submitted receiving because reports haven followed process please help cascade accordingly gets possible breakdown reports please note refers has left maternity other absence leave please update person record otherwise please person directly submit country date total days,HR Support,Address missing time reports and update personnel records for maternity and other leaves,"[""Review and confirm the current time-reporting system and the specific reporting period (weekly, monthly)."", ""Verify that all direct reports are correctly assigned to their respective cost centres or projects."", ""Ensure that the timesheet system is accessible for edits and not locked due to payroll processing."", ""Instruct direct reports on how to correct their time entries or initiate an administrative correction if necessary."", ""Reconcile the recalculated totals and ensure that all timesheets have been properly approved."", ""Update the personnel records for individuals on maternity or other forms of leave, ensuring accurate dates and total days are recorded."", ""Notify affected individuals directly to submit their timesheets if they have not done so.""]","[""All direct reports have submitted their timesheets for the current period."", ""Personnel records are accurately updated to reflect maternity and other leaves.""]","Direct reports are not submitting their weekly timesheets, which should be due on Fridays. Ensure they follow the established process and submit their reports promptly.","[""Verify direct reports' submission process."", ""Remind them to submit by Friday."", ""Check for any absences or leaves."", ""Update records if necessary.""]","The issue is related to time sheet submission, a common HR support concern. The request needs clear steps to address the non-submission of timesheets.","{""needs_human"": false, ""needs_llm_escalation"": false, ""policy_gap"": false, ""reasons"": []}",,,,,,,,
AUDIT-0124,System E,6138,win win hello please help upgrade os regards,Administrative rights,Upgrade Operating System Request,"[""1. Verify the requester's identity and confirm authorization for OS upgrades."", ""2. Assess the current OS version and compatibility with company standards."", ""3. Schedule the upgrade during a maintenance window to minimize disruption."", ""4. Back up critical data before proceeding with the OS upgrade."", ""5. Perform the OS upgrade using approved methods and tools."", ""6. Test the system post-upgrade to ensure all applications work correctly."", ""7. Document the upgrade process and any issues encountered."", ""8. Notify the user of the completion and schedule a check-in to confirm satisfaction.""]","[""The operating system is upgraded to the specified version without data loss."", ""All essential applications run without issues on the new OS.""]","The user requires guidance on upgrading their OS, which involves administrative rights and may affect system stability. A step-by-step approach is needed to ensure a smooth transition.","[""Confirm current OS version and target version."", ""Check for system compatibility and prerequisites."", ""Schedule downtime and backup data."", ""Execute upgrade process following best practices."", ""Verify system functionality post-upgrade.""]",The request involves administrative actions that require elevated privileges and could impact system functionality. KB references indicate this falls under administrative rights and access requests.,"{""needs_human"": false, ""needs_llm_escalation"": false, ""policy_gap"": false, ""reasons"": []}",,,,,,,,
AUDIT-0125,System D,5181,profile path change for visit tomorrow profile path change visit tomorrow hello please kind help out by changing profile path site tomorrow visit change reverted well tomorrow evening thanks leader,Miscellaneous,Change Profile Path for Site Visit Tomorrow,"[""Verify the requester's identity and confirm the need for a profile path change."", ""Identify the exact system or application where the profile path needs to be changed."", ""Check for existing access to avoid duplicate changes."", ""Apply the change via the IAM tool, AD group, or application admin console."", ""Instruct the user to log off and back in to refresh permissions."", ""Confirm with the user that the profile path change has been successfully applied."", ""Document the change and update the ticket with the details of the modification.""]","[""The user confirms that the profile path has been changed as requested."", ""The change is documented and the ticket is updated with the confirmation.""]","To change the profile path for a site visit tomorrow and revert it back tomorrow evening, follow these steps: Confirm the change request with the relevant manager. Update the profile path in the system for the visit. Schedule a task to revert the profile path back to its original state tomorrow evening. Validate the changes with the user and manager.","[""Confirm the change request with the relevant manager."", ""Update the profile path in the system for the visit."", ""Schedule a task to revert the profile path back to its original state tomorrow evening."", ""Validate the changes with the user and manager.""]","The request involves a temporary change to a profile path for a specific visit, requiring a revert after the visit.","{""needs_human"": false, ""needs_llm_escalation"": false, ""policy_gap"": false, ""reasons"": []}",,,,,,,,
AUDIT-0126,System F,4390,fresh os install fresh os install hi after installation drive without os fresh installed thanks senior infrastructure engineer infrastructure,Administrative rights,Fresh OS install requires administrative rights for software installation,"[""1. Verify that the user has administrative rights for installing software on the workstation."", ""2. Ensure that the software to be installed is on the approved list; escalate to security/procurement if not."", ""3. Check if the corporate software center, package manager, or remote deployment options are available."", ""4. Install the software using the appropriate method, ensuring compliance with IT policies."", ""5. Test the software to confirm it is functioning correctly post-installation."", ""6. Update the system's configuration settings if necessary to accommodate the new software."", ""7. Monitor the system for any performance issues or conflicts after the installation.""]","[""The user has been granted temporary administrative rights for the installation process."", ""The software has been successfully installed and tested, confirming its functionality.""]","The request pertains to a clean OS installation on a new drive, which does not align with typical workstation performance issues or software installation guidelines.","[""Verify user has necessary administrative rights."", ""Ensure correct OS installation media is used."", ""Check for any hardware compatibility issues.""]","The ticket describes a fresh OS installation scenario, which is more aligned with administrative rights and infrastructure management rather than software installation or performance issues.","{""needs_human"": false, ""needs_llm_escalation"": false, ""policy_gap"": false, ""reasons"": []}",,,,,,,,
AUDIT-0127,System C,8558,create active directory groups and add users please create active directory groups specified attached file add mentioned users,Miscellaneous,Create active directory groups and add users as specified in the attached file.,"[""1. Verify the attached file contains the correct group names and user lists."", ""2. Create the active directory groups specified in the file using the AD group management console."", ""3. Add the mentioned users to the corresponding groups ensuring they receive the appropriate roles."", ""4. Double-check the group membership and permissions via the AD management tool to confirm accuracy."", ""5. Instruct the users to log off and back in to refresh their permissions."", ""6. Have the users test their access to the required resources to ensure the changes are effective.""]","[""All specified active directory groups are created without errors."", ""Users are correctly added to their respective groups with the right permissions."", ""Users report successful access to the necessary resources after logging in.""]","To create Active Directory groups and add users, follow these steps: 1. Open Active Directory Users and Computers. 2. Navigate to the desired organizational unit (OU). 3. Right-click and select 'New' > 'Group'. 4. Name the group according to the attached file. 5. Right-click the new group and select 'Properties'. In the 'Members' tab, add the specified users. Click 'Add' and select the users from the search results.","[""Open Active Directory Users and Computers"", ""Navigate to the desired OU"", ""Right-click and select 'New' > 'Group'"", ""Name the group according to the attached file"", ""Right-click the new group and select 'Properties'"", ""In the 'Members' tab, add the specified users""]","The request involves creating Active Directory groups and adding users, which can be done through the Active Directory Users and Computers tool.","{""needs_human"": false, ""needs_llm_escalation"": false, ""policy_gap"": false, ""reasons"": []}",,,,,,,,
AUDIT-0128,System D,8607,request to export a folder hello talk regarding exporting library saved conversation conversations tab conversation history folder export share folder hi working application organize content establish which helpful script share export files secure location application possible create thanks kind regards,Storage,Assistance with exporting a conversation history folder and organizing content,"[""Confirm the exact folder and export format required for the conversation history."", ""Check if the application has an export feature for the conversation history folder."", ""If the application does not support direct export, consider alternative methods such as screen capture or manual copy to a document."", ""Provide standard folder templates (e.g., _01-Admin, 02-Working, 03-Archive_) and encourage separation of personal, team, and project data."", ""Align permissions with the structure (e.g., confidential vs general folders) and assist the requester in restructuring existing content when necessary."", ""Document the agreed structure and share with the team."", ""Ensure that the exported files are stored in a secure location accessible by authorized personnel.""]","[""Folder is exported successfully in the required format."", ""Folder structure is organized and aligned with permissions."", ""Exported files are securely stored and accessible to the appropriate team members.""]","To export the 'hello talk' folder, use the application's export feature. Ensure the folder is selected and choose a secure location for the exported files. If issues arise, check user permissions and clear the browser cache.","[""Select the 'hello talk' folder in the conversation history tab."", ""Use the application's export feature to export the folder."", ""Choose a secure location to save the exported files."", ""Verify user permissions and clear browser cache if issues persist.""]","The request involves exporting a specific folder from a conversation history tab, which falls under storage management. The user needs guidance on how to export and organize the content securely.","{""needs_human"": false, ""needs_llm_escalation"": false, ""policy_gap"": false, ""reasons"": []}",,,,,,,,
AUDIT-0129,System A,4407,configure and personalize outlook on new laptop tickets hello please tickets assigned queue provide cable personalize thank help kind regards leader mobile,Purchase,Configure and personalize Outlook on new laptop,"[""1. Confirm mailbox exists and is licensed/active."", ""2. Check that user has the correct mailbox permissions (own mailbox, shared mailboxes)."", ""3. Configure email profile using standard auto-discovery settings."", ""4. Personalize Outlook settings according to user preferences (e.g., signatures, rules)."", ""5. For mobile, confirm approved mail client and security policies (MDM, device encryption)."", ""6. Sync mail and confirm sending/receiving works."", ""7. Verify that all personalized settings are correctly applied and functioning as expected.""]","[""Email is successfully configured on the new laptop with personalized settings."", ""User can send and receive emails without issues."", ""Personalized features such as signatures and rules are correctly applied.""]","To configure and personalize Outlook on a new laptop, first ensure the correct email profile is set up. If the mailbox is not found, confirm its existence and active status. Then, personalize Outlook settings according to user preferences. If issues persist, check for approved mobile devices and security policies.","[""Confirm mailbox exists and is licensed/active"", ""Check that user has the correct mailbox permissions"", ""Configure email profile using standard auto-discovery settings"", ""Personalize Outlook settings according to user preferences"", ""For mobile, confirm approved mail client and security policies""]","The ticket request involves configuring and personalizing Outlook on a new laptop, which falls under the category of Email Access and Configuration. The steps involve setting up the email profile, confirming the mailbox, and personalizing Outlook settings.","{""needs_human"": false, ""needs_llm_escalation"": false, ""policy_gap"": false, ""reasons"": []}",,,,,,,,
AUDIT-0130,System F,7971,cooler request for laptop cooler hello cooler where ask thank engineer,Hardware,Resolution for laptop overheating and cooler request,"[""Inquire about the device usage environment (desk, bed, docking station) and advise using the laptop on a hard surface to improve airflow."", ""Inspect for any blocked vents, dust accumulation, or third-party covers that may restrict airflow."", ""Investigate running processes to identify any CPU-intensive applications or potential malware causing excessive heat."", ""Update BIOS and chipset drivers, specifically focusing on thermal and power management updates."", ""Run hardware diagnostics to check for CPU and fan errors; document any error codes."", ""If overheating continues, schedule an inspection for possible replacement of thermal paste or the fan."", ""Advise the user on best practices for preventing future overheating issues.""]","[""The device is consistently used on a hard surface with unobstructed airflow."", ""All vents are clear of dust and obstructions, and third-party covers have been removed."", ""Running processes have been reviewed and optimized to reduce heat generation."", ""Hardware diagnostics do not indicate critical errors related to the CPU or fan.""]",A laptop cooler can help reduce heat and improve performance. Ensure proper placement and check for dust buildup.,"[""Place cooler on a hard surface."", ""Check for dust and clean vents.""]","The request is about a laptop accessory and its usage, fitting into the hardware category related to cooling and performance issues.","{""needs_human"": false, ""needs_llm_escalation"": false, ""policy_gap"": false, ""reasons"": []}",,,,,,,,
AUDIT-0131,System C,6195,wants to share word short document template no numbering with wants share word short document template numbering want share word short document template numbering accept decline requests,Storage,Share Word short document template with/without numbering and manage requests,"[""Confirm that Microsoft Word is functioning correctly and there are no known issues impacting template sharing."", ""Provide detailed instructions on how to save and share a Word document template with or without numbering."", ""Guide the user on how to enable or disable numbering in Word templates before sharing."", ""Explain the process for accepting or declining requests for the shared template within the organization's collaboration platform."", ""Propose updates to the FAQ or quick-reference guides if similar inquiries recur frequently."", ""Encourage the use of training resources or webinars for advanced features of Word template management."", ""Monitor feedback and adjust guidance based on user experience and common issues encountered.""]","[""The user is able to create and share a Word short document template with the desired numbering format."", ""The user can effectively manage incoming requests for the shared template, including accepting and declining them according to policy.""]","To share Word document templates with or without numbering, follow these steps: 1. Create a new Word document with the desired format (numbered or not). 2. Save the document to a shared location (e.g., OneDrive, SharePoint). 3. Share the document by right-clicking it, selecting 'Share', and then 'People'. 4. Enter the recipient's email address and set the permissions (e.g., 'Editor' or 'Viewer'). 5. If you want to accept or decline sharing requests, go to the 'Shared with me' section in your shared location and manage the permissions as needed.","[""Create a new Word document"", ""Save the document to a shared location"", ""Share the document"", ""Set permissions"", ""Manage sharing requests""]","The user's request falls under the 'How-To' Guidance and User Education category, as it is about learning how to use a tool (Microsoft Word in this case) to share documents. The provided steps are task-focused and aim to help the user achieve their goal.","{""needs_human"": false, ""needs_llm_escalation"": false, ""policy_gap"": false, ""reasons"": []}",,,,,,,,
AUDIT-0132,System F,5435,new project code oracle fusion code setup hello appreciate create attached code today because create thank officer,Internal Project,Setup Oracle Fusion code for new internal project,"[""Create a new project code in Oracle Fusion for the internal project"", ""Ensure the correct cost centre and GL code are selected for the project"", ""Guide the requester through the procurement system access setup"", ""Verify that the requester can access the procurement system"", ""Check the PO status to ensure it progresses from draft to approved"", ""Resolve any validation errors and resubmit the PO if necessary"", ""Confirm PO approval and share the PO number with the requester""]","[""The project code is created successfully in Oracle Fusion"", ""The PO is approved and the PO number is shared with the requester""]",Oracle Fusion setup requires proper configuration and code integration. Follow provided steps to ensure successful implementation.,"[""Review Oracle Fusion documentation for setup."", ""Ensure all required modules are enabled."", ""Test code integration with Fusion environment.""]","The request pertains to setting up Oracle Fusion, which aligns with internal project code setup procedures.","{""needs_human"": false, ""needs_llm_escalation"": false, ""policy_gap"": false, ""reasons"": []}",,,,,,,,
AUDIT-0133,System F,3380,lazar wants to access shopping list it wants shopping please provide accept decline requests,Storage,Access request for shopping list,"[""Verify lazars identity and confirm approval from manager or system owner"", ""Determine if the shopping list is part of a corporate system or a personal request"", ""If corporate, identify the exact system or application where the shopping list is located"", ""Check for existing access to the shopping list to avoid granting duplicate permissions"", ""Grant access via IAM tool, AD group, or application admin console if the request is within scope"", ""Instruct lazars to log off and back in to refresh permissions"", ""Test access with lazars to ensure they can view and edit the shopping list""]","[""Lazar has confirmed access to the shopping list"", ""Lazar can perform all necessary actions on the shopping list without encountering any issues""]","Lazar's request is for a shopping list, not related to administrative rights or unsupported issues.","[""Identify if the shopping list is a corporate asset."", ""Provide guidance for accessing the list through the appropriate channel."", ""Record the request for future reference.""]","The request does not pertain to administrative rights or unsupported issues, but rather a general service request.","{""needs_human"": false, ""needs_llm_escalation"": false, ""policy_gap"": false, ""reasons"": []}",,,,,,,,
AUDIT-0134,System D,7971,cooler request for laptop cooler hello cooler where ask thank engineer,Hardware,Resolution for laptop overheating and cooler request,"[""Inquire about the device usage environment (desk, bed, docking station) and advise using the laptop on a hard surface to improve airflow."", ""Inspect for any blocked vents, dust accumulation, or third-party covers that may restrict airflow."", ""Investigate running processes to identify any CPU-intensive applications or potential malware causing excessive heat."", ""Update BIOS and chipset drivers, specifically focusing on thermal and power management updates."", ""Run hardware diagnostics to check for CPU and fan errors; document any error codes."", ""If overheating continues, schedule an inspection for possible replacement of thermal paste or the fan."", ""Advise the user on best practices for preventing future overheating issues.""]","[""The device is consistently used on a hard surface with unobstructed airflow."", ""All vents are clear of dust and obstructions, and third-party covers have been removed."", ""Running processes have been reviewed and optimized to reduce heat generation."", ""Hardware diagnostics do not indicate critical errors related to the CPU or fan.""]","To address overheating, ensure your laptop is on a hard surface, check for blocked vents, and update your BIOS and chipset drivers. If the issue persists, consider using a laptop cooler.","[""Ensure the laptop is used on a hard, flat surface."", ""Check for blocked vents and clean any dust buildup."", ""Update BIOS and chipset drivers, focusing on thermal management."", ""Consider using a laptop cooler to improve airflow.""]",The user's request for a laptop cooler indicates potential overheating issues. Addressing airflow and thermal management can mitigate this problem.,"{""needs_human"": false, ""needs_llm_escalation"": false, ""policy_gap"": false, ""reasons"": []}",,,,,,,,
AUDIT-0135,System C,4390,fresh os install fresh os install hi after installation drive without os fresh installed thanks senior infrastructure engineer infrastructure,Administrative rights,Fresh OS install requires administrative rights for software installation,"[""1. Verify that the user has administrative rights for installing software on the workstation."", ""2. Ensure that the software to be installed is on the approved list; escalate to security/procurement if not."", ""3. Check if the corporate software center, package manager, or remote deployment options are available."", ""4. Install the software using the appropriate method, ensuring compliance with IT policies."", ""5. Test the software to confirm it is functioning correctly post-installation."", ""6. Update the system's configuration settings if necessary to accommodate the new software."", ""7. Monitor the system for any performance issues or conflicts after the installation.""]","[""The user has been granted temporary administrative rights for the installation process."", ""The software has been successfully installed and tested, confirming its functionality.""]",Install the fresh operating system on the drive and ensure it is functioning correctly.,"[""Confirm the drive is properly connected and recognized."", ""Install the operating system on the drive."", ""Check for any errors during the installation process."", ""Boot the system from the installed drive and verify its functionality.""]",The user has requested a fresh OS installation on a drive that currently does not have an operating system.,"{""needs_human"": false, ""needs_llm_escalation"": false, ""policy_gap"": false, ""reasons"": []}",,,,,,,,
AUDIT-0136,System D,6847,migrate to control hello please create tickets assign queue migrate migrate migrate kind regards engineer friday re control hello guys please turn off won anymore create join under name help configuration after build did yesterday control works fine details schedule call kind regards engineer friday control hello far setup did issues caused by distance satellite ensure control by takes must requires control migrated populated afterwards moved back please work together ensure addressed high priority please reach out additional resources committed effort lead,Hardware,Migrate control system to new hardware and address connectivity issues,"[""Schedule a detailed planning call with the engineering team to finalize the migration strategy"", ""Ensure the new hardware is fully set up, configured, and tested before migration"", ""Migrate the control system to the new hardware following the agreed-upon plan"", ""Conduct thorough testing of the control system post-migration to confirm functionality"", ""Address any issues related to distance or satellite connectivity impacting control performance"", ""Review and update the configuration settings to match the new environment"", ""Document all changes made during the migration process for future reference""]","[""The control system is fully functional on the new hardware without any performance degradation"", ""All identified issues, particularly those related to distance or satellite connectivity, are resolved"", ""Access to the control system is properly managed according to the latest access request flow policies""]","To resolve the migration issues, ensure all control systems are properly configured and tested. Verify that the satellite distance is not causing signal interference. If issues persist, consult with the network team to optimize signal strength.","[""Verify all control systems are correctly configured post-migration."", ""Test the control systems to ensure they are functioning as expected."", ""Check for signal interference caused by satellite distance."", ""Consult with the network team to optimize signal strength if necessary.""]","The ticket involves migrating control systems and addressing issues related to satellite distance, indicating a hardware or network problem.","{""needs_human"": false, ""needs_llm_escalation"": false, ""policy_gap"": false, ""reasons"": []}",,,,,,,,
AUDIT-0137,System C,2064,access space for hi please approve thank,HR Support,Grant access to HR system,"[""Confirm user's employment status, role, and manager from HR."", ""Map requested rights to standard HR role profiles (employee, manager, HR staff)."", ""Submit or approve access change in HR system admin tool."", ""Ask user to log out of SSO and back in to refresh permissions."", ""Validate that key tasks (time entry, leave approval, HR reporting) now work."", ""Update ticket with final access profile and any exceptions.""]","[""User can log in to HR system successfully"", ""User has required access to perform key tasks (time entry, leave approval, HR reporting)""]",Your request for HR system access has been received. We will process it according to our standard workflow.,"[""Confirm user's employment status, role, and manager from HR."", ""Map requested rights to standard HR role profiles."", ""Submit or approve access change in HR system admin tool."", ""Ask user to log out of SSO and back in to refresh permissions."", ""Validate that key tasks now work.""]",The ticket matches the pattern for HR System Access Guide (HRIS / Oracle) as it pertains to granting and managing access to core HR systems.,"{""needs_human"": false, ""needs_llm_escalation"": false, ""policy_gap"": false, ""reasons"": []}",,,,,,,,
AUDIT-0138,System D,6721,unmapped natural account unmapped natural hi please thank kind regards october pm unmapped natural hi please approve mapping translation other costs journal because mapped natural thank regards,Access,Approval for Mapping Translation and Other Costs Journal Access,"[""Verify the identity of the requester and obtain approval from the manager or system owner."", ""Determine the specific system, group, or repository where access is needed and the required role level."", ""Review current access levels to prevent duplication."", ""Implement the access change using the IAM tool, AD group management, or the application's admin console."", ""Instruct the user to log out and log back in to refresh their permissions."", ""Test the access by performing key actions and document the groups/roles applied in the ticket.""]","[""The user has been granted access to the Mapping Translation and Other Costs Journal."", ""The user can successfully perform necessary actions within the system without issues.""]","To approve the mapping translation for the other costs journal, verify the requester's identity and approval, identify the exact system and role level, check for existing access, and apply the change via the appropriate tool. Ask the user to log off and back in to refresh permissions and confirm the access works.","[""Verify the requester's identity and approval from the manager or system owner."", ""Identify the exact system and role level required for the mapping translation."", ""Check for existing access to avoid duplicates."", ""Apply the change via the IAM tool, AD group, or application admin console."", ""Ask the user to log off and back in to refresh permissions and confirm the access works.""]","The request involves approving a mapping translation for a journal entry, which falls under access management. The steps involve verifying identity, identifying the system, checking for existing access, and applying the change.","{""needs_human"": false, ""needs_llm_escalation"": false, ""policy_gap"": false, ""reasons"": []}",,,,,,,,
AUDIT-0139,System C,8005,re network switch problem re switch problem hi copied please ensure switches labelled help networks thanks switch problem hi please book top switch rack room seems had call dead phone meeting room had patch spare socket second switch down switches labelled find name serial number thanks,Hardware,Resolution for network switch problems affecting connectivity,"[""Identify and label all switches in the rack room to ensure proper network management."", ""Check if multiple users in the same area are experiencing connectivity loss to determine if the issue is localized or widespread."", ""Perform basic network diagnostics by running `ipconfig` and `ping` commands to verify IP configuration and reachability."", ""Inspect the physical connections of the network cables and ensure they are securely connected and undamaged."", ""Test alternative network ports or switches to isolate the problem component."", ""If the issue persists, escalate to network engineering team for further investigation into possible switch, router, or firewall outages.""]","[""All switches are correctly identified and labeled."", ""Network connectivity is restored for all affected users."", ""No further reports of connectivity issues within the same network segment.""]","Ensure all switches are labeled correctly and functioning. If a switch is down, power cycle it. If a spare socket is available, patch the second switch to it. Find the name, serial number, and label each switch.","[""Check the labels on all switches for accuracy."", ""Power cycle any switches that are down."", ""If a spare socket is available, patch the second switch to it."", ""Label each switch correctly and find the name and serial number for each.""]","The ticket indicates a problem with network switches, specifically mentioning a dead phone meeting room and a second switch being down. The problem may be due to mislabeled switches or a faulty switch.","{""needs_human"": false, ""needs_llm_escalation"": false, ""policy_gap"": false, ""reasons"": []}",,,,,,,,
AUDIT-0140,System E,9149,client to be moved from to client moved hi please help thanks tuesday client moved importance high hi please move processing both currently created codes automation streams known pipeline regards fin floor blvd district,Internal Project,Move a client from one account to another with high importance,"[""1. Confirm the client details and the reason for the move with the requesting department."", ""2. Validate that the budget is available for the move and allocate costs appropriately."", ""3. Apply correct GL codes and project codes in the accounting system."", ""4. Coordinate with the finance team to ensure smooth processing of the move."", ""5. Update the client information in the CRM system to reflect the new account."", ""6. Notify all relevant teams (sales, support, finance) about the client move."", ""7. Document the final allocation in the ticket and system notes.""]","[""Client information is updated correctly in the CRM system."", ""Finance team has validated the move and confirmed budget availability."", ""All relevant teams have been notified about the client move.""]","The request involves moving a client, which is an internal project task requiring coordination and documentation.","[""Confirm current and new client location details."", ""Update client records in the system."", ""Move processing codes and automation streams accordingly."", ""Document changes in the ticket and pipeline.""]","The ticket mentions moving a client and processing related codes and pipelines, aligning with internal project management tasks.","{""needs_human"": false, ""needs_llm_escalation"": false, ""policy_gap"": false, ""reasons"": []}",,,,,,,,
AUDIT-0141,System E,820,new purchase po purchase po dear purchased please log allocation please log retrieve old device after receive item please take consideration mandatory receipts section order make receipt item ordered how video link kind regards administrator,Purchase,Process new purchase order and manage device replacement,"[""Verify that the requester has access to the procurement system"", ""Create a new purchase order for the required item"", ""Select the correct cost centre, GL code, and vendor"", ""Guide the user through any validation errors and assist in resubmission"", ""Confirm PO approval and provide the PO number to the requester"", ""Track the order status and retrieve courier tracking information upon shipment"", ""Allocate the new item to the user upon receipt"", ""Instruct the user to return the old device to IT for retrieval""]","[""The new purchase order is fully approved and the item is allocated to the user"", ""The old device is successfully retrieved and logged by IT""]",The ticket involves retrieving an old device and making mandatory receipts after receiving a new item. This is related to purchase order and inventory management processes.,"[""Log allocation for new purchase."", ""Retrieve old device upon receiving new item."", ""Make mandatory receipts for new item."", ""Confirm receipt with user.""]","The request mentions retrieving an old device and making receipts, which aligns with purchase order and inventory management tasks.","{""needs_human"": false, ""needs_llm_escalation"": false, ""policy_gap"": false, ""reasons"": []}",,,,,,,,
AUDIT-0142,System C,5912,new purchase po allocation purchase po dear purchased inch dual core intel core please log allocation please log retrieve old device kind regards administrator,Purchase,Allocate and log new purchase PO for Intel Core device,"[""Verify that the requester has access to the procurement system."", ""Check the status of the purchase order (PO) to ensure it is not stuck in a pending state."", ""Ensure the correct cost centre, GL code, and approved vendor are selected for the Intel Core device."", ""Guide the user through fixing any validation errors and resubmitting the PO."", ""Confirm PO approval and share the PO number with the requester."", ""Retrieve and log details of the old device being replaced, if applicable."", ""Follow up to confirm that the new device has been ordered and the old device's disposition is documented.""]","[""The PO is successfully allocated and logged in the procurement system."", ""The requester confirms receipt of the PO number and understands the status of their request."", ""Documentation of the old device's retrieval or replacement process is completed.""]","To allocate a new purchase PO and retrieve an old device, follow these steps: 1. Create a new PO in the procurement system. 2. Attach the old device to the PO. 3. Route the PO for approval. 4. Once approved, confirm the PO number with the requester. 5. Retrieve the old device and assign it to the new PO.","[""Create a new PO"", ""Attach old device to PO"", ""Route PO for approval"", ""Confirm PO number"", ""Retrieve old device""]","The request involves creating a new purchase order and retrieving an old device, which falls under the Purchase Order Workflow and Vendor Quotation and Approval Steps.","{""needs_human"": false, ""needs_llm_escalation"": false, ""policy_gap"": false, ""reasons"": []}",,,,,,,,
AUDIT-0143,System E,6195,wants to share word short document template no numbering with wants share word short document template numbering want share word short document template numbering accept decline requests,Storage,Share Word short document template with/without numbering and manage requests,"[""Confirm that Microsoft Word is functioning correctly and there are no known issues impacting template sharing."", ""Provide detailed instructions on how to save and share a Word document template with or without numbering."", ""Guide the user on how to enable or disable numbering in Word templates before sharing."", ""Explain the process for accepting or declining requests for the shared template within the organization's collaboration platform."", ""Propose updates to the FAQ or quick-reference guides if similar inquiries recur frequently."", ""Encourage the use of training resources or webinars for advanced features of Word template management."", ""Monitor feedback and adjust guidance based on user experience and common issues encountered.""]","[""The user is able to create and share a Word short document template with the desired numbering format."", ""The user can effectively manage incoming requests for the shared template, including accepting and declining them according to policy.""]",User seeks assistance in creating both numbered and non-numbered Word document templates.,"[""Confirm current Word version and compatibility."", ""Create template with numbering using built-in tools."", ""Create second template without numbering."", ""Provide both templates to user.""]",Request involves creating document templates with specific formatting options.,"{""needs_human"": false, ""needs_llm_escalation"": false, ""policy_gap"": false, ""reasons"": []}",,,,,,,,
AUDIT-0144,System E,4556,new project code for code has assigned hi setting assign thank kind regards engineer november code has assigned hello please advised record number has assigned please review details take appropriate action reference number details requested location kingdom liverpool liverpool summary code additional comments requirements code hi please create code code name platform give write myself manage code please let require further information kind regards technical programme id canary assign reference assignment summary code location kingdom liverpool liverpool attachments setup form please link kind regards ref msg,Internal Project,Create new project code for internal project,"[""1. Verify project details and requirements with the requester."", ""2. Create a new project code in the system following the internal project guidelines."", ""3. Assign the project code to the correct location (Kingdom, Liverpool, Liverpool) and ensure it is linked to the relevant department."", ""4. Set up the project with the required settings and configurations, including any specific platform needs as mentioned."", ""5. Review the project budget and cost allocation to ensure accuracy and alignment with financial policies."", ""6. Update the project details in the tracking system and confirm the setup with the requester."", ""7. Tag the project assets according to the Hardware Asset Tagging and Tracking policy."", ""8. Confirm that all necessary documentation, such as the setup form, is completed and linked to the project.""]","[""The new project code is created and verified within the system."", ""The project code is correctly assigned to the specified location and department."", ""All required settings and configurations are applied according to the project requirements."", ""The project budget and cost allocation are reviewed and updated as necessary.""]",A new project code named 'platform' needs to be created for the Liverpool location. Please review the attached setup form and confirm the details.,"[""Review attached setup form."", ""Confirm project details."", ""Create new project code 'platform'."", ""Assign code to Liverpool location."", ""Notify relevant parties of assignment.""]","The request pertains to initiating a new project code within the Liverpool location, aligning with internal project management processes.","{""needs_human"": false, ""needs_llm_escalation"": true, ""policy_gap"": false, ""reasons"": [""long_ticket""]}",,,,,,,,
AUDIT-0145,System B,4073,investigate deeper the error and november pm re multiple polls down hello please assign investigate deeper error attach had also re same storage issue thank november re multiple polls down hello assigned queue restarted seems storage error related thank november multiple polls down hello discussed please advised has logged assigned queue polls down further assist thanks best regards analyst,Miscellaneous,Investigate and resolve multiple polls down error related to storage issue,"[""Clarify symptoms, scope (one user vs many), and recent changes related to storage."", ""Restart the assigned queue to see if it resolves the immediate issue."", ""Check networking, login status, and basic resource usage, including storage health."", ""Look for known incidents or outages affecting storage systems."", ""If issue persists, review the storage logs for error messages or unusual activity."", ""Consult with the storage team to understand any recent changes or maintenance activities."", ""If issue becomes specific to hardware, redirect to the hardware.printer_setup_and_common_errors KB for further guidance.""]","[""Storage system is stable and no longer showing errors."", ""Multiple polls function correctly without downtime.""]",The issue appears to be related to storage. Restarting the queue resolved it temporarily but further investigation is required to prevent recurrence.,"[""Identify the specific storage issue causing the polls to go down."", ""Restart the affected queue to temporarily resolve the issue."", ""Monitor the system to ensure the issue does not recur."", ""If necessary, escalate to a specialist for further analysis.""]",The ticket mentions multiple polls being down and a storage-related error. The initial action of restarting the queue was effective but did not address the root cause.,"{""needs_human"": true, ""needs_llm_escalation"": false, ""policy_gap"": false, ""reasons"": []}",,,,,,,,
AUDIT-0146,System A,7503,provide access to and while on assets provide while hello please provide colleagues while connected both working number while since both collaborators client side provided by his employer please find attached also strange received connect thank consultant mobile,Hardware,Grant secure access to hardware assets and ensure data compliance,"[""Confirm the specific hardware assets and data access required by the colleagues."", ""Classify the requested data as public, internal, confidential, or personal."", ""Choose appropriate access methods ensuring data security and privacy rules are followed."", ""Apply access controls via roles or views and document approvals."", ""Review access permissions regularly and adjust as necessary."", ""Ensure all collaborators have the correct working numbers and contact details for connectivity."", ""Document the access setup and any additional information in the ticket""]","[""Colleagues have been granted secure access to the required hardware and data."", ""All connectivity issues have been resolved and confirmed by the requesting party.""]","To facilitate collaboration, please follow these steps: 1. Confirm the collaborators' employment status and their need for access. 2. Grant access to the required assets. 3. Share contact information securely. 4. Monitor access and usage. If the collaborators are from different departments or regions, escalate the request to the appropriate team.","[""Confirm collaborators' employment status"", ""Grant access to assets"", ""Share contact information securely"", ""Monitor access and usage""]","The request involves providing access to assets and sharing contact information for collaboration. This requires verifying the collaborators' employment status and ensuring secure sharing of information. If the collaborators are from different departments or regions, escalation may be necessary.","{""needs_human"": false, ""needs_llm_escalation"": false, ""policy_gap"": false, ""reasons"": []}",,,,,,,,
AUDIT-0147,System A,2620,new project code pas please setup code per form attached thank,Internal Project,Setup new project code per attached form,"[""Confirm project sponsor, manager, and expected duration"", ""Identify required systems (repositories, CI/CD, databases, test/stage)"", ""Assign a primary IT contact or support group and notify them of their responsibilities"", ""Define support hours, incident severity levels, and establish clear escalation contacts"", ""Document project setup details including systems, contacts, and support model in a shared and accessible location"", ""Review and confirm the budget availability and cost allocation with the finance department"", ""Ensure compliance with IT Equipment Procurement Policy and apply correct GL codes and project codes in the procurement system""]","[""Project setup is complete and all necessary systems are configured"", ""Primary IT contact or support group is assigned and fully aware of project requirements and escalation procedures"", ""Budget approval and cost allocation are confirmed and documented according to policy""]",We'll set up the code for your new project based on the provided form. Please allow some time for the process.,"[""Review the attached form for project details"", ""Create a new project"", ""Set up the necessary files"", ""Configure the code according to the form details"", ""Test the project setup for any issues""]","We'll need to create a new project, set up the necessary files, and configure the code according to the form details.","{""needs_human"": false, ""needs_llm_escalation"": false, ""policy_gap"": false, ""reasons"": []}",,,,,,,,
AUDIT-0148,System F,9596,caps temporary opened caps opened hi caps opened port regenerate let encrypt certificates opening rule please let stop running kind regards,Miscellaneous,Reassign misrouted ticket and address unclear requests,"[""Review the ticket description to determine the correct category and owner."", ""Update the ticket category, priority, and routing group based on the review."", ""Add a brief note explaining the reassignment to the ticket."", ""Clarify the request regarding 'caps temporary opened' and 'port regenerate let encrypt certificates'."", ""Determine if the request pertains to system access, certificate management, or another issue."", ""If related to system access, follow the resolution steps outlined in 'Access' policies."", ""If related to certificate management, escalate to the appropriate team for handling Let's Encrypt certificates.""]","[""The ticket is reassigned to the correct category and owner."", ""All unclear requests are clarified and addressed appropriately."", ""If escalated, the specialized team acknowledges receipt of the ticket.""]","The ticket involves multiple unrelated requests that need separate handling. Open CAPS, regenerate certificates, and review rules are distinct tasks requiring specific actions and permissions.","[""Open CAPS temporarily as requested."", ""Regenerate Let's Encrypt certificates."", ""Review and update opening rules."", ""Document all changes and notify requester.""]",The ticket contains multiple unrelated requests that do not fit into a single category. Each request needs to be addressed separately based on its nature.,"{""needs_human"": false, ""needs_llm_escalation"": false, ""policy_gap"": false, ""reasons"": []}",,,,,,,,
AUDIT-0149,System E,5435,new project code oracle fusion code setup hello appreciate create attached code today because create thank officer,Internal Project,Setup Oracle Fusion code for new internal project,"[""Create a new project code in Oracle Fusion for the internal project"", ""Ensure the correct cost centre and GL code are selected for the project"", ""Guide the requester through the procurement system access setup"", ""Verify that the requester can access the procurement system"", ""Check the PO status to ensure it progresses from draft to approved"", ""Resolve any validation errors and resubmit the PO if necessary"", ""Confirm PO approval and share the PO number with the requester""]","[""The project code is created successfully in Oracle Fusion"", ""The PO is approved and the PO number is shared with the requester""]",Oracle Fusion setup requires proper configuration and code integration. Follow provided steps to ensure successful implementation.,"[""Review Oracle Fusion documentation for setup."", ""Ensure all required modules are enabled."", ""Test code integration with Fusion environment.""]","The request pertains to setting up Oracle Fusion, which aligns with internal project code setup procedures.","{""needs_human"": false, ""needs_llm_escalation"": false, ""policy_gap"": false, ""reasons"": []}",,,,,,,,
AUDIT-0150,System C,3487,new purchase po purchase po dear purchased by converter pin key key please log allocation after receive item please take consideration mandatory receipts section order receive item ordered how video link kind regards administrator,Purchase,"New Purchase PO: Allocation, Receipt, and Tracking","[""Verify that the requester has access to the procurement system and can initiate a purchase order."", ""Check the status of the purchase order (PO) to ensure it is not stuck in a pending state."", ""Ensure that the correct cost centre, GL code, and vendor are selected before proceeding."", ""Guide the user through fixing any validation errors and resubmitting the PO."", ""Confirm PO approval and share the PO number with the requester."", ""Upon receiving the item, log the allocation in the procurement system and consider mandatory receipts as per the order."", ""Track the status of the hardware order using the PO or order number to confirm delivery.""]","[""The PO is approved, and the item is correctly allocated in the procurement system."", ""The item is received, and its delivery is confirmed with appropriate tracking details.""]","After receiving the items, please log the allocation. Here's how: 1. Navigate to the procurement system. 2. Find the relevant purchase order. 3. Update the status to 'Received'. 4. Allocate the items to the appropriate inventory. 5. Save the changes.","[""Navigate to procurement system"", ""Find relevant PO"", ""Update status to 'Received'"", ""Allocate items to inventory"", ""Save changes""]","The request is related to the Purchase Order Workflow and Tracking Orders and Deliveries, specifically the log allocation step after receiving items.","{""needs_human"": false, ""needs_llm_escalation"": false, ""policy_gap"": false, ""reasons"": []}",,,,,,,,
AUDIT-0151,System F,8705,laptop charger charger forgot charger kind regards,Hardware,Laptop Charger Issue Resolution,"[""Verify that the user is using the correct and approved laptop charger model."", ""Inspect the charger for any visible signs of damage such as frayed wires or broken connectors."", ""Test the charger with another compatible laptop to determine if the issue is with the charger itself."", ""If the charger passes the test, check the laptop's charging port for any damage or debris."", ""Update the laptop's BIOS/firmware and power-management drivers if they are outdated."", ""If the issue persists, initiate the hardware replacement process for the charger.""]","[""The charger is confirmed to be functioning properly."", ""The user reports that the laptop charges successfully with the charger."", ""There are no further reports of power or charging issues from the user.""]",Laptop charger needs replacement. Order new charger from IT inventory and install it.,"[""Order new charger from IT inventory."", ""Install new charger on laptop.""]","Request is for hardware replacement, specifically a charger, which aligns with hardware category in KB.","{""needs_human"": false, ""needs_llm_escalation"": false, ""policy_gap"": false, ""reasons"": []}",,,,,,,,
AUDIT-0152,System B,3765,change delivery responsible for and for va appointed responsible opportunity va upgrade hi please change responsible both va thanks officer thursday november appointed responsible opportunity va upgrade hi how responsible opportunity va upgrade please help moving thanks lot best regards wrote hello appointed responsible va upgrade order view opportunity add forecast please link opportunity id ca wish view opportunities which responsible opportunity cd thank,Administrative rights,Change delivery responsible for VA and appointed responsible opportunity VA upgrade,"[""1. Verify requester identity and approval (manager or system owner)."", ""2. Identify exact system, group, or repository required for the VA and appointed responsible opportunity VA upgrade."", ""3. Check for existing access to avoid duplicates and confirm if any changes are needed."", ""4. Apply change via IAM tool, AD group, or application admin console for the VA and appointed responsible."", ""5. Ask user to log off and back in to refresh permissions."", ""6. Confirm access works for key actions related to the VA and appointed responsible opportunity VA upgrade; update ticket with groups/roles applied."", ""7. Ensure that the VA and appointed responsible have the necessary permissions to view and manage opportunities and forecasts."", ""8. Link the opportunity ID CA for the appointed responsible to view opportunities.""]","[""Access is updated correctly for the VA and appointed responsible opportunity VA upgrade."", ""The appointed responsible can view and manage opportunities and forecasts using the opportunity ID CA."", ""The user can log in and access the required systems and repositories without issues.""]","To change the responsible person for the VA upgrade opportunity and delivery, verify the requester's identity, confirm the systems involved, apply the necessary changes through the IAM tool, and ensure the new responsible person has the correct permissions.","[""Verify requester's identity and approval."", ""Identify systems and roles for VA upgrade and delivery."", ""Apply changes via IAM tool."", ""Confirm new responsible person's permissions."", ""Update ticket with applied changes.""]","The request involves administrative changes to user responsibilities for specific tasks, aligning with the access management category.","{""needs_human"": false, ""needs_llm_escalation"": false, ""policy_gap"": false, ""reasons"": []}",,,,,,,,
AUDIT-0153,System F,6721,unmapped natural account unmapped natural hi please thank kind regards october pm unmapped natural hi please approve mapping translation other costs journal because mapped natural thank regards,Access,Approval for Mapping Translation and Other Costs Journal Access,"[""Verify the identity of the requester and obtain approval from the manager or system owner."", ""Determine the specific system, group, or repository where access is needed and the required role level."", ""Review current access levels to prevent duplication."", ""Implement the access change using the IAM tool, AD group management, or the application's admin console."", ""Instruct the user to log out and log back in to refresh their permissions."", ""Test the access by performing key actions and document the groups/roles applied in the ticket.""]","[""The user has been granted access to the Mapping Translation and Other Costs Journal."", ""The user can successfully perform necessary actions within the system without issues.""]",Mapping natural accounts requires verification and approval to ensure correct access is granted.,"[""Verify requester identity and approval."", ""Identify exact system and role required."", ""Check for existing access."", ""Apply change via appropriate tool."", ""Confirm access works.""]","The request involves mapping a natural account, which falls under the access category requiring standard workflow steps.","{""needs_human"": false, ""needs_llm_escalation"": false, ""policy_gap"": false, ""reasons"": []}",,,,,,,,
AUDIT-0154,System D,3155,please access to confluence for please confluence dear please confluence thank best regards agile safe agile methodology next annual leave november,Access,Grant access to Confluence,"[""Verify the identity of the requester and obtain approval from their manager or the system owner."", ""Determine the specific Confluence space(s) or group(s) required and the appropriate role level."", ""Review current access levels to prevent granting duplicate permissions."", ""Execute the access change through the IAM tool, AD group management, or the Confluence admin console."", ""Instruct the user to sign out and sign back in to update their session permissions."", ""Test the access by performing key actions within Confluence; document the groups and roles applied in the ticket.""]","[""The user demonstrates successful login and navigation within the specified Confluence spaces."", ""The assigned role level and permissions match the requirements for the user's role within the organization.""]","To grant access to Confluence, verify the requester's identity and approval, identify the required system and role, check for existing access, apply the change via the appropriate tool, and confirm the access works.","[""Verify requester identity and approval from manager or system owner."", ""Identify the exact system and role level required for Confluence access."", ""Check for existing access to avoid duplicates."", ""Apply the change via the IAM tool or application admin console."", ""Ask the user to log off and back in to refresh permissions.""]","The request is for access to Confluence, which fits the Access Request Flow category. The steps involve verifying identity, identifying the system, checking for duplicates, applying changes, and confirming access.","{""needs_human"": false, ""needs_llm_escalation"": false, ""policy_gap"": false, ""reasons"": []}",,,,,,,,
AUDIT-0155,System C,4977,new columns for employee details report columns details report hi kindly asking amend details report details attached excel questions please let please thank analyst,Internal Project,Amend employee details report columns,"[""Validate the requester's role and legal basis for accessing HR data."", ""Identify the required fields, date ranges, and format (Excel) for the employee details report."", ""Confirm the exact report, filters, and export format needed for the amendment."", ""Attempt to reproduce the issue using a test or admin account to ensure the problem is understood."", ""Check user permissions for reporting modules to ensure access rights are correct."", ""Clear browser cache or test in an alternate browser if the report is web-based."", ""Log any errors encountered and coordinate with the application owner for necessary fixes."", ""Use HR reporting tools to generate the report with the updated column details provided in the attached Excel file.""]","[""The employee details report is generated successfully with the new columns specified in the attached Excel file."", ""All requested amendments to the report columns are accurately reflected in the final report output.""]","To add new columns to the employee details report in Excel, follow these steps: 1. Open the report in Excel. 2. Right-click on an existing column header and select 'Insert'. 3. Enter the new column name in the 'Insert' dialog box. 4. Click 'OK' to create the new column. 5. Populate the new column with the desired data. If you encounter any issues, please let us know.","[""Open the report in Excel"", ""Right-click on an existing column header and select 'Insert'"", ""Enter the new column name in the 'Insert' dialog box"", ""Click 'OK' to create the new column"", ""Populate the new column with the desired data""]",The user is requesting to add new columns to an existing report in Excel. The steps provided are a general guide to adding columns in Excel.,"{""needs_human"": false, ""needs_llm_escalation"": false, ""policy_gap"": false, ""reasons"": []}",,,,,,,,
AUDIT-0156,System D,8674,new request dear kind create called composition thanks id image add,Miscellaneous,Clarify and Assist in Creating a Composition with an ID Image,"[""Verify the requester's intent and clarify whether they are referring to a specific type of document or project."", ""Guide the user to provide detailed specifications for the composition, including format, content, and purpose."", ""Determine if the creation of the composition falls under any existing policies or procedures (e.g., project documentation, report creation)."", ""Assist the user in understanding how to incorporate an ID image into the composition, ensuring it meets any specified guidelines."", ""Provide step-by-step instructions on how to save the composition and add the ID image using available tools or software."", ""Confirm with the user that the composition is ready for submission and advise on the submission process."", ""Follow up to ensure the composition has been submitted successfully and address any further concerns.""]","[""The user understands the process for creating the composition and adding the ID image."", ""The composition is created and submitted according to the user's requirements and any applicable guidelines.""]","To create a new composition with an image ID, follow these steps: Verify access to the system, ensure the image ID is correct, and add it to the composition. If issues persist, check for validation errors and resubmit.","[""Verify user access to the composition system."", ""Ensure the image ID is correct and available."", ""Add the image ID to the new composition."", ""Check for any validation errors and resubmit if necessary."", ""Confirm the composition creation and share details with the user.""]","The request involves creating a new composition and adding an image ID, which aligns with procurement and hardware processes.","{""needs_human"": false, ""needs_llm_escalation"": false, ""policy_gap"": false, ""reasons"": []}",,,,,,,,
AUDIT-0157,System F,4556,new project code for code has assigned hi setting assign thank kind regards engineer november code has assigned hello please advised record number has assigned please review details take appropriate action reference number details requested location kingdom liverpool liverpool summary code additional comments requirements code hi please create code code name platform give write myself manage code please let require further information kind regards technical programme id canary assign reference assignment summary code location kingdom liverpool liverpool attachments setup form please link kind regards ref msg,Internal Project,Create new project code for internal project,"[""1. Verify project details and requirements with the requester."", ""2. Create a new project code in the system following the internal project guidelines."", ""3. Assign the project code to the correct location (Kingdom, Liverpool, Liverpool) and ensure it is linked to the relevant department."", ""4. Set up the project with the required settings and configurations, including any specific platform needs as mentioned."", ""5. Review the project budget and cost allocation to ensure accuracy and alignment with financial policies."", ""6. Update the project details in the tracking system and confirm the setup with the requester."", ""7. Tag the project assets according to the Hardware Asset Tagging and Tracking policy."", ""8. Confirm that all necessary documentation, such as the setup form, is completed and linked to the project.""]","[""The new project code is created and verified within the system."", ""The project code is correctly assigned to the specified location and department."", ""All required settings and configurations are applied according to the project requirements."", ""The project budget and cost allocation are reviewed and updated as necessary.""]","Provide a unique, descriptive name that reflects the project’s purpose or features.","[""Identify key project features."", ""Brainstorm names related to these features."", ""Select a unique, descriptive name.""]","The request is for a project code name, which requires a clear and relevant name based on the project’s characteristics.","{""needs_human"": false, ""needs_llm_escalation"": false, ""policy_gap"": false, ""reasons"": []}",,,,,,,,
AUDIT-0158,System D,9002,access to oracle dear colleagues please myself environment involved billing starting thank senior tester,HR Support,Grant access to Oracle environment for billing involved senior tester,"[""Verify requester identity and ensure approval from manager or system owner"", ""Identify that the Oracle environment and specific billing-related roles are required"", ""Check HR records to confirm employment status and access entitlements"", ""Ensure there are no legal or compliance holds affecting access"", ""Apply change via IAM tool, adjusting AD group or application admin console settings"", ""Instruct user to log off and back in to refresh permissions"", ""Confirm access works for key billing actions; update ticket with groups/roles applied""]","[""User has successfully logged into the Oracle environment"", ""User can perform key billing actions without issues""]","To grant the senior tester access to the Oracle environment, verify their identity and approval, identify the specific access required, check for existing access, and apply the necessary changes via the appropriate tool. Confirm the access works for key actions and update the ticket with the details of the groups/roles applied.","[""Verify the senior tester's identity and approval from their manager or system owner."", ""Identify the specific access required in the Oracle environment for billing tasks."", ""Check for any existing access to avoid duplicates."", ""Apply the necessary changes via the IAM tool or application admin console."", ""Confirm the access works for key actions and update the ticket with the groups/roles applied.""]",The request involves granting access to a specific system (Oracle) for a user (senior tester) to perform billing-related tasks. This falls under the Access Request Flow category.,"{""needs_human"": false, ""needs_llm_escalation"": false, ""policy_gap"": false, ""reasons"": []}",,,,,,,,
AUDIT-0159,System B,7239,template test newsletter new design template test design hello possible give view published yet him articles everyone communication employer specialist template test design afb ca ad ad abc bb ad ca bb cd bb cd,Hardware,Newsletter template design issue,"[""Confirm the exact template being used for the newsletter."", ""Reproduce the issue using a test account to verify the problem."", ""Review user permissions for accessing and editing templates."", ""Clear browser cache or test in an alternate browser if web-based."", ""Log any errors encountered and coordinate with the application owner for fixes."", ""Apply standard corporate template policies or guidelines."", ""Send a test newsletter to a controlled group to confirm template appearance.""]","[""Verify that the template design issue is resolved across all platforms."", ""Confirm that the newsletter is published successfully and appears correctly to all recipients.""]","The newsletter design template is not showing up. Please confirm the exact template name, check if it has been published, and verify user permissions. If issues persist, clear browser cache or try another browser.","[""Confirm template name and publication status."", ""Verify user permissions for template access."", ""Clear browser cache or use another browser."", ""Check for any system-generated errors.""]","Based on the provided information, the issue seems related to visibility of a specific template rather than hardware or software functionality. However, given the classifier's high confidence in 'Hardware', this might indicate a misclassification.","{""needs_human"": false, ""needs_llm_escalation"": false, ""policy_gap"": false, ""reasons"": []}",,,,,,,,
AUDIT-0160,System A,5207,view view dear please provide view thanks regards,HR Support,HR Support: Unable to view leave request,"[""Verify that the user has active HR portal access and can log in without issues."", ""Instruct the user to refresh the page and clear browser cache if necessary."", ""Guide the user through navigating to the leave request section within the HR portal."", ""Check if the issue persists across different browsers or devices."", ""If the problem continues, request a screenshot of the error message or blank screen encountered."", ""Consult with IT support to investigate potential system-wide issues affecting leave request visibility."", ""Advise the user on alternative methods to check their leave balance and history, such as contacting their HR representative directly.""]","[""User can access and view their leave request details without errors."", ""IT support confirms that there are no known system issues affecting leave request visibility.""]","To view leave balances and history, follow these steps: 1. Log in to the HR portal. 2. Navigate to the 'My Leave' section. 3. Check the 'Balances' tab for available leave days. 4. View the 'History' tab for past leave requests and approvals.","[""Log in to HR portal"", ""Navigate to My Leave section"", ""Check Balances tab"", ""View History tab""]","The user's request is related to HR Support, specifically viewing leave balances and history, which can be done through the HR portal.","{""needs_human"": false, ""needs_llm_escalation"": false, ""policy_gap"": false, ""reasons"": []}",,,,,,,,
AUDIT-0161,System A,4954,changes that need to be progressed service now changes progressed hello please create assign sn update records ready closed these changes pending task created please let more details subject needed thanks,Miscellaneous,Progress ServiceNow changes and update records,"[""Identify and verify the specific changes that need to be progressed in ServiceNow"", ""Create a pending task for each identified change"", ""Assign the tasks to the relevant teams based on the nature of the changes"", ""Update ServiceNow records to reflect the initiation of the changes"", ""Monitor the progress of the changes and ensure they are executed as planned"", ""Close the ticket once all changes are verified to be complete"", ""Notify all relevant stakeholders about the completion of the changes and any impacts""]","[""All changes are progressed successfully according to the ServiceNow guidelines"", ""ServiceNow records are updated accurately reflecting the current status of the changes"", ""Stakeholders are informed about the changes and their outcomes""]","To progress ServiceNow changes, follow these steps: 1. Assign the changes to a ServiceNow ticket. 2. Update the records as needed. 3. Mark the changes as 'Ready to Close'. 4. Close the ticket once all changes have been implemented.","[""Assign the changes to a ServiceNow ticket"", ""Update the records as needed"", ""Mark the changes as 'Ready to Close'"", ""Close the ticket once all changes have been implemented""]",The request is about progressing ServiceNow changes and updating records. The steps provided ensure that the changes are properly tracked and implemented.,"{""needs_human"": false, ""needs_llm_escalation"": false, ""policy_gap"": false, ""reasons"": []}",,,,,,,,
AUDIT-0162,System F,5797,leaver milos panic leave date october location belgrade leaver form panic leave date october location hello leaver form has filled by name panic leaving date october location ad forwarder leaver mailbox did leaver roaming profile did leaver ad rights personal mailbox approver did leaver rights inventory storage required information name work location details floor seat did leaver did leaver token did leaver mobile phone subscription did leaver other commercial accounts leaver has detected changed automatic by approver backup pm purchase coordinator approver approver approver approver discipline responsible other did leaver did leaver did leaver did leaver did leaver number did leaver extension leaving details unplanned comments needed tickets automatically logged best regards note mailbox receive messages,HR Support,Employee Offboarding IT Checklist for Milos Panic,"[""1. Confirm Milos Panic's last working day and offboarding type (resignation, end of contract, termination)."", ""2. Schedule account disablement aligned with HR and legal requirements, ensuring immediate access removal if necessary."", ""3. Arrange for the return of Milos Panic's laptop and other company equipment, updating the asset inventory accordingly."", ""4. Configure mailbox forwarding or delegate access to Milos Panic's mailbox as directed by HR."", ""5. Remove Milos Panic's access to all HR systems, shared drives, and applications."", ""6. Archive Milos Panic's user data (email, OneDrive, project folders) following the organization's retention policy."", ""7. Document all completion steps and confirm with HR that the process is complete."", ""8. Verify that all access requests for Milos Panic have been modified or removed as appropriate.""]","[""Verify that Milos Panic's account is disabled and all access is removed."", ""Confirm that Milos Panic's laptop and other equipment are returned and the asset inventory is updated."", ""Ensure that all access requests for Milos Panic have been appropriately modified or removed.""]","Milos Panic is leaving the organization. The process includes disabling his account, removing access, and archiving data according to HR guidelines.","[""Confirm last working day and offboarding type."", ""Disable account and remove access."", ""Archive user data as per retention policy."", ""Document completion steps and confirm with HR.""]",This request aligns with standard HR offboarding procedures for employees leaving the organization.,"{""needs_human"": false, ""needs_llm_escalation"": false, ""policy_gap"": false, ""reasons"": []}",,,,,,,,
AUDIT-0163,System C,194,access to folder folder hello folder please libraries view thank head creative,Storage,Resolve access issue to folder 'hello' in Creative Libraries,"[""1. Confirm user can access Microsoft 365/SSO portal."", ""2. Verify SharePoint permissions on the affected library or folder 'hello'."", ""3. Check OneDrive sync client status; re-sign in or reset if necessary."", ""4. Test web access vs synced folder to isolate client vs service issues."", ""5. Review current ACLs or permission groups for 'hello' folder."", ""6. Apply least-privilege changes to ensure proper access rights."", ""7. Ensure inheritance settings are correct to avoid breaking other folders."", ""8. Ask user to re-test access from their normal workstation.""]","[""User can access folder 'hello' in Creative Libraries without issues."", ""Permissions on 'hello' folder are correctly set according to the least privilege principle.""]","To access the 'hello folder' in the libraries view, please verify your permissions on the affected library or folder. If necessary, adjust permissions to grant access.","[""Confirm your current permissions on the affected library or folder"", ""Review and adjust permissions as needed to grant access"", ""Test access from your normal workstation""]","The request pertains to accessing a specific folder within a library, which suggests a storage issue related to file permissions.","{""needs_human"": false, ""needs_llm_escalation"": false, ""policy_gap"": false, ""reasons"": []}",,,,,,,,
AUDIT-0164,System B,7137,bod new list dear please changes mailing create include both please include thanks head out public holiday,Miscellaneous,Create a new mailing list including public holiday and head out announcements,"[""Verify requester identity and confirm authority to initiate mailing list creation"", ""Identify the scope and purpose of the new mailing list"", ""Create the mailing list using the organization's approved tools and platforms"", ""Add 'public holiday' and 'head out' topics as categories or tags within the list"", ""Configure list settings to allow appropriate subscription and posting permissions"", ""Notify potential subscribers about the new mailing list and its purpose"", ""Monitor initial feedback and adjust settings as necessary""]","[""Mailing list is successfully created and configured"", ""All relevant stakeholders receive notification about the new mailing list"", ""List settings allow proper management of subscriptions and postings""]","To address your request, we will create a new mailing list that includes both parties mentioned. Additionally, a thank you note will be added to acknowledge their efforts during the public holiday.","[""Identify both parties to be included in the mailing list."", ""Create a new mailing list and add both parties."", ""Draft a thank you note acknowledging their efforts during the public holiday."", ""Add the thank you note to the mailing list."", ""Send the mailing list to all recipients.""]",The request pertains to administrative tasks related to communication and does not align directly with access management or administrative rights review processes.,"{""needs_human"": false, ""needs_llm_escalation"": false, ""policy_gap"": false, ""reasons"": []}",,,,,,,,
AUDIT-0165,System A,9976,de va visitor deactivate visitor deactivate visitor deactivate visitor deactivate visitor deactivate visitor deactivate visitor deactivate visitor deactivate visitor deactivate va visitor reactivate visitor returned activated visitor reactivate visitor returned activated,Access,Manage Visitor Access Deactivation and Reactivation,"[""Confirm the visitor's current status and access requirements with HR or the visitor's sponsoring department."", ""Deactivate the visitor's account and remove access to all company systems and applications following the Employee Offboarding IT Checklist."", ""Ensure any equipment provided to the visitor is returned and accounted for."", ""Schedule account reactivation based on the visitor's return date and updated access requirements."", ""Reactivate the visitor's account and restore access to required systems and applications as per the latest access profile."", ""Document all actions taken and confirm with HR or the sponsoring department.""]","[""Verify that the visitor's account is deactivated and all access is removed upon departure."", ""Confirm that the visitor's account is reactivated and access is correctly restored upon their return.""]","The visitor's access has been deactivated. To reactivate, please follow the necessary steps.","[""Confirm the visitor's details."", ""Deactivate the visitor's access."", ""Document the deactivation steps."", ""To reactivate, follow the same process in reverse.""]",The ticket pattern matches the standard process for deactivating and reactivating visitor access.,"{""needs_human"": false, ""needs_llm_escalation"": false, ""policy_gap"": false, ""reasons"": []}",,,,,,,,
AUDIT-0166,System E,8607,request to export a folder hello talk regarding exporting library saved conversation conversations tab conversation history folder export share folder hi working application organize content establish which helpful script share export files secure location application possible create thanks kind regards,Storage,Assistance with exporting a conversation history folder and organizing content,"[""Confirm the exact folder and export format required for the conversation history."", ""Check if the application has an export feature for the conversation history folder."", ""If the application does not support direct export, consider alternative methods such as screen capture or manual copy to a document."", ""Provide standard folder templates (e.g., _01-Admin, 02-Working, 03-Archive_) and encourage separation of personal, team, and project data."", ""Align permissions with the structure (e.g., confidential vs general folders) and assist the requester in restructuring existing content when necessary."", ""Document the agreed structure and share with the team."", ""Ensure that the exported files are stored in a secure location accessible by authorized personnel.""]","[""Folder is exported successfully in the required format."", ""Folder structure is organized and aligned with permissions."", ""Exported files are securely stored and accessible to the appropriate team members.""]",The 'hello talk' folder contains conversation history that can be exported and shared securely. Follow the steps below to organize and export the content.,"[""Organize the 'hello talk' folder under the '02-Working' section."", ""Create a secure location for the exported files."", ""Use a script to automate the export process if needed."", ""Share the exported files with relevant team members.""]","The request involves exporting a specific folder, which aligns with storage management and organization practices.","{""needs_human"": false, ""needs_llm_escalation"": false, ""policy_gap"": false, ""reasons"": []}",,,,,,,,
AUDIT-0167,System D,4073,investigate deeper the error and november pm re multiple polls down hello please assign investigate deeper error attach had also re same storage issue thank november re multiple polls down hello assigned queue restarted seems storage error related thank november multiple polls down hello discussed please advised has logged assigned queue polls down further assist thanks best regards analyst,Miscellaneous,Investigate and resolve multiple polls down error related to storage issue,"[""Clarify symptoms, scope (one user vs many), and recent changes related to storage."", ""Restart the assigned queue to see if it resolves the immediate issue."", ""Check networking, login status, and basic resource usage, including storage health."", ""Look for known incidents or outages affecting storage systems."", ""If issue persists, review the storage logs for error messages or unusual activity."", ""Consult with the storage team to understand any recent changes or maintenance activities."", ""If issue becomes specific to hardware, redirect to the hardware.printer_setup_and_common_errors KB for further guidance.""]","[""Storage system is stable and no longer showing errors."", ""Multiple polls function correctly without downtime.""]",The issue seems to be related to storage errors. Restarting the queue and logging the error has been advised. Further assistance is needed to resolve the problem.,"[""Check the storage system for any hardware failures or errors."", ""Verify if the storage issue is affecting other systems or services."", ""Review the logs for any specific error messages related to storage."", ""Consult with the storage team for further diagnosis and resolution."", ""Escalate to hardware support if the issue persists.""]","The ticket mentions multiple polls going down and a storage issue. Restarting the queue and logging the error are steps taken, but further assistance is required.","{""needs_human"": false, ""needs_llm_escalation"": false, ""policy_gap"": false, ""reasons"": []}",,,,,,,,
AUDIT-0168,System A,7278,prod database access prod database dear since working tool please database prod regards engineer,Hardware,Grant access to production database for engineer,"[""Verify the engineer's identity and obtain approval from their manager or the system owner"", ""Determine the specific production database and the required role level for access"", ""Review current access levels to prevent duplication of access rights"", ""Provision access through the Identity and Access Management (IAM) tool or application admin console"", ""Instruct the engineer to log out and log back in to refresh their permissions"", ""Test the access to ensure it functions correctly for necessary operations"", ""Document the granted access in the ticket, including the groups and roles applied""]","[""The engineer successfully accesses the production database with the correct role level"", ""Access details are accurately recorded and communicated to the relevant parties""]","To grant access to the production database, we need to follow our internal project resource requirements. We will collect project details, estimate requirements, and provision the necessary resources. Once done, we will share access details with the engineering team.","[""Collect basic project details: stack, environments (dev/test/prod), users."", ""Estimate compute, storage, and network requirements."", ""Map requirements to standard platforms (cloud, on-prem, shared services)."", ""Raise necessary provisioning requests and track completion."", ""Share resource overview and access details with the project team.""]","The ticket pattern matches a request for a production database, which falls under the 'Project IT Resource Requirements' category. The resolution involves provisioning resources and sharing access details.","{""needs_human"": false, ""needs_llm_escalation"": false, ""policy_gap"": false, ""reasons"": []}",,,,,,,,
AUDIT-0169,System A,5887,new starter re hi please find attached filled form thursday october hello please fill date thank,HR Support,New starter onboarding IT setup,"[""Verify the identity of the new starter and the accuracy of the HR onboarding request, including start date and role."", ""Create core accounts (AD, email, SSO) with the correct department and manager details confirmed from HR."", ""Provision the standard hardware kit appropriate for the role and confirm logistics for shipping or pickup."", ""Assign default application, HR system, and folder access based on the role profile, ensuring no duplicate access."", ""Test the login functionality for email, HR portal, and time-reporting systems before the handover to the new starter."", ""Share detailed 'Getting Started' instructions with both the manager and the new starter."", ""Update the ticket with all completed steps and any remaining follow-ups, including the date of completion.""]","[""All core accounts are created and verified as functional."", ""The new starter has received and confirmed receipt of the 'Getting Started' instructions.""]","We've received your new starter's filled form for Thursday October. To ensure they have the correct accounts, equipment, and access on day one, we'll follow the New Employee Onboarding IT Checklist. Here are the steps we'll take: 1. Verify start date and role from the HR onboarding request. 2. Confirm core accounts (AD/email/SSO) have been created with the right department and manager. 3. Provision standard hardware kit and confirm shipping or pickup details. 4. Assign default application, HR system, and folder access based on role profile. 5. Test login to email, HR portal, and time-reporting before handover.","[""Verify start date and role from the HR onboarding request."", ""Confirm core accounts (AD/email/SSO) have been created with the right department and manager."", ""Provision standard hardware kit and confirm shipping or pickup details."", ""Assign default application, HR system, and folder access based on role profile."", ""Test login to email, HR portal, and time-reporting before handover.""]","The ticket pattern matches the New Employee Onboarding IT Checklist, which ensures new starters have the correct accounts, equipment, and access on day one.","{""needs_human"": false, ""needs_llm_escalation"": false, ""policy_gap"": false, ""reasons"": []}",,,,,,,,
AUDIT-0170,System E,9002,access to oracle dear colleagues please myself environment involved billing starting thank senior tester,HR Support,Grant access to Oracle environment for billing involved senior tester,"[""Verify requester identity and ensure approval from manager or system owner"", ""Identify that the Oracle environment and specific billing-related roles are required"", ""Check HR records to confirm employment status and access entitlements"", ""Ensure there are no legal or compliance holds affecting access"", ""Apply change via IAM tool, adjusting AD group or application admin console settings"", ""Instruct user to log off and back in to refresh permissions"", ""Confirm access works for key billing actions; update ticket with groups/roles applied""]","[""User has successfully logged into the Oracle environment"", ""User can perform key billing actions without issues""]","Access request for Oracle environment has been approved. Ensure user is added to relevant groups and roles, and verify access works for key actions.","[""Verify requester identity and approval."", ""Identify exact Oracle environment and role required."", ""Apply change via IAM tool or application admin console."", ""Confirm access works for key actions.""]",The request aligns with standard access request procedures for new or modified access.,"{""needs_human"": false, ""needs_llm_escalation"": false, ""policy_gap"": false, ""reasons"": []}",,,,,,,,
AUDIT-0171,System E,9542,replenishment hi please log replenishment order number mouse wireless yours please perform forecast offices advised by attached thank administrator mobile phone tuesday pm shipment received hello guys received mouse wireless headset lite po except monitor nothing has po invoice kind regards engineer ext,Purchase,Replenishment order tracking and delivery confirmation for wireless mouse,"[""Verify the PO number for the wireless mouse replenishment order."", ""Check the current status of the PO within the procurement system."", ""Retrieve the courier tracking information associated with the PO."", ""Confirm the shipping address and contact information with the user."", ""Notify the user about any delays and escalate to the vendor or logistics team if necessary."", ""Update the ticket with the estimated time of arrival (ETA) and delivery confirmation."", ""Ensure that all items listed on the PO have been received by the user.""]","[""The PO status is updated with accurate tracking information and confirmed by the administrator."", ""The user acknowledges receipt of the wireless mouse with the expected ETA."", ""Any discrepancies between the PO and the received items are addressed and resolved.""]",Logged the replenishment order and provided PO and invoice details. Confirmed receipt of the wireless mouse and headset lite. No issues with the monitor.,"[""Log the replenishment order number."", ""Provide PO and invoice details."", ""Confirm receipt of wireless mouse and headset lite."", ""No issues with the monitor.""]","The ticket involves logging a replenishment order and providing PO and invoice details, which aligns with purchase order workflow and order tracking.","{""needs_human"": false, ""needs_llm_escalation"": false, ""policy_gap"": false, ""reasons"": []}",,,,,,,,
AUDIT-0172,System A,5181,profile path change for visit tomorrow profile path change visit tomorrow hello please kind help out by changing profile path site tomorrow visit change reverted well tomorrow evening thanks leader,Miscellaneous,Change Profile Path for Site Visit Tomorrow,"[""Verify the requester's identity and confirm the need for a profile path change."", ""Identify the exact system or application where the profile path needs to be changed."", ""Check for existing access to avoid duplicate changes."", ""Apply the change via the IAM tool, AD group, or application admin console."", ""Instruct the user to log off and back in to refresh permissions."", ""Confirm with the user that the profile path change has been successfully applied."", ""Document the change and update the ticket with the details of the modification.""]","[""The user confirms that the profile path has been changed as requested."", ""The change is documented and the ticket is updated with the confirmation.""]","To change the user profile path for tomorrow visit, you'll need to update the HR system access. First, confirm the change in HR records and the effective date. Then, map the new role to the appropriate IT access profile. Add or remove applications, distribution lists, and HR permissions as necessary. Validate the new permissions with the user and manager. Finally, remove temporary or probationary access that is no longer required.","[""Confirm HR has recorded the change and effective date."", ""Map new role to standard IT access profile."", ""Add or remove applications, distribution lists, and HR permissions."", ""Validate new permissions with the user and manager."", ""Remove temporary or probationary access that is no longer required.""]","The user's request involves changing the IT access profile due to a role change, which is a common HR Support issue. The HR System Access Guide provides steps to grant and manage access to core HR systems.","{""needs_human"": false, ""needs_llm_escalation"": false, ""policy_gap"": false, ""reasons"": []}",,,,,,,,
AUDIT-0173,System F,9885,access to mailbox mailbox hello please give mailbox backup while she her annual leave thank kind regards accountant,Storage,Provide mailbox backup and ensure accessibility for accountant during annual leave,"[""Confirm current mailbox size and assigned quota to assess backup needs."", ""Help the accountant to archive or delete large items, such as emails in the sent folder and old attachments, to free up space."", ""Configure retention and archive policies according to corporate standards to ensure compliance."", ""If necessary, request a temporary quota increase from the mail administrator, providing a business justification related to the accountant's annual leave."", ""Perform a mailbox backup following the company's backup and restore guidelines."", ""Notify the accountant about the backup process and confirm that the mailbox will function normally during her absence."", ""Set up an automated alert for mailbox size monitoring to prevent issues while she is on leave.""]","[""Mailbox size is within assigned quota after cleanup and potential quota adjustment."", ""Backup of the mailbox is successfully completed and verified."", ""The accountant can access her mailbox without issues upon return from annual leave.""]",Backup was created for the employee's mailbox during annual leave to ensure no data loss.,"[""Create backup of specified mailbox."", ""Notify accountant of successful backup."", ""Inform employee upon completion.""]","Request is for a mailbox backup during an employee's absence, which falls under storage and backup guidelines.","{""needs_human"": false, ""needs_llm_escalation"": false, ""policy_gap"": false, ""reasons"": []}",,,,,,,,
AUDIT-0174,System F,5887,new starter re hi please find attached filled form thursday october hello please fill date thank,HR Support,New starter onboarding IT setup,"[""Verify the identity of the new starter and the accuracy of the HR onboarding request, including start date and role."", ""Create core accounts (AD, email, SSO) with the correct department and manager details confirmed from HR."", ""Provision the standard hardware kit appropriate for the role and confirm logistics for shipping or pickup."", ""Assign default application, HR system, and folder access based on the role profile, ensuring no duplicate access."", ""Test the login functionality for email, HR portal, and time-reporting systems before the handover to the new starter."", ""Share detailed 'Getting Started' instructions with both the manager and the new starter."", ""Update the ticket with all completed steps and any remaining follow-ups, including the date of completion.""]","[""All core accounts are created and verified as functional."", ""The new starter has received and confirmed receipt of the 'Getting Started' instructions.""]",The new starter needs the form completed with the current date for onboarding purposes.,"[""Verify the current date."", ""Fill out the form with the correct date."", ""Submit the form for review.""]",This request pertains to ensuring the new employee's onboarding process is complete and accurate.,"{""needs_human"": false, ""needs_llm_escalation"": false, ""policy_gap"": false, ""reasons"": []}",,,,,,,,
AUDIT-0175,System D,2064,access space for hi please approve thank,HR Support,Grant access to HR system,"[""Confirm user's employment status, role, and manager from HR."", ""Map requested rights to standard HR role profiles (employee, manager, HR staff)."", ""Submit or approve access change in HR system admin tool."", ""Ask user to log out of SSO and back in to refresh permissions."", ""Validate that key tasks (time entry, leave approval, HR reporting) now work."", ""Update ticket with final access profile and any exceptions.""]","[""User can log in to HR system successfully"", ""User has required access to perform key tasks (time entry, leave approval, HR reporting)""]","To grant access, verify the requester's identity and approval, identify the required system and role, check for existing access, apply the change, and confirm the access works.","[""Verify the requester's identity and approval from their manager or system owner."", ""Identify the exact system, group, or repository required and the role level."", ""Check for existing access to avoid duplicates."", ""Apply the change via the IAM tool, AD group, or application admin console."", ""Ask the user to log off and back in to refresh permissions.""]","The request is for system access, which follows a standard access request flow. The user needs approval, indicating a need for verification and specific role assignment.","{""needs_human"": false, ""needs_llm_escalation"": false, ""policy_gap"": false, ""reasons"": []}",,,,,,,,
AUDIT-0176,System F,3889,forwarding configured for para forwarding configured hi help disable forwarding configured thanks accountant ext mob,HR Support,Disable mailbox forwarding for accountant's email,"[""1. Confirm last working day and offboarding type (resignation, end of contract, termination)."", ""2. Schedule account disablement aligned with HR and legal requirements."", ""3. Remove access to HR systems, shared drives, and applications."", ""4. Disable mailbox forwarding for the accountant's email."", ""5. Verify that mailbox forwarding has been successfully disabled."", ""6. Notify HR of completed mailbox forwarding disablement.""]","[""Mailbox forwarding is disabled for the accountant's email."", ""The accountant's access to HR systems, shared drives, and applications is removed."", ""HR is notified of the completion of mailbox forwarding disablement.""]",Configure mailbox forwarding and disable access as per HR instructions.,"[""Confirm last working day and offboarding type."", ""Disable account and remove access."", ""Configure mailbox forwarding as needed.""]","The request aligns with typical patterns for employee offboarding, requiring mailbox forwarding and access disablement.","{""needs_human"": false, ""needs_llm_escalation"": false, ""policy_gap"": false, ""reasons"": []}",,,,,,,,
AUDIT-0177,System D,8923,reception new delivery hello received items headset keyboards cables meter cables meters dp adapters adapters adapters patch meter patch meters po po hub po please advise please log thank engineer,Purchase,"Reception of new delivery items, including headsets, keyboards, cables, meters, and adapters, and request for PO and hub.","[""Verify requester has access to procurement system."", ""Check PO status (draft, awaiting approval, approved, closed)."", ""Ensure correct cost centre, GL code, and vendor are selected."", ""Guide user through fixing validation errors and resubmitting if necessary."", ""Look up PO or order number and current status."", ""Retrieve courier tracking information if available."", ""Confirm shipping address and contact information with user."", ""Update ticket with ETA and delivery confirmation.""]","[""PO status is updated and reflected in the procurement system."", ""Courier tracking information is provided to the user."", ""All received items are accounted for and matched against the PO.""]",The delivery has been logged. Please confirm the items received and check the purchase order status.,"[""Log the delivery in the procurement system."", ""Verify the items received match the purchase order."", ""Check the purchase order status for any discrepancies."", ""Update the ticket with the delivery confirmation.""]","The ticket involves logging a new delivery of IT items, which falls under the purchase category.","{""needs_human"": false, ""needs_llm_escalation"": false, ""policy_gap"": false, ""reasons"": []}",,,,,,,,
AUDIT-0178,System C,2250,access to and confluence confluence hi please assign appropriate roles confluence add appropriate after thanks head,Access,Assign appropriate roles in Confluence,"[""Verify the identity of the requester and confirm approval from their manager or the system owner."", ""Determine the specific Confluence spaces or groups the user requires access to and the appropriate role level."", ""Review current access levels to prevent duplication of roles."", ""Execute the role assignment through the Identity and Access Management (IAM) tool, Active Directory (AD) group, or Confluence admin interface."", ""Instruct the user to sign out and sign back into Confluence to refresh their permissions."", ""Test the access by performing key actions to ensure the role functions as expected; document the groups and roles applied in the ticket."", ""Notify the user and their manager about the completion of the role assignment.""]","[""The user is successfully assigned the correct role(s) in Confluence."", ""The user confirms they can access the required Confluence spaces or groups without issues."", ""There are no reported errors or access denials when the user attempts to perform necessary actions within Confluence.""]",Your Confluence access has been granted with the appropriate role. Please log off and log back in to refresh your permissions.,"[""Verified requester identity and approval"", ""Identified exact system and role level"", ""Applied change via IAM tool or application admin console"", ""Asked user to log off and back in to refresh permissions""]","The request matches the Access Request Flow pattern for Confluence access. The user's identity and approval have been verified, and the required role and system have been identified.","{""needs_human"": false, ""needs_llm_escalation"": false, ""policy_gap"": false, ""reasons"": []}",,,,,,,,
AUDIT-0179,System E,2740,replicate the color code updated calendar app hi please replicate color code categories well ones thank november re updated calendar app hi thank help calendar looks great noticed entries calendar displayed times please way keep colored ones thank november updated calendar app resolved fellow think query logged has resolved did well details reference summary calendar app description re logged calendar app resolution added colors good provided resolution response issue persist recur resolved please best provide assistance matter how how how warm regards ext ref msg,Miscellaneous,Replicate Color Code Categories in Updated Calendar App,"[""Confirm that the calendar app's color code categories are functioning correctly and that there are no incidents reported."", ""Provide detailed instructions on how to apply and manage the new color code categories within the calendar app."", ""Offer links to existing guides or tutorials that cover the use of color code categories for better organization."", ""Instruct the user on how to check if their calendar entries are displaying the correct colors based on the categories."", ""Propose updates to the FAQ or quick-reference guides if similar queries recur frequently."", ""Encourage the user to explore additional features of the calendar app that might enhance their experience."", ""Follow up to ensure that the user understands how to use the color code categories effectively.""]","[""The user should be able to successfully apply and differentiate between the color code categories in the calendar app."", ""The user confirms understanding of how to use the color code categories and reports no further issues or questions regarding this feature.""]","To replicate color-coded categories in your updated calendar app, ensure you have the latest version installed, then manually assign colors to each category. If this doesn't work, check the app's settings or contact support for further assistance.","[""Ensure app is up-to-date."", ""Assign colors to each category manually."", ""Check app settings for color options."", ""Contact support if issue persists.""]","The user wants to replicate color-coded categories in their updated calendar app, which involves setting up color assignments for different categories within the app.","{""needs_human"": false, ""needs_llm_escalation"": true, ""policy_gap"": false, ""reasons"": [""long_ticket""]}",,,,,,,,
AUDIT-0180,System D,4390,fresh os install fresh os install hi after installation drive without os fresh installed thanks senior infrastructure engineer infrastructure,Administrative rights,Fresh OS install requires administrative rights for software installation,"[""1. Verify that the user has administrative rights for installing software on the workstation."", ""2. Ensure that the software to be installed is on the approved list; escalate to security/procurement if not."", ""3. Check if the corporate software center, package manager, or remote deployment options are available."", ""4. Install the software using the appropriate method, ensuring compliance with IT policies."", ""5. Test the software to confirm it is functioning correctly post-installation."", ""6. Update the system's configuration settings if necessary to accommodate the new software."", ""7. Monitor the system for any performance issues or conflicts after the installation.""]","[""The user has been granted temporary administrative rights for the installation process."", ""The software has been successfully installed and tested, confirming its functionality.""]","To resolve the issue, ensure the installation media is bootable and correctly configured. Insert the media, boot from it, and follow the on-screen instructions. If issues persist, check BIOS settings and ensure the drive is properly connected.","[""Verify the installation media is bootable and correctly configured."", ""Insert the media and boot from it."", ""Follow the on-screen instructions for OS installation."", ""Check BIOS settings if boot issues occur."", ""Ensure the drive is properly connected and recognized.""]",The user is facing issues with a fresh OS installation on a drive without an OS. This typically involves ensuring the installation media is correctly set up and the system is configured to boot from it.,"{""needs_human"": false, ""needs_llm_escalation"": false, ""policy_gap"": false, ""reasons"": []}",,,,,,,,
